caption_index,video_id,sport,caption_id,caption
0,video1623,basketball,0,a basketball game being played
1,video1623,basketball,1,a basketball player runs down the court and scores
2,video1623,basketball,2,a basketball player shoots a layup
3,video1623,basketball,3,a clip of basketball game dunk
4,video1623,basketball,4,a person is explaining something
5,video1623,basketball,5,a team members scores in a basketball match
6,video1623,basketball,6,athletes score points for their teams
7,video1623,basketball,7,commentary of a basket ball match
8,video1623,basketball,8,guy slam dunks and scores a point
9,video1623,basketball,9,men are playing basketball
10,video1623,basketball,10,men are playing basketball
11,video1623,basketball,11,people are playing basketball
12,video1623,basketball,12,people play basketball
13,video1623,basketball,13,person playing a game
14,video1623,basketball,14,players playing basketball and someone dunking
15,video1623,basketball,15,the people are playing basket ball
16,video1623,basketball,16,the person is dunking a basketball
17,video1623,basketball,17,the players are playing basket ball
18,video1623,basketball,18,there are men playing basketball
19,video1623,basketball,19,a basketball player runs down the court and scores
20,video1667,basketball,0,a basketball player does a slam dunk
21,video1667,basketball,1,a man does basketball trick shots
22,video1667,basketball,2,a man is dunking
23,video1667,basketball,3,a man preforms a slam dunk
24,video1667,basketball,4,a video clip showcasing basketball dunks
25,video1667,basketball,5,a video shows men performing athletic and impressive basketball dunks
26,video1667,basketball,6,different people doing tricks with a basketball
27,video1667,basketball,7,man does backflips then a slam dunk
28,video1667,basketball,8,men are dunking a basketball
29,video1667,basketball,9,men are jumping over each other to dunk a basketball
30,video1667,basketball,10,men are shown in different places playing basketball
31,video1667,basketball,11,men dunking basketball clips
32,video1667,basketball,12,men slam dunking a basketball
33,video1667,basketball,13,people are playing basket ball
34,video1667,basketball,14,people make basketball dunks
35,video1667,basketball,15,people playing basketball
36,video1667,basketball,16,the men are doing dunking tricks on the courts
37,video1667,basketball,17,this is a sporting video depicting basketball
38,video1667,basketball,18,this video is all about basketball
39,video1667,basketball,19,people playing basketball
40,video2101,basketball,0,a basketball player shoots a basket
41,video2101,basketball,1,a clip of basketball highlights
42,video2101,basketball,2,a man shoots a basketball
43,video2101,basketball,3,a montage of basketball players dunking the ball
44,video2101,basketball,4,a player bounces the a basketball off the headboard while another player swoops in and throws it in
45,video2101,basketball,5,a rap song plays over a basketball game
46,video2101,basketball,6,a scene from a basket ball game
47,video2101,basketball,7,a video of a professional basketball game
48,video2101,basketball,8,basketball game set to music
49,video2101,basketball,9,basketball gameplay is shown
50,video2101,basketball,10,basketball player playing in a game
51,video2101,basketball,11,basketball players make successful baskets while music plays
52,video2101,basketball,12,its a basket ball game
53,video2101,basketball,13,people are playing basketball
54,video2101,basketball,14,people playing pro basketball
55,video2101,basketball,15,several basketball clips with a music background
56,video2101,basketball,16,some men are playing basketball
57,video2101,basketball,17,several basketball clips with a music background
58,video2101,basketball,18,people playing pro basketball
59,video2101,basketball,19,a basketball player shoots a basket
60,video2161,basketball,0,a basket ball game between the lakers and the heat
61,video2161,basketball,1,a basketball game with a replay of a slam dunk
62,video2161,basketball,2,a basketball match and a player is putting a ball into the basket
63,video2161,basketball,3,a basketball player is putting the ball into the basket from distance
64,video2161,basketball,4,a couple of slam dunk highlights from nba games
65,video2161,basketball,5,a man makes a basket
66,video2161,basketball,6,a man performs a slam dunk in a basketball game
67,video2161,basketball,7,a man scores a goal in basketball
68,video2161,basketball,8,a player dunks the ball in a basketball game
69,video2161,basketball,9,a professional basketball game is taking place
70,video2161,basketball,10,an announcer briefly talks about a basketball star
71,video2161,basketball,11,basketball player slam dunking
72,video2161,basketball,12,commentary of a basket ball match
73,video2161,basketball,13,commentators talk about a basketball game
74,video2161,basketball,14,gerald green of the phoenix suns is going up for an extraordinary dunk
75,video2161,basketball,15,guys running up a court
76,video2161,basketball,16,player dunked the basketball
77,video2161,basketball,17,teams are playing basketball
78,video2161,basketball,18,the phoenix suns play basketball
79,video2161,basketball,19,the players played ball
80,video2305,basketball,0,a man with red shorts on is trying to hit some hoops
81,video2305,basketball,1,a man shoots a series of basketball trick shots from long range
82,video2305,basketball,2,two guys practicing basket ball and trying stunts
83,video2305,basketball,3,basket ball players are playing ball
84,video2305,basketball,4,a bearded teenager stands away from the side of a gym hoop under a slanted and gridded ceiling and throws a basketball through the hoop
85,video2305,basketball,5,in the basketball indoor stadium the black and red shirt player and black shirt and black pant players are taking practice
86,video2305,basketball,6,a man is practicing a volley ball game
87,video2305,basketball,7,guy putting the basketball into the basket
88,video2305,basketball,8,a basketball player in an indoor court along with his friend demonstrates a perfect side court basket shot
89,video2305,basketball,9,guy with ball in hands the he dropped on box another man standing on same place
90,video2305,basketball,10,two boys one in black and one in red shorts are playing basketball
91,video2305,basketball,11,a man looks into the camera before he and a friend take very far three point shots
92,video2305,basketball,12,two guys showing side shots of baskeball while the other watches
93,video2305,basketball,13,a young man demonstrates a basketball shot in a school gym
94,video2305,basketball,14,a man wearing red shorts soots a ball into a hoop then another man does the same
95,video2305,basketball,15,a blue color dress cloth boy holding ball in hand explayning how to position ball throwing and putting in net displaying on screen
96,video2305,basketball,16,a boy in blue dress color wearing cloth standing inside ground and putting ball into net playing basket ball game displaying on screen
97,video2305,basketball,17,a boy in blue color dress standing holding a ball in hand and throwing into net basket ball speaking displaying on screen
98,video2305,basketball,18,a man shooting basketball into a hoop on an indoor basketball court
99,video2305,basketball,19,some people in a court are doing something
100,video2390,basketball,0,a basketball game is played
101,video2390,basketball,1,a basketball player performs two slam dunks
102,video2390,basketball,2,a highlight reel shows several sports clips
103,video2390,basketball,3,a man is dribbling
104,video2390,basketball,4,a man is jumping and putting the basketball in the basket
105,video2390,basketball,5,a man is speaking to a reporter
106,video2390,basketball,6,a man is standing
107,video2390,basketball,7,basket ball playing by players
108,video2390,basketball,8,basketball player making dunk shots during a game
109,video2390,basketball,9,grown men are playing basketball
110,video2390,basketball,10,highlight of basketball game with exciting dunk by player
111,video2390,basketball,11,hip hop music playing as a basketball game is shown
112,video2390,basketball,12,people are playing basketball
113,video2390,basketball,13,people are playing basketball
114,video2390,basketball,14,player dunked the basketball
115,video2390,basketball,15,players playing basket ball
116,video2390,basketball,16,several views of a basketball player dunking a ball are shown
117,video2390,basketball,17,shows the crowd then basketball players playing basketball
118,video2390,basketball,18,there are different clips of a basketball game
119,video2390,basketball,19,hip hop music playing as a basketball game is shown
120,video2877,basketball,0,a basketball player shoots a layup
121,video2877,basketball,1,a man shoots a basketball
122,video2877,basketball,2,a player trickly taking the ball to put a goal
123,video2877,basketball,3,a terrific basket ball play
124,video2877,basketball,4,basket ball players playing a tournament
125,video2877,basketball,5,it is a clip of chicago bulls basketball players
126,video2877,basketball,6,it is about a basket ball competition
127,video2877,basketball,7,michael jordan is clowning on other players during a game
128,video2877,basketball,8,michael jordan is playing basketball
129,video2877,basketball,9,micheal jordon playing basketball
130,video2877,basketball,10,people are playing basket ball
131,video2877,basketball,11,people are playing basketball
132,video2877,basketball,12,player dunked the basketball
133,video2877,basketball,13,popular highlights of micheal jordan
134,video2877,basketball,14,scene from a basketball game
135,video2877,basketball,15,the video contains classic basketball games from the past
136,video2877,basketball,16,there is a professional basketball game and someone is making a basket
137,video2877,basketball,17,this is basketball video
138,video2877,basketball,18,video of athletes performing amazing plays
139,video2877,basketball,19,people are playing basketball
140,video2994,basketball,0,a basketball game is played and commentated
141,video2994,basketball,1,a basketball player (kobe bryant) runs toward the basket and dunks it in
142,video2994,basketball,2,a basketball player dunking the ball
143,video2994,basketball,3,a basketball player dunks the ball
144,video2994,basketball,4,a basketball player shoots a basket
145,video2994,basketball,5,a basketball player shoots a slam dunk into a hoop
146,video2994,basketball,6,a clip of a kobe bryant basketball play
147,video2994,basketball,7,a pro basketball game
148,video2994,basketball,8,a woman talking on talkshow
149,video2994,basketball,9,coby bryant slam dunks a ball during a basket ball game
150,video2994,basketball,10,guy in a purple jersey scores a basket in a basketball game
151,video2994,basketball,11,kobe bryant dunks between two other players
152,video2994,basketball,12,kobe bryant makes a slam dunk
153,video2994,basketball,13,kobe bryant making a slam dunk
154,video2994,basketball,14,kobe is playing basketball
155,video2994,basketball,15,players playing basket ball
156,video2994,basketball,16,the player shoots the ball perfectly
157,video2994,basketball,17,a woman talking on talkshow
158,video2994,basketball,18,coby bryant slam dunks a ball during a basket ball game
159,video2994,basketball,19,a clip of a kobe bryant basketball play
160,video3050,basketball,0,a basketball player hitting a last second shot
161,video3050,basketball,1,a basketball player is scoring a basket
162,video3050,basketball,2,a basketball player lands a shot from half court
163,video3050,basketball,3,a basketball player makes a long shot at the last second
164,video3050,basketball,4,a man describing a basketball shot
165,video3050,basketball,5,a man is playing basketball
166,video3050,basketball,6,a man makes a basket
167,video3050,basketball,7,a man throws a basketball into a hoop
168,video3050,basketball,8,a person shoots basketball in to the ring
169,video3050,basketball,9,a sportscaster talks about an exciting end of game play
170,video3050,basketball,10,basketball player makes a full court shot
171,video3050,basketball,11,basketball player throws ball to the basket
172,video3050,basketball,12,many people are playing a game
173,video3050,basketball,13,men playing basketball
174,video3050,basketball,14,people are playing basketball
175,video3050,basketball,15,players playing basketball
176,video3050,basketball,16,someone is commentating basketball
177,video3050,basketball,17,the man makes the buzzer beater
178,video3050,basketball,18,the people are playing basket ball
179,video3050,basketball,19,a basketball player is scoring a basket
180,video3075,basketball,0,a man points at the concrete driveway and a man attempts a long shot to a basketball goal and misses
181,video3075,basketball,1,there is a man playing with a ball lonely
182,video3075,basketball,2,a person is showing a black car and a man is playing basketball
183,video3075,basketball,3,two friends play a game of h
184,video3075,basketball,4,a young man throws a very long basketball shot and misses
185,video3075,basketball,5,a kid attempts a very long basketball shot from a driveway
186,video3075,basketball,6,the boy throws the basket ball in to the basket from a very far distance
187,video3075,basketball,7,a man attempts a free throw shot from a driveway in a suburban neighborhood to a basketball hoop in a cul-de-sac at an impressive distance
188,video3075,basketball,8,man points at sidewalk and another man shoots a ball towards a hoop and misses
189,video3075,basketball,9,a person is standing in a driveway and shoots a basketball into a hoop from a far distance
190,video3075,basketball,10,two friends take a challenge of throwing the ball into the basket some distance away and one wins
191,video3075,basketball,11,a young man makes a long distance shot with a basketball
192,video3075,basketball,12,a kid shoots and makes the ball from far away
193,video3075,basketball,13,a guy shoots a basketball from the driveway at a far distance from the basketball hoop
194,video3075,basketball,14,man is showing his basketball skills outdoors
195,video3075,basketball,15,person is having fun with other person and playing basketball
196,video3075,basketball,16,a couple of boys are playing basketball trick shots in the driveway
197,video3075,basketball,17,the boys play basketball in the driveway of the house
198,video3075,basketball,18,a person is throwing a ball out side
199,video3075,basketball,19,a person points to a basketball court in the street from his driveway another young man comes on the screen and in a tshirt
200,video3541,basketball,0,three basketball players in orange shirts perform fantastic moves
201,video3541,basketball,1,a team of skilled basketball players are demonstrating their skills on the court
202,video3541,basketball,2,basketball players are all practising in indoor stadium
203,video3541,basketball,3,there are some people playing basket ballwith tricks
204,video3541,basketball,4,there are some people playing basket ballwith tricks
205,video3541,basketball,5,several people are doing wild stunts using a basketball in front of a crowd of people
206,video3541,basketball,6,young men try to dunk the ball with help from a spring board
207,video3541,basketball,7,the men fly in the air and do a trick on the goal
208,video3541,basketball,8,different men doing tricks while putting a basketball in the hoop
209,video3541,basketball,9,few guys showing a show on how differently they basket the ball
210,video3541,basketball,10,few persons makes some tricks on how they basket ball people watching them around
211,video3541,basketball,11,people completing amazing shots with basketballs outside with people watching
212,video3541,basketball,12,young athletic men are preforming very creative slam dunks on a basketball court
213,video3541,basketball,13,men in orange jerseys are participating in a dunk competition
214,video3541,basketball,14,men jump on trampolines while throwing a basketball ball at the loop
215,video3541,basketball,15,a man runs and leaps off a trampoline and dunks a basketball
216,video3541,basketball,16,some guys do some big crazy jumps while playing basketball
217,video3541,basketball,17,a boys in yellow dresses jumping and playing basket ball game audience watching displaying on screen
218,video3541,basketball,18,a boys in yellow dresses jumping and playing basket ball game audience watching displaying on screen
219,video3541,basketball,19,a group of players are playing with ball in a ground
220,video3628,basketball,0,a basketball highlight reel shows good and funny shots
221,video3628,basketball,1,a basketball player shoots a basket
222,video3628,basketball,2,a basketball players are having problems
223,video3628,basketball,3,a clip showcasing bloopers taking place during basketball games
224,video3628,basketball,4,a man is jumping
225,video3628,basketball,5,a professional basketball game with some audience members in costume
226,video3628,basketball,6,a video montage of basketball plays with music
227,video3628,basketball,7,basket ball players are running in the ground
228,video3628,basketball,8,basketabll players are being shown in short clips
229,video3628,basketball,9,basketball bloopers are shown
230,video3628,basketball,10,basketball players are shown falling and making mistakes during a game
231,video3628,basketball,11,basketball players fall during the game while some constumed fans in attendance dance
232,video3628,basketball,12,bloopers from basketball games and fan footage
233,video3628,basketball,13,the basketball failed at dunking
234,video3628,basketball,14,the basketball player falls on his butt
235,video3628,basketball,15,the funny incidents of grounds
236,video3628,basketball,16,various clips of basketball bloopers
237,video3628,basketball,17,basketball players are shown falling and making mistakes during a game
238,video3628,basketball,18,a video montage of basketball plays with music
239,video3628,basketball,19,the funny incidents of grounds
240,video3661,basketball,0,a basketball player does a dunk
241,video3661,basketball,1,a basketball player is making a dunk
242,video3661,basketball,2,a basketball player performs a slam dunk
243,video3661,basketball,3,a basketball player slam dunks the ball
244,video3661,basketball,4,a black man is performing a slam dunk in basketball
245,video3661,basketball,5,a clip of a basketball game is depicted
246,video3661,basketball,6,a man in a slamdunk contest
247,video3661,basketball,7,a man makes a slam dunk
248,video3661,basketball,8,a man slam dunks
249,video3661,basketball,9,a nba clip of a slam dunk
250,video3661,basketball,10,an nba player is making a slam dunk
251,video3661,basketball,11,announcers are talking about a basketball game
252,video3661,basketball,12,reactions at a basketball game are being shown
253,video3661,basketball,13,sports highlights are displayed
254,video3661,basketball,14,the crowd is cheering during a basketball game
255,video3661,basketball,15,this is a basketball game video
256,video3661,basketball,16,vince carter is participating in a dunk contest
257,video3661,basketball,17,this is a basketball game video
258,video3661,basketball,18,reactions at a basketball game are being shown
259,video3661,basketball,19,sports highlights are displayed
260,video3764,basketball,0,a basketball player dunking
261,video3764,basketball,1,a basketball player dunks the basketball into the basket
262,video3764,basketball,2,a basketball player making a dunk
263,video3764,basketball,3,a basketball player slam dunks the ball
264,video3764,basketball,4,a basketball player slam dunks the basket
265,video3764,basketball,5,a woman talking on talkshow
266,video3764,basketball,6,andrew wiggins slam drunks on omer asik in a nba game
267,video3764,basketball,7,commentators speak over a basketball game
268,video3764,basketball,8,footage of anthony wiggins playing ball
269,video3764,basketball,9,guy makes a basket in a basketball game
270,video3764,basketball,10,men are playing basketball
271,video3764,basketball,11,men are playing professional basketball
272,video3764,basketball,12,players are playing basketball
273,video3764,basketball,13,scene from a baseball game
274,video3764,basketball,14,the player dunks on the other man
275,video3764,basketball,15,two basketball teams face off while one player slam dunks the ball into the hoop
276,video3764,basketball,16,young men play college basketball
277,video3764,basketball,17,a basketball player dunking
278,video3764,basketball,18,a basketball player dunks the basketball into the basket
279,video3764,basketball,19,the player dunks on the other man
280,video3802,basketball,0,a basketball player shoots a layup
281,video3802,basketball,1,a group of men are playing a game of basketball
282,video3802,basketball,2,a gym full of men playing basketball
283,video3802,basketball,3,a man explains how he fought his way on to the team
284,video3802,basketball,4,a man gives commentary for a basketball game
285,video3802,basketball,5,a man makes a slam dunk on a basketball court
286,video3802,basketball,6,a man shoots a basketball
287,video3802,basketball,7,a player is placing the basketball into the basket in training
288,video3802,basketball,8,a short clip showing a basketball player practicing
289,video3802,basketball,9,basket ball game is progressing
290,video3802,basketball,10,bunch of guys playing basketball
291,video3802,basketball,11,guys playing basketball on court
292,video3802,basketball,12,he did a slam dunk
293,video3802,basketball,13,matt barnes is still in the nba
294,video3802,basketball,14,men practicing basketball in a gymnasium
295,video3802,basketball,15,people are playing basketball
296,video3802,basketball,16,people are playing sports in the ground
297,video3802,basketball,17,players playing basket ball in basket ball ground
298,video3802,basketball,18,someone is playing video game
299,video3802,basketball,19,a man gives commentary for a basketball game
300,video3986,basketball,0,a basketball player makes a slam dunk
301,video3986,basketball,1,a basketball team is playing a match
302,video3986,basketball,2,a man describes a video game
303,video3986,basketball,3,a man dunks a basketball in a video game
304,video3986,basketball,4,a player is jumping and putting the basketball into the basket
305,video3986,basketball,5,a replay of a basketball video game play
306,video3986,basketball,6,a video replay of a slam dunk during a video basketball game
307,video3986,basketball,7,a young man discusses and demonstrates the way to play a video game
308,video3986,basketball,8,baseket ball players by the basketball hoop
309,video3986,basketball,9,gameplay footage of nba live
310,video3986,basketball,10,gameplay footage of someone playing a basketball game
311,video3986,basketball,11,nba video game players competing with each other
312,video3986,basketball,12,playing a basket ball game
313,video3986,basketball,13,somebody scores while playing a basketball video game
314,video3986,basketball,14,the basketball game is only a video game
315,video3986,basketball,15,the man wearing jersey 22 made a basket in that game
316,video3986,basketball,16,video game characters are playing basketball on a court
317,video3986,basketball,17,somebody scores while playing a basketball video game
318,video3986,basketball,18,the man wearing jersey 22 made a basket in that game
319,video3986,basketball,19,baseket ball players by the basketball hoop
320,video3997,basketball,0,a basketball player goes up for a dunk but gets rejected by the other team
321,video3997,basketball,1,a man saves a ball in basketball
322,video3997,basketball,2,a player blocks a shot and a different player dunks in two different nba games
323,video3997,basketball,3,a vine is shown of different sport highlights
324,video3997,basketball,4,basketball players play on a court
325,video3997,basketball,5,highlights of a basketball game are playing
326,video3997,basketball,6,people are playing basket ball
327,video3997,basketball,7,people are playing sports
328,video3997,basketball,8,people are playing sports
329,video3997,basketball,9,playing volley ball and they keeping goal
330,video3997,basketball,10,professional basketball teams play a basketball game at a stadium
331,video3997,basketball,11,rap music plays as two basketball teams (one in blue and one in white) play and the camera cuts to another game
332,video3997,basketball,12,short replays of basketball games
333,video3997,basketball,13,some guy s are playing a basketball in a basket ball court
334,video3997,basketball,14,the basket ball match between the two teams
335,video3997,basketball,15,various basketball clips shown randomly of different games
336,video3997,basketball,16,video of a basketball player getting completely blocked by his opponent while going for a layup
337,video3997,basketball,17,highlights of a basketball game are playing
338,video3997,basketball,18,short replays of basketball games
339,video3997,basketball,19,highlights of a basketball game are playing
340,video4177,basketball,0,a basketball game is occurring
341,video4177,basketball,1,a basketball game is shown and talked about
342,video4177,basketball,2,a basketball player is dunking the ball
343,video4177,basketball,3,a basketball player slam dunks the ball
344,video4177,basketball,4,a basketball player slam dunks the ball
345,video4177,basketball,5,a man dunks a basketball
346,video4177,basketball,6,a man is jumping
347,video4177,basketball,7,a man is performing a slam dunk in basketball
348,video4177,basketball,8,basketball players making dunk shots
349,video4177,basketball,9,clips of players during nba games
350,video4177,basketball,10,highlights from a spurs and lakers game
351,video4177,basketball,11,highlights from basketball games
352,video4177,basketball,12,in a backetball game a player scores a slam dunk
353,video4177,basketball,13,men are playing basketball on the court
354,video4177,basketball,14,people playing professional basketball
355,video4177,basketball,15,some guy s are playing basket ball in a basket ball court
356,video4177,basketball,16,teams are playing basketball
357,video4177,basketball,17,video of athletes performing amazing plays
358,video4177,basketball,18,in a backetball game a player scores a slam dunk
359,video4177,basketball,19,teams are playing basketball
360,video4337,basketball,0,a basketball player is missing a shot
361,video4337,basketball,1,a basketball player is scoring a hoop
362,video4337,basketball,2,a basketball player performs a 3-pointer
363,video4337,basketball,3,a basketball player scoring
364,video4337,basketball,4,a three pointer is made in basketball
365,video4337,basketball,5,a three-point shot is scored in basketball
366,video4337,basketball,6,basket ball players playing a tournament
367,video4337,basketball,7,basketball coach walks away from court looking disappointed
368,video4337,basketball,8,basketball player are playing basketball
369,video4337,basketball,9,compilation of popular sports clips
370,video4337,basketball,10,man commenting about a basketball game
371,video4337,basketball,11,new orleans won the basketball game
372,video4337,basketball,12,people play a basketball game
373,video4337,basketball,13,scenes from a sports game
374,video4337,basketball,14,sports highlights are displayed
375,video4337,basketball,15,teams are playing basketball on the court
376,video4337,basketball,16,basketball coach walks away from court looking disappointed
377,video4337,basketball,17,scenes from a sports game
378,video4337,basketball,18,compilation of popular sports clips
379,video4337,basketball,19,a basketball player scoring
380,video4420,basketball,0,a basketball player dunks a basketball and is evaluated by a voiceover
381,video4420,basketball,1,a basketball player dunks the ball
382,video4420,basketball,2,a basketball player s wingspan is examined
383,video4420,basketball,3,a clip of a basketball player and davinci s vitruvian man are shown
384,video4420,basketball,4,a commentator talks about the wingspan of a basketball player
385,video4420,basketball,5,a man cooking food
386,video4420,basketball,6,a man is discussing the height of a particular basketball player
387,video4420,basketball,7,a man is jumping high above to put the ball
388,video4420,basketball,8,a narrator is speaking about the proportions of the human body
389,video4420,basketball,9,a team is playing a basketball game
390,video4420,basketball,10,basketball game highlights and advertisement
391,video4420,basketball,11,documentary about the basketball player
392,video4420,basketball,12,highlight from nba game
393,video4420,basketball,13,people are watching a movie
394,video4420,basketball,14,person talking about athlete
395,video4420,basketball,15,some men are playing a basketball game
396,video4420,basketball,16,some people are playing basketball
397,video4420,basketball,17,sports man playing in the ground
398,video4420,basketball,18,a clip of a basketball player and davinci s vitruvian man are shown
399,video4420,basketball,19,person talking about athlete
400,video4561,basketball,0,a basketball player does a slam dunk
401,video4561,basketball,1,a basketball player dunking
402,video4561,basketball,2,a basketball player scores points
403,video4561,basketball,3,a basketball player shoots a basket
404,video4561,basketball,4,a basketball player slam dunks the ball into the goal
405,video4561,basketball,5,a clip showing a basketball dunk
406,video4561,basketball,6,a commentator does a play by play of a basketball game
407,video4561,basketball,7,basketball players playing basketball in a stadium
408,video4561,basketball,8,basketball players put on a show
409,video4561,basketball,9,cartoons are laughing
410,video4561,basketball,10,compilation of popular sports clips
411,video4561,basketball,11,guy makes a basket
412,video4561,basketball,12,james harden dunks in a basketball game
413,video4561,basketball,13,men are playing basket ball
414,video4561,basketball,14,people are playing basketball
415,video4561,basketball,15,people are watching a sports game
416,video4561,basketball,16,professionals are playing basketball
417,video4561,basketball,17,a commentator does a play by play of a basketball game
418,video4561,basketball,18,a basketball player scores points
419,video4561,basketball,19,a basketball player does a slam dunk
420,video5208,basketball,0,in a basketball court players are trying to put the ball through a hoop
421,video5208,basketball,1,there is a man scoring in a basket ball game
422,video5208,basketball,2,two teams of basketball players are playing a game on a basketball court
423,video5208,basketball,3,superb basketball game is going on in the court before a large group of spectators
424,video5208,basketball,4,a short compilation of nba basketball highlights from two different games
425,video5208,basketball,5,a basketball sequence is displayed with a particularly fast paced action
426,video5208,basketball,6,a player runs bounces the basketball once leaps in the air dunks the ball in the hoop squats down and straightens up
427,video5208,basketball,7,a basketball player dunks on another player while one member of the other team hits a buzzer-beater
428,video5208,basketball,8,several men are throwing a basketball into a hoop and then running down a court to throw the ball in another hoop
429,video5208,basketball,9,players passing ball and scoring a point in a basket ball match
430,video5208,basketball,10,players passing the ball and shooting it in the basket in a basket ball match
431,video5208,basketball,11,in a basket ball match a player tackles the oponent and shoot a goal
432,video5208,basketball,12,a turnover turns into a nice dunk in transition during a basketball game
433,video5208,basketball,13,in the nba slam dunk in somebody s face can really hurt their feelings
434,video5208,basketball,14,a tall basketball player dunking and scoring a good three-point shoot
435,video5208,basketball,15,a blue and white color dress players playing game basket ball inside a stadium audience watching displaying on screen
436,video5208,basketball,16,a group of young men play an exciting game of basketball
437,video5208,basketball,17,various young men play an exciting game of basketball
438,video5208,basketball,18,a basketball game is played between two nba teams
439,video5208,basketball,19,some men on a court are playing basket ball
440,video5261,basketball,0,a volley ball player in yellow is performing basic basic playing skill crossing 2 players
441,video5261,basketball,1,a clip giving you tips on altering your speed in order ot play better basketball
442,video5261,basketball,2,it was a basket ball show where the yellow team made a goal
443,video5261,basketball,3,it was a reply of the match which played to see that they are some times slow and sometimes very fast
444,video5261,basketball,4,an offense basketball player makes a move to get around a defenseman passes the ball and gives his teammate a chance to shoot
445,video5261,basketball,5,a team wearing yellow playing basketball against a team wearing blue
446,video5261,basketball,6,basketball players are wearing yellow uniforms the other men are wearing blue the man talking is describing defence
447,video5261,basketball,7,a basketball game is going on a commentator is explaining how the players on the screen can help increase your skill
448,video5261,basketball,8,a basketball game is occuring the yellow team is performing very well
449,video5261,basketball,9,some tips to make your basketball game more effective to help win that game
450,video5261,basketball,10,a yellow dress player and blue dress player playing volley ball
451,video5261,basketball,11,basketball player fools the player guarding him and goes to make a basket
452,video5261,basketball,12,a man explains techniques for playing basketball over a slow-motion video of a professional basketball game
453,video5261,basketball,13,a man talks about different ways to make plays in a basketball game
454,video5261,basketball,14,a few men on a basketball court play against each other and one dunks
455,video5261,basketball,15,two teams playing basket ball on a court with one wearing yellow and other wearing blue jersey
456,video5261,basketball,16,a man is tallking about the way you play basketball and the effects it will have
457,video5261,basketball,17,basketball players wearing yellow and blue uniforms play basketball and a man talks
458,video5261,basketball,18,the players in yellow are scoring points in the game
459,video5261,basketball,19,a group of young men play a game of basketball
460,video5436,basketball,0,a basketball player celebrates with his team
461,video5436,basketball,1,a basketball player does a slam dunk
462,video5436,basketball,2,a basketball player is amped up during a game
463,video5436,basketball,3,a basketball player showing his anger
464,video5436,basketball,4,a basketball player slam dunking a ball
465,video5436,basketball,5,a boys basketball game
466,video5436,basketball,6,a clip from a basketball game
467,video5436,basketball,7,a magnificent basket ball play is continuing
468,video5436,basketball,8,a man dunks a basketball
469,video5436,basketball,9,a man is playing basketball
470,video5436,basketball,10,a man looks ticked during a clip from a basketball game
471,video5436,basketball,11,a player saying something very angry
472,video5436,basketball,12,basketball players are shooting basketball at a game
473,video5436,basketball,13,men are playing basketball
474,video5436,basketball,14,norris cole getting hype when teammate dunks on wizard player
475,video5436,basketball,15,some guy s are playing basket ball in a basket ball court
476,video5436,basketball,16,the man dunks on his opponent
477,video5436,basketball,17,two players are playing volley ball
478,video5436,basketball,18,some guy s are playing basket ball in a basket ball court
479,video5436,basketball,19,men are playing basketball
480,video5926,basketball,0,a basketball player is dunking
481,video5926,basketball,1,a clip of a basketball player football play and soccer play set to music
482,video5926,basketball,2,a man dunks a basketball in a hoop a football player slams into another player and a soccer goalie deflects a ball from the goal
483,video5926,basketball,3,a mash of sports and football clips
484,video5926,basketball,4,a sports clip about soccer
485,video5926,basketball,5,a team is playing a basketball game
486,video5926,basketball,6,a vine video of football clips both soccer and american football
487,video5926,basketball,7,athletes are doing sports like football and basketball
488,video5926,basketball,8,blooper clips are showing while music is playing in the background
489,video5926,basketball,9,clips from various sports games
490,video5926,basketball,10,men are playing sports
491,video5926,basketball,11,people are playing sports
492,video5926,basketball,12,players playing on the ground
493,video5926,basketball,13,scenes from a basketball game football game and soccer game provided by vine video
494,video5926,basketball,14,short sports clipsfootball and soccer
495,video5926,basketball,15,some guy s are playing basket ball in a basket ball court
496,video5926,basketball,16,some people are playing sports
497,video5926,basketball,17,sports vine clips of basketball football and soccer
498,video5926,basketball,18,the foootball players on a ground
499,video5926,basketball,19,various sports vines are shown
500,video5987,basketball,0,a basketball player makes a basket in a video game
501,video5987,basketball,1,a basketball video game where a player scores
502,video5987,basketball,2,a game is being played
503,video5987,basketball,3,a game is being played
504,video5987,basketball,4,a man playing video games
505,video5987,basketball,5,a person is playing a computer online game
506,video5987,basketball,6,a person is playing a video game
507,video5987,basketball,7,a video game of basketball
508,video5987,basketball,8,a video game of basketball
509,video5987,basketball,9,gameplay footage of someone playing a game
510,video5987,basketball,10,men are playing a game of basketball
511,video5987,basketball,11,people are playing basket ball
512,video5987,basketball,12,somebody playing a basketball video game
513,video5987,basketball,13,someone is playing a basketball game
514,video5987,basketball,14,someone is playing nba in the video and scores
515,video5987,basketball,15,two teams playing basketball on a video game
516,video5987,basketball,16,a game is being played
517,video5987,basketball,17,a person is playing a video game
518,video5987,basketball,18,a basketball player makes a basket in a video game
519,video5987,basketball,19,a basketball player makes a basket in a video game
520,video7453,basketball,0,a basketball player is jumping
521,video7453,basketball,1,a basketball player jumping and touching a backboard
522,video7453,basketball,2,a basketball player jumps and touches the backboard
523,video7453,basketball,3,a basketball player jumps to the top of the hoop board
524,video7453,basketball,4,a basketball player test his vertacle jump
525,video7453,basketball,5,a basketballer touches the top of the board
526,video7453,basketball,6,a guy jumping to touch basketball goal
527,video7453,basketball,7,a man is jumping and touching a basket ball post in a basket ball court
528,video7453,basketball,8,a man is practicing sports
529,video7453,basketball,9,a man is trying to touch the top of a basketball backboard
530,video7453,basketball,10,a man jumps high
531,video7453,basketball,11,a man touches the backboard
532,video7453,basketball,12,a sports man is doing excise
533,video7453,basketball,13,someone making a jump shot
534,video7453,basketball,14,sports science basketball dunk
535,video7453,basketball,15,video of a basketball player touching the backboard
536,video7453,basketball,16,a basketball player test his vertacle jump
537,video7453,basketball,17,a sports man is doing excise
538,video7453,basketball,18,someone making a jump shot
539,video7453,basketball,19,a man is practicing sports
540,video760,basketball,0,a basketball player is about to slam dunk
541,video760,basketball,1,a basketball player jumping to dunk a ball
542,video760,basketball,2,a man is describing michael jordans last dunk
543,video760,basketball,3,a man is dunking a basketball
544,video760,basketball,4,a man is playing basketball
545,video760,basketball,5,a man is talking about michael jordan the basketball player
546,video760,basketball,6,a man is talking about michael jordan
547,video760,basketball,7,a man narrates a program about michael jordan
548,video760,basketball,8,a man talking about michael jackson s last basket
549,video760,basketball,9,a narrarator talks about michael jordan s last score
550,video760,basketball,10,a still image of michael jordan shooting his final basket while a voice lists off his stats and career achievements
551,video760,basketball,11,a still image shows a basketball player slam dunking the ball
552,video760,basketball,12,guy talking about backetball player micheal jordan
553,video760,basketball,13,man describing michael jordan basket
554,video760,basketball,14,people are playing sports
555,video760,basketball,15,sports clips are being shown about basketball
556,video760,basketball,16,the player is jumping to make a basket ball goal
557,video760,basketball,17,the sports images are going on
558,video760,basketball,18,the star is in the air with the balll
559,video760,basketball,19,a basketball player jumping to dunk a ball
560,video8091,basketball,0,a basketball game being played on a court
561,video8091,basketball,1,a basketball player gets blocked
562,video8091,basketball,2,a bunch of sports clips
563,video8091,basketball,3,a clip from a sports vines compilation playing basketball
564,video8091,basketball,4,a highlight reel of sports videos are playing
565,video8091,basketball,5,a man scores a goal in basketball
566,video8091,basketball,6,a special songs for the game
567,video8091,basketball,7,a vine shows different sporting highlights
568,video8091,basketball,8,an nba bulls player is going up for the dunk
569,video8091,basketball,9,basket ball is going on
570,video8091,basketball,10,basketball players like michael jordan free throw line dunk and make other plays
571,video8091,basketball,11,basketball vine sports clips
572,video8091,basketball,12,clips from a basketball are being shown
573,video8091,basketball,13,official sports video shows different sports activities
574,video8091,basketball,14,people are playing sports
575,video8091,basketball,15,sports are being played
576,video8091,basketball,16,sports highlight video of big plays
577,video8091,basketball,17,sports man playing on a field
578,video8091,basketball,18,young players are playing handball
579,video8091,basketball,19,an nba bulls player is going up for the dunk
580,video880,basketball,0,a basketball player runs on court
581,video880,basketball,1,a basketball team is celebrating a winning game
582,video880,basketball,2,a group is playing football
583,video880,basketball,3,a group of athletes celebrate together
584,video880,basketball,4,a slow motion clip of a basketball team s pregame celebration plays
585,video880,basketball,5,an athlete is going onto a basketball court
586,video880,basketball,6,basketball players are shown playing basketball
587,video880,basketball,7,basketball players congratulating each other
588,video880,basketball,8,basketball players get excited before a game before it cuts to a player scoring a point after dunking the ball
589,video880,basketball,9,footage of a basketball team preparing to play
590,video880,basketball,10,it is a montage of the clippers with music playing
591,video880,basketball,11,men are playing basketball in a nba game
592,video880,basketball,12,men in track suits on basketball court
593,video880,basketball,13,men playing basketball
594,video880,basketball,14,players are playing basket ball
595,video880,basketball,15,slow motion basketball while music plays
596,video880,basketball,16,some guys are playing basketball
597,video880,basketball,17,the los angeles clippers basketball team is shown
598,video880,basketball,18,two group of players playing basket ball
599,video880,basketball,19,players are playing basket ball
600,video8859,basketball,0,a basketball player dunks the ball and another falls
601,video8859,basketball,1,a basketball player dunks the ball
602,video8859,basketball,2,a clip of basketball dunk
603,video8859,basketball,3,a man dunks a basketball
604,video8859,basketball,4,a man is making a slam dunk in basketball
605,video8859,basketball,5,a man performs a dunk while the defending player falls to the ground
606,video8859,basketball,6,a man slam dunks on his opponent
607,video8859,basketball,7,a man taking a shot in a basketball game
608,video8859,basketball,8,a player is putting the basket ball into the basket
609,video8859,basketball,9,a replay of a good basketball play to music
610,video8859,basketball,10,basketball player manages to score
611,video8859,basketball,11,basketball players are making dunks over music
612,video8859,basketball,12,boys are playing basketball
613,video8859,basketball,13,footage of guy dunking basketball
614,video8859,basketball,14,it is about a basket ball competition
615,video8859,basketball,15,men play basketball on a court
616,video8859,basketball,16,people are playing basketball
617,video8859,basketball,17,scene from a basketball game
618,video8859,basketball,18,the player dunks on the other man
619,video8859,basketball,19,scene from a basketball game
620,video8881,basketball,0,a basket ball player is laughing
621,video8881,basketball,1,a commentator is showing the height of a basketball backboard
622,video8881,basketball,2,a man describing a dunking contest record
623,video8881,basketball,3,a man is doing some scientific calculations on how to break shaq s record
624,video8881,basketball,4,a man narrates something about basketball while a video plays showing a basketball hoop
625,video8881,basketball,5,a person explaining a basketball competition rules
626,video8881,basketball,6,a sports science video about basketball
627,video8881,basketball,7,a video that shows descriptions of basketball facts
628,video8881,basketball,8,an announcer describes how difficult it is to shoot and beat shaq s records
629,video8881,basketball,9,basketball player attempts to break shaqs jump record
630,video8881,basketball,10,basketball players are getting ready to play basketball
631,video8881,basketball,11,footage from the sports science show
632,video8881,basketball,12,illustrations are shown on a basketball backboard showing how high someone will need to jump to break a record
633,video8881,basketball,13,man talking about breaking shaq s record
634,video8881,basketball,14,narrator discussing the height above a basketball hoop needed to break shaq s dunk record
635,video8881,basketball,15,people are talking about the height of a basketball rim
636,video8881,basketball,16,scene from a reality tv show
637,video8881,basketball,17,sports science basketball
638,video8881,basketball,18,the camera is rotating around a basketball hoop
639,video8881,basketball,19,a man is doing some scientific calculations on how to break shaq s record
640,video9650,basketball,0,a athlete testing his jump on a backboard
641,video9650,basketball,1,a basketball court is shown
642,video9650,basketball,2,a basketball player demonstrating that he can jump higher than the net
643,video9650,basketball,3,a basketball player in a video game jumps high
644,video9650,basketball,4,a basketball player jumping to touch to top of the backboard
645,video9650,basketball,5,a basketball player jumping
646,video9650,basketball,6,a basketball player leaps and touches the top of the backboard
647,video9650,basketball,7,a basketball player shoots a layup
648,video9650,basketball,8,a basketball playing showing his dunking skills
649,video9650,basketball,9,a man is jumping and reaching up high
650,video9650,basketball,10,a man is jumping and touching a basket ball post in a basket ball court
651,video9650,basketball,11,a man is playing basketball
652,video9650,basketball,12,a man jumping and touching the upper side of a backboard
653,video9650,basketball,13,a man jumps clear to the top of the board behind a basketball hoop
654,video9650,basketball,14,a man on a basketball court running and jumping to touch the backboard to the basketball hoop
655,video9650,basketball,15,a professional basketball player shooting hoops in a basketball court
656,video9650,basketball,16,dwight howard almost touches the top of the backboard
657,video9650,basketball,17,a basketball playing showing his dunking skills
658,video9650,basketball,18,a basketball player leaps and touches the top of the backboard
659,video9650,basketball,19,a man jumps clear to the top of the board behind a basketball hoop
660,video1103,soccer,0,a man cooking food
661,video1103,soccer,1,a man is playing soccer
662,video1103,soccer,2,a man missing a goal in soccer with his team mate assisting and making the goal
663,video1103,soccer,3,a professional soccer game with music playing in the background
664,video1103,soccer,4,a professional soccer game
665,video1103,soccer,5,a soccer player kicks a goal
666,video1103,soccer,6,a soccer player making a goal in a soccer game
667,video1103,soccer,7,a soccer player scores a goal
668,video1103,soccer,8,cheer leaders are entertaining audience
669,video1103,soccer,9,compilation of popular soccer clips
670,video1103,soccer,10,it is about a football match and scoring a goal
671,video1103,soccer,11,men are playing professional soccer
672,video1103,soccer,12,men play soccer on a field
673,video1103,soccer,13,people are playing soccer
674,video1103,soccer,14,people are playing sports
675,video1103,soccer,15,soccor match goal scoring
676,video1103,soccer,16,some people are playing soccer
677,video1103,soccer,17,two teams playing soccer
678,video1103,soccer,18,a soccer player making a goal in a soccer game
679,video1103,soccer,19,a professional soccer game
680,video1241,soccer,0,a game of soccer is being played
681,video1241,soccer,1,a group of girls is playing soccer game
682,video1241,soccer,2,a replay of a penalty kick during a soccer match
683,video1241,soccer,3,a soccer player heads the ball in a video game
684,video1241,soccer,4,a soccer player rushes for the ball
685,video1241,soccer,5,a woman soccer game in fifa tv
686,video1241,soccer,6,a women s soccer game is being played
687,video1241,soccer,7,highlights from a soccer game
688,video1241,soccer,8,penalty shot in a soccer match
689,video1241,soccer,9,people are playing soccer
690,video1241,soccer,10,people are playing sports
691,video1241,soccer,11,soccer players on the field during a match
692,video1241,soccer,12,someone scores a goal in soccer
693,video1241,soccer,13,the game is being played up and down the field
694,video1241,soccer,14,two teams of women playing soccer on a field
695,video1241,soccer,15,two teams playing a game of soccer as the crowd cheers
696,video1241,soccer,16,women are playing soccer
697,video1241,soccer,17,women are playing soccer
698,video1241,soccer,18,women play an international soccer match
699,video1241,soccer,19,young women are playing soccer
700,video1327,soccer,0,a clip of a soccer match
701,video1327,soccer,1,a group of men are playing soccer
702,video1327,soccer,2,a male soccer game
703,video1327,soccer,3,a soccer player kicks the ball
704,video1327,soccer,4,a soccer player misses the goal
705,video1327,soccer,5,a team missed the golf
706,video1327,soccer,6,one of the soccer players almost gets a goal
707,video1327,soccer,7,people are performing at a soccer game
708,video1327,soccer,8,people are playing soccer
709,video1327,soccer,9,scene from a football match
710,video1327,soccer,10,scenes from a soccer game
711,video1327,soccer,11,they are playing foot ball
712,video1327,soccer,12,two teams are playing soccer
713,video1327,soccer,13,two teams play a soccer game
714,video1327,soccer,14,two teams playing a game of soccer (football)
715,video1327,soccer,15,two teams playing soccer
716,video1327,soccer,16,video of a soccer player making an amazing play
717,video1327,soccer,17,women are playing soccer outside
718,video1327,soccer,18,people are performing at a soccer game
719,video1327,soccer,19,scenes from a soccer game
720,video1734,soccer,0,a football match is going on
721,video1734,soccer,1,a man scores a goal in soccer and celebrates
722,video1734,soccer,2,a player is putting a goal from long distance in a football game
723,video1734,soccer,3,a soccer game is being played
724,video1734,soccer,4,a soccer player celebrates a goal
725,video1734,soccer,5,amazing soccer plays caught on video
726,video1734,soccer,6,people are playing sports in the ground
727,video1734,soccer,7,people cheer after guy makes goal
728,video1734,soccer,8,people playing soccer and cheering
729,video1734,soccer,9,soccer highlights of a mens soccer game
730,video1734,soccer,10,soccer highlights play with a song playing in the background
731,video1734,soccer,11,soccer players celebrating wins
732,video1734,soccer,12,sports highlights are displayed
733,video1734,soccer,13,teams are playing soccer on the field
734,video1734,soccer,14,the crowd cheers as soccer players work hard to gain control of the ball
735,video1734,soccer,15,the crows cheers as the player makes a goal
736,video1734,soccer,16,the football player are made a goal
737,video1734,soccer,17,various clips of a soccer game showing excellent ball handing skills
738,video1734,soccer,18,the football player are made a goal
739,video1734,soccer,19,a player is putting a goal from long distance in a football game
740,video2347,soccer,0,a female soccer goalie being interviewed by the press
741,video2347,soccer,1,a female soccer player talks about dedication
742,video2347,soccer,2,a goal keeper interview to media
743,video2347,soccer,3,a goal keeper is giving an interview
744,video2347,soccer,4,a person is explaining something
745,video2347,soccer,5,a soccer goaltender discusses why she enjoys the sport
746,video2347,soccer,6,a woman is speaking into a microphone
747,video2347,soccer,7,a woman is talking about playing soccer into a microphone
748,video2347,soccer,8,a woman is talking about sport
749,video2347,soccer,9,a woman kicks a soccer ball
750,video2347,soccer,10,a woman player is talking to a reporter
751,video2347,soccer,11,a woman talks
752,video2347,soccer,12,soccer players being interviewed on the news
753,video2347,soccer,13,the news interviewing an athlete
754,video2347,soccer,14,us female goalkeeper is being interviewed
755,video2347,soccer,15,woman being interviewed
756,video2347,soccer,16,woman being interviewed
757,video2347,soccer,17,woman speaking into microphone
758,video2347,soccer,18,women giving interview
759,video2347,soccer,19,the news interviewing an athlete
760,video247,soccer,0,a man kicks a ball
761,video247,soccer,1,a player is putting a goal with his head in a football game
762,video247,soccer,2,a professional soccer player makes a goal
763,video247,soccer,3,a replay of a soccer game
764,video247,soccer,4,a soccer game is taking place
765,video247,soccer,5,a soccer player is scoring a goal
766,video247,soccer,6,a soccer player kicks a goal
767,video247,soccer,7,a soccer player scores a goal
768,video247,soccer,8,a women is kicking a goal in soccer
769,video247,soccer,9,clips of women playing soccer
770,video247,soccer,10,men are playing professional soccer
771,video247,soccer,11,people are playing soccer
772,video247,soccer,12,soccer mach between barcelona and spain
773,video247,soccer,13,the football match is going on and one person make the gaol
774,video247,soccer,14,the soccer game has two female teams
775,video247,soccer,15,these are highlights from a barcelona football match
776,video247,soccer,16,video of a soccer player kicking in a goal
777,video247,soccer,17,women are playing in a soccer match
778,video247,soccer,18,women scoring goals during a soccer match
779,video247,soccer,19,clips of women playing soccer
780,video2545,soccer,0,a car flips in the air after a crash
781,video2545,soccer,1,a car is doing doughnuts
782,video2545,soccer,2,a man is playing soccer
783,video2545,soccer,3,a montage of sports highlights
784,video2545,soccer,4,a play from a soccer game is shown followed by a car with hydraulics
785,video2545,soccer,5,a soccer game is being played
786,video2545,soccer,6,a soccer player kicks a goal
787,video2545,soccer,7,a soccer player making a nice pass
788,video2545,soccer,8,a vine video of some sporting events
789,video2545,soccer,9,football players pass the ball to each other
790,video2545,soccer,10,people are playing soccer
791,video2545,soccer,11,people are playing sports
792,video2545,soccer,12,plays of different sports show with music in the background
793,video2545,soccer,13,soccer players playing soccer
794,video2545,soccer,14,soccer players score a goal
795,video2545,soccer,15,sports are being played
796,video2545,soccer,16,team playing soccer one player scores
797,video2545,soccer,17,video clips of soccer and low rider car
798,video2545,soccer,18,vine compilation of sport and automobile videos set to music
799,video2545,soccer,19,vine of a soccer clip and a clip of cars
800,video2586,soccer,0,a group of soccer fans cheer while watching a game
801,video2586,soccer,1,a large crowd watches a soccer match
802,video2586,soccer,2,a man is speaking to a reporter
803,video2586,soccer,3,a man kicks a soccer ball
804,video2586,soccer,4,a video from a soccer match
805,video2586,soccer,5,children playing soccer and celebrating making a goal
806,video2586,soccer,6,fans cheer for a soccer game
807,video2586,soccer,7,goals are missing two times in a football match
808,video2586,soccer,8,in a food ball game a man put a goal
809,video2586,soccer,9,japan scores in women s soccer match
810,video2586,soccer,10,japan versus the netherlands playing soccer out on the soccerfield
811,video2586,soccer,11,japan vs usa soccer match
812,video2586,soccer,12,people are playing soccer
813,video2586,soccer,13,people are watching a soccer game
814,video2586,soccer,14,people are watching a sports game
815,video2586,soccer,15,scene from a soccer match
816,video2586,soccer,16,soccer match with japan
817,video2586,soccer,17,two soccer teams are playing in a large stadium with many people watching
818,video2586,soccer,18,two teams are playing soccer
819,video2586,soccer,19,woman are playing professional soccer
820,video302,soccer,0,a man in a black uniform and bright orange tennis shoes kicks a soccer ball into a goal
821,video302,soccer,1,people practising volley ball game in the play ground
822,video302,soccer,2,several men are kicking a soccer ball through a goalpost outdoors
823,video302,soccer,3,several men in all black kick a soccer ball in to the goal
824,video302,soccer,4,goals are being smashed into the net and finally the goalie is down to earth
825,video302,soccer,5,a man hitting a ball and he fallen
826,video302,soccer,6,a man is centered in front of a white soccer net on a green field while other men take turns kicking colorful balls toward him
827,video302,soccer,7,soccer players taking practice shots into a goal with a goalie
828,video302,soccer,8,men kick a soccer ball at a goal tender who has his back turned to them
829,video302,soccer,9,a black dress man forcefully hits the ball in the ground
830,video302,soccer,10,some football players practicing to goal on a green ground
831,video302,soccer,11,a man is kicking a soccerball into a large net on a field of grass
832,video302,soccer,12,players taking turns and hitting ball into goal post
833,video302,soccer,13,a man is playing a football game on green land
834,video302,soccer,14,a guy in all black shoots the soccer ball into the goal while another white guys does it and they all get it knocking down the goalie
835,video302,soccer,15,a man kicks multiple soccer balls at a goalie
836,video302,soccer,16,some player are trying to goal by colorful foot ball where a goal keeper is standing to save the goal
837,video302,soccer,17,several people are kicking soccer balls at a person who is standing in front of the goal
838,video302,soccer,18,man in black shirt is shooting the ball on training
839,video302,soccer,19,some men practicing soccer trying to make goals
840,video3160,soccer,0,a clip from a football match
841,video3160,soccer,1,a clip showing a soccer game
842,video3160,soccer,2,a group of soccer players run on the field
843,video3160,soccer,3,a man is playing soccre
844,video3160,soccer,4,a man talking while others play soccer
845,video3160,soccer,5,a soccer goalie is dressed in all black
846,video3160,soccer,6,a soccer player walking from the sidelines where the coach is shown and replay footage
847,video3160,soccer,7,a soccer team is playing a game
848,video3160,soccer,8,a star of a professional soccer team is being shown
849,video3160,soccer,9,athletes perform at a soccer match
850,video3160,soccer,10,football match is going on in the ground
851,video3160,soccer,11,manchester united plays soccer
852,video3160,soccer,12,men are watching a soccer game
853,video3160,soccer,13,players on a field are playing soccer
854,video3160,soccer,14,scene from a soccer game
855,video3160,soccer,15,some of the soccer players are sitting on a bench
856,video3160,soccer,16,someine is making something from paper
857,video3160,soccer,17,team wearing red is playing soccer with team wearing white
858,video3160,soccer,18,tv video of a soccer game
859,video3160,soccer,19,a star of a professional soccer team is being shown
860,video3396,soccer,0,two teams playing rugby game and people watching the same
861,video3396,soccer,1,all persons are playing a ruby game in a ground
862,video3396,soccer,2,a man in black jersey running with a ball
863,video3396,soccer,3,a rugby play is shown where a man is tackled to the ground
864,video3396,soccer,4,a sports announcer explains plays and official calls made during a rugby game
865,video3396,soccer,5,the stout player moves with ball and is beaten by the opponents in the rugby
866,video3396,soccer,6,more players are playing ball
867,video3396,soccer,7,the rugby match clashes between the men players are seen
868,video3396,soccer,8,a rugby player continues to score a try even though two opponents attempt to take him down
869,video3396,soccer,9,a soccer player in a white uniform runs toward a player in a black uniform falls to his knees
870,video3396,soccer,10,two australian rules football teams competing on the field against each other
871,video3396,soccer,11,its championship trophy where the players who win game get trophy
872,video3396,soccer,12,a replay from a men s rugby match on tv
873,video3396,soccer,13,a male voice over describes a soccer game between england and new zealand as it is being played
874,video3396,soccer,14,two teams playing rugby on a green ground with one wearing white and other wearing black jersey
875,video3396,soccer,15,a couple of teams playing a game of soccer on a lush green field
876,video3396,soccer,16,the player in white is falling on the grass to catch the ball
877,video3396,soccer,17,a sports announcer describes a play in which a player struggles to pull an opponent toward the goal line and succeeds
878,video3396,soccer,18,a group of young men play an exciting game of rugby
879,video3396,soccer,19,two teams are playing rugby a man runs the ball and just makes it across the line with other trying to take him down
880,video341,soccer,0,a hockey player scores a goal
881,video341,soccer,1,a man plays sports
882,video341,soccer,2,a montage of sporting events is presented
883,video341,soccer,3,a montage of video clips showcasing sports highlights
884,video341,soccer,4,a person is playing a sport
885,video341,soccer,5,a person shoots the puck through the goal
886,video341,soccer,6,a swedish player scores a goal in icehockey
887,video341,soccer,7,a variety of short sports videos
888,video341,soccer,8,a video compilation of different sports
889,video341,soccer,9,advertisement for football show subscription on face book
890,video341,soccer,10,athletes are playing different sports
891,video341,soccer,11,different types of players are playing
892,video341,soccer,12,people are playing sports
893,video341,soccer,13,players are playing hockey in the stadium
894,video341,soccer,14,soccer players playing soccer
895,video341,soccer,15,sport vine clips of soccer hockey and basketball
896,video341,soccer,16,sports are being played
897,video341,soccer,17,the goalie blew the save
898,video341,soccer,18,these are clips of various sports highlights edited together with hip-hop music
899,video341,soccer,19,video of athletes performing amazing plays
900,video3410,soccer,0,the players wearing green and white t-shirts playing the ball in the grassland
901,video3410,soccer,1,two soccer teams pass and kick the ball down a grassy field
902,video3410,soccer,2,the two teams playing some game in the ground
903,video3410,soccer,3,a man in black running with a ball
904,video3410,soccer,4,a man in white tshirt is walking on the ground
905,video3410,soccer,5,there is a man is running with a ball
906,video3410,soccer,6,people are outside playing in a soccer game
907,video3410,soccer,7,in a groundmany players play hand ball match
908,video3410,soccer,8,in black uniforms coordinate when one player catches a football and throws it to a second player who then throws the ball to a third player who runs with the ball over the green field
909,video3410,soccer,9,a black dress players and green dress players were playing foot ball
910,video3410,soccer,10,soccer teams are playing soccer with crowds watching
911,video3410,soccer,11,players passing ball and running to score a point in a ruby match
912,video3410,soccer,12,on a soccer field a team of black players vs green players are playing a game of soccer
913,video3410,soccer,13,rugby players play a game of rugby against one another
914,video3410,soccer,14,man in blue shorts is having a training on the grass
915,video3410,soccer,15,a yellow and blue color dress players playing game inside stadium running and catching ball dashing audience watching displaying on screen
916,video3410,soccer,16,there is a rugby team in black at the beginning then it shows the same game from a different camera angle
917,video3410,soccer,17,a foot-ball match is being played and the players are very energetic in the field
918,video3410,soccer,18,enthusiastic male soccer players in green uniforms battle for the ball
919,video3410,soccer,19,what not to do in a soccer game
920,video3540,soccer,0,a football player is making a goal into the goal post
921,video3540,soccer,1,a soccer player kicks a goal
922,video3540,soccer,2,a soccer player makes an amazing goal
923,video3540,soccer,3,a soccer player scored a goal in a soccer game
924,video3540,soccer,4,a soccer player scores a goal
925,video3540,soccer,5,a soccer player scores a goal
926,video3540,soccer,6,footage of a soccer player scoring a goal
927,video3540,soccer,7,men are playing soccer
928,video3540,soccer,8,men are playing soccer in a professional match
929,video3540,soccer,9,men celebrating after soccer goal
930,video3540,soccer,10,music plays over a soccer game
931,video3540,soccer,11,number 10 scored a goal
932,video3540,soccer,12,people are playing soccer while music plays
933,video3540,soccer,13,people are playing soccer
934,video3540,soccer,14,soccer clip of a people scoring and their celebrations
935,video3540,soccer,15,sports highlights are displayed
936,video3540,soccer,16,the team celebrates a win
937,video3540,soccer,17,there are a group of men playing soccer and a goal was scored
938,video3540,soccer,18,men are playing soccer
939,video3540,soccer,19,men are playing soccer in a professional match
940,video4158,soccer,0,a man heads a soccer ball
941,video4158,soccer,1,a man is playing soccer
942,video4158,soccer,2,a man misses goal with his head
943,video4158,soccer,3,a soccer montage video
944,video4158,soccer,4,a soccer player celebrates
945,video4158,soccer,5,a soccer player is celebrating on the field
946,video4158,soccer,6,a soccer player kicks a goal
947,video4158,soccer,7,a soccer player running around on the field
948,video4158,soccer,8,a team is playing soccer
949,video4158,soccer,9,it is about football match and scoring a goal
950,video4158,soccer,10,its a football show
951,video4158,soccer,11,men are playing ball
952,video4158,soccer,12,scene from a soccer game
953,video4158,soccer,13,soccer game highlights are showcased
954,video4158,soccer,14,soccer player luis suarez s goal is being highlighted
955,video4158,soccer,15,soccer players run across a field and point in victory1
956,video4158,soccer,16,superb goal shots of football matches
957,video4158,soccer,17,the player heads in the goal
958,video4158,soccer,18,there are different clips of a soccer game set to music
959,video4158,soccer,19,there is a professional soccer game
960,video5435,soccer,0,there is a man is doing some tricks with ball
961,video5435,soccer,1,there is a man is doing some tricks with football
962,video5435,soccer,2,there is a red tshirt guy is kicking a ball
963,video5435,soccer,3,two soccer players wearing red and black advertise their social media platforms
964,video5435,soccer,4,men demonstrate different soccer strategies like how to kick a soccer ball
965,video5435,soccer,5,different videos of men engaged in sundry activities like playing running etc
966,video5435,soccer,6,sportsmen are training then they ask for a youtube channel subscription
967,video5435,soccer,7,a man kicks a soccer ball into a goal and another balances one on his head
968,video5435,soccer,8,three rectangles with people in them under the words more videos
969,video5435,soccer,9,a videos are playing in the above screen
970,video5435,soccer,10,two men are running on the grass three images with text are shown
971,video5435,soccer,11,a title card asks the user to subscribe follow them on social media or view more videos
972,video5435,soccer,12,the people are on the grass and having training
973,video5435,soccer,13,boys playing football game inside ground practicing displaying on screen
974,video5435,soccer,14,a compilation of men playing sports from soccer to football on a facebook page
975,video5435,soccer,15,the ending of a sports related video allowing the user to connect via social media
976,video5435,soccer,16,a game channel advertising subscribe to our social media
977,video5435,soccer,17,learn how new soccer tricks from how-to videos with an amateur pro
978,video5435,soccer,18,a competion of flexibilty with multiple contesestants on multimedia
979,video5435,soccer,19,two men are working out on a football field showing their prowess
980,video5503,soccer,0,a girl that s playing soccer claps her hands
981,video5503,soccer,1,a goal keeper is getting ready to defend a goal
982,video5503,soccer,2,a professional soccer game with some commentary
983,video5503,soccer,3,a soccer game is being played
984,video5503,soccer,4,a woman gets a penalty in soccer
985,video5503,soccer,5,a womens soccer game is shown
986,video5503,soccer,6,blonde soccer player stands at sideline clapping for her teammates
987,video5503,soccer,7,highlights of a soccer game
988,video5503,soccer,8,sports highlights are displayed
989,video5503,soccer,9,teams are playing soccer on the field
990,video5503,soccer,10,women s soccer team is playing a game against mexico
991,video5503,soccer,11,the women were playing soccer
992,video5503,soccer,12,the women s football match
993,video5503,soccer,13,there is a soccer game being played
994,video5503,soccer,14,this is a video from a soccer game
995,video5503,soccer,15,two woman soccer teams are playing a important game in the stadium
996,video5503,soccer,16,women play a soccer game
997,video5503,soccer,17,women playing in a soccer match
998,video5503,soccer,18,the women were playing soccer
999,video5503,soccer,19,a professional soccer game with some commentary
1000,video5589,soccer,0,two rugby teams play and the team in the red uniform carries the ball down the ball toward the goal
1001,video5589,soccer,1,two rugby teams tackle one another kick and catch the ball on a grassy field
1002,video5589,soccer,2,two soccer teams playing soccer on a large green soccer field with a sportscastor describing the game
1003,video5589,soccer,3,a team wearing red playing football against guys wearing green
1004,video5589,soccer,4,a sports game where the red team is performing really well one player has ran an exceptionally long distance
1005,video5589,soccer,5,in the stadium the people are engaged in a variet item the stadium inside is green colour
1006,video5589,soccer,6,a team of rugby players in red shirts and white shorts coordinates passing the white ball between four running teammates
1007,video5589,soccer,7,the two teams dressed red and green are rushed in their goal
1008,video5589,soccer,8,two rugby teams play a match in a large stadium in front of a big crowd
1009,video5589,soccer,9,a bunch of men are running across the field playing rugby
1010,video5589,soccer,10,a team of red shirt rugby players compete against a team of green shirt players
1011,video5589,soccer,11,two teams one in red color t-shirt and other in green t shirt are playing basket ball
1012,video5589,soccer,12,a rugby game is showing with a man in red running the field with the ball
1013,video5589,soccer,13,rugby players wearing red shirts pass a ball and the opposing team is wearing green shirts
1014,video5589,soccer,14,group of players in red shirts are celebrating the point
1015,video5589,soccer,15,the players in red are running fast to score point
1016,video5589,soccer,16,superb scoring by the red tea shirt party aims the goal pos very speedily
1017,video5589,soccer,17,a group of young men play a tough game of rugby
1018,video5589,soccer,18,a man catches and runs with a ball as men play soccer on a field in a stadium in red or green uniforms
1019,video5589,soccer,19,commentator has english accent for rugby game played back in 1999
1020,video5929,soccer,0,a couple of soccer teams playing soccer
1021,video5929,soccer,1,a football match
1022,video5929,soccer,2,a person is explaining something
1023,video5929,soccer,3,a professional soccer game is played
1024,video5929,soccer,4,a replay of a soccer game to music
1025,video5929,soccer,5,a soccer match video
1026,video5929,soccer,6,a video of people playing soccer set to music
1027,video5929,soccer,7,footage of a soccer game
1028,video5929,soccer,8,football is playing by men
1029,video5929,soccer,9,people are playing soccer
1030,video5929,soccer,10,people are playing soccer
1031,video5929,soccer,11,people are playing soccer
1032,video5929,soccer,12,people playing soccer
1033,video5929,soccer,13,soccer player score a goal
1034,video5929,soccer,14,soccer teams playing on a field
1035,video5929,soccer,15,this is a clip from a soccer game
1036,video5929,soccer,16,a soccer match video
1037,video5929,soccer,17,a video of people playing soccer set to music
1038,video5929,soccer,18,a person is explaining something
1039,video5929,soccer,19,footage of a soccer game
1040,video5960,soccer,0,a clip of a soccer goal followed by a clip of a soldier coming home
1041,video5960,soccer,1,a soccer player is scoring a goal
1042,video5960,soccer,2,a soccer player kicks a ball high into the air which lands a goal then a soldier hugs a child
1043,video5960,soccer,3,a soccer player makes a dunk
1044,video5960,soccer,4,a soccer player scores a goal and a soldier comes home
1045,video5960,soccer,5,a soccer player scores an incredible goal
1046,video5960,soccer,6,a sports reel shows a soccer player kicking a ball
1047,video5960,soccer,7,athletes are playing in profession sports
1048,video5960,soccer,8,clips of various sporting events and a man reunites with his son
1049,video5960,soccer,9,it is a vine compilation
1050,video5960,soccer,10,people are playing soccer
1051,video5960,soccer,11,people are playing sports
1052,video5960,soccer,12,people are playing sports
1053,video5960,soccer,13,players playing different games
1054,video5960,soccer,14,showing best soccer goals in the tv
1055,video5960,soccer,15,soccer players play on a field and then a little boy see his soldier father and runs to him
1056,video5960,soccer,16,this is a clip about soccer goals
1057,video5960,soccer,17,video of athletes performing amazing plays
1058,video5960,soccer,18,vine videos of sports including soccer and basketball
1059,video5960,soccer,19,people are playing sports
1060,video6066,soccer,0,a clip taken from a soccer game
1061,video6066,soccer,1,a female soccer player just missing a goal and being upset
1062,video6066,soccer,2,a soccer player kicks a goal
1063,video6066,soccer,3,a soccer player misses a goal
1064,video6066,soccer,4,a womans fifa soccer game
1065,video6066,soccer,5,football game showing goal scored
1066,video6066,soccer,6,football match is going on and one team wins
1067,video6066,soccer,7,highlights from girls soccer
1068,video6066,soccer,8,people are playing soccer
1069,video6066,soccer,9,people are watching a soccer match
1070,video6066,soccer,10,players are playing soccer
1071,video6066,soccer,11,soccer game and footage of that
1072,video6066,soccer,12,soccer players are celebrating on the field
1073,video6066,soccer,13,someone is playing a video game
1074,video6066,soccer,14,there are different clips of soccer players on a soccer field
1075,video6066,soccer,15,woman s soccer/football footage from the end of a match
1076,video6066,soccer,16,a womans fifa soccer game
1077,video6066,soccer,17,a female soccer player just missing a goal and being upset
1078,video6066,soccer,18,a clip taken from a soccer game
1079,video6066,soccer,19,someone is playing a video game
1080,video6103,soccer,0,a highlight reel of scores during sporting events is rolling
1081,video6103,soccer,1,a hockey player scores a goal
1082,video6103,soccer,2,a hockey player scores a goal
1083,video6103,soccer,3,a man is running on a soccer field
1084,video6103,soccer,4,a soccer player is running
1085,video6103,soccer,5,interesting sports moments are displaying
1086,video6103,soccer,6,people are playing sports
1087,video6103,soccer,7,people are playing sports
1088,video6103,soccer,8,plays of different sports show with music in the background
1089,video6103,soccer,9,professional athletes celebrating victories
1090,video6103,soccer,10,several athletes making amazing moves in their respective games
1091,video6103,soccer,11,several different songs are played while showing sports highlights
1092,video6103,soccer,12,some clips of sports shown here
1093,video6103,soccer,13,sports are being played
1094,video6103,soccer,14,team are playing hockey
1095,video6103,soccer,15,the baseballer climbs the outfiled wall to make a spectacular catch
1096,video6103,soccer,16,there are various clips of sports and athletes
1097,video6103,soccer,17,video of athletes performing amazing plays
1098,video6103,soccer,18,a man is running on a soccer field
1099,video6103,soccer,19,people are playing sports
1100,video6474,soccer,0,a celebratory video during a soccer match
1101,video6474,soccer,1,a crowd cheering as their team win a soccer game
1102,video6474,soccer,2,a goal has just been scored
1103,video6474,soccer,3,a group of fans are celebrating
1104,video6474,soccer,4,a group of soccer fans celebrate
1105,video6474,soccer,5,athletes and sports fans are celebrating a victory
1106,video6474,soccer,6,fans and players celebrating at a soccer game
1107,video6474,soccer,7,fans celebrate a goal in a soccer game
1108,video6474,soccer,8,fans cheering at a sports event
1109,video6474,soccer,9,players and the announcer celebrate a goal in a soccer game
1110,video6474,soccer,10,footage of fans as a futbol game with commentator
1111,video6474,soccer,11,it shows the enjoyment on scoring a goal in a football match
1112,video6474,soccer,12,people are enjoying the victory celebration in ground
1113,video6474,soccer,13,people celebrating after a goal in soccer
1114,video6474,soccer,14,rejoicing team after the play
1115,video6474,soccer,15,soccer players and fans celebrating a goal
1116,video6474,soccer,16,soccer players are celebrating a goal
1117,video6474,soccer,17,the audience watched the game
1118,video6474,soccer,18,the crowd celebrates the goal
1119,video6474,soccer,19,the crowd in a soccer/football stadium is cheering after a goal is scored
1120,video6632,soccer,0,a couple of soccer teams playing soccer
1121,video6632,soccer,1,a football/soccer blooper video
1122,video6632,soccer,2,a person is explaining something
1123,video6632,soccer,3,a soccer player kicks the ball across the field
1124,video6632,soccer,4,clips of different soccer games
1125,video6632,soccer,5,in football goal was missed twice
1126,video6632,soccer,6,men are playing soccer
1127,video6632,soccer,7,people are playing a soccer game
1128,video6632,soccer,8,people are playing soccer
1129,video6632,soccer,9,people playing soccer
1130,video6632,soccer,10,players are playing soccer
1131,video6632,soccer,11,soccer goal misses are shown
1132,video6632,soccer,12,soccer players missing easy kicks
1133,video6632,soccer,13,soccer players playing soccer
1134,video6632,soccer,14,the men are playing soccer
1135,video6632,soccer,15,two teams play soccer
1136,video6632,soccer,16,clips of different soccer games
1137,video6632,soccer,17,soccer players missing easy kicks
1138,video6632,soccer,18,people playing soccer
1139,video6632,soccer,19,a football/soccer blooper video
1140,video6743,soccer,0,2 players missed to put a goal in football game
1141,video6743,soccer,1,a man is kicking a ball
1142,video6743,soccer,2,a man is talking about soccer
1143,video6743,soccer,3,a miss and a goal in soccer
1144,video6743,soccer,4,a soccer player kicks the ball across the field
1145,video6743,soccer,5,a soccer player misses a shot on an open goal
1146,video6743,soccer,6,a team is playing soccer
1147,video6743,soccer,7,commenting on a soccer game
1148,video6743,soccer,8,footage of a soccer player
1149,video6743,soccer,9,football match where guy misses easy goal shots
1150,video6743,soccer,10,men are playing soccer
1151,video6743,soccer,11,men play soccer
1152,video6743,soccer,12,people are playing soccer
1153,video6743,soccer,13,people playing soccer
1154,video6743,soccer,14,soccer players kicking ball
1155,video6743,soccer,15,some guys are playing football
1156,video6743,soccer,16,the people are playing football
1157,video6743,soccer,17,two teams are playing soccer
1158,video6743,soccer,18,two teams playing soccer
1159,video6743,soccer,19,people are playing soccer
1160,video7125,soccer,0,a man making an amazing soccer goal
1161,video7125,soccer,1,a man scores goals on a goalie in slow motion
1162,video7125,soccer,2,a man talks about a really good soccer player
1163,video7125,soccer,3,a newsanchor is voicing over multiple scenes such as sports players rubbing each other s heads a soccer field and teams playing soccer while speaking about a specific player
1164,video7125,soccer,4,a soccer player celebrates with his team
1165,video7125,soccer,5,a soccer player kicks the ball
1166,video7125,soccer,6,a soccer player makes an impressive goal from down field
1167,video7125,soccer,7,a sports cast of a soccer game
1168,video7125,soccer,8,a sports commentator is discussing soccer matches
1169,video7125,soccer,9,a video of a soccer goal celebration as well as a brief soccer clip
1170,video7125,soccer,10,highlights from soccer matches
1171,video7125,soccer,11,highlights of a men s soccer game
1172,video7125,soccer,12,men celebrating soccer goals
1173,video7125,soccer,13,people are playing soccer
1174,video7125,soccer,14,people are playing soccer
1175,video7125,soccer,15,people are playing soccer
1176,video7125,soccer,16,some man s are playing football in a football ground
1177,video7125,soccer,17,two teams are playing football
1178,video7125,soccer,18,a soccer player kicks the ball
1179,video7125,soccer,19,people are playing soccer
1180,video7247,soccer,0,rugby being played with music playing in the background
1181,video7247,soccer,1,a big brawl at a soccer match one of the plays runs away with the ball in his hand
1182,video7247,soccer,2,people gathered in the stadium to watch some sports competition
1183,video7247,soccer,3,there is a young man running with rugby ball
1184,video7247,soccer,4,two rugby teams scrum then the team in blue steals the ball
1185,video7247,soccer,5,two teams of rugby players are playing a rugby game
1186,video7247,soccer,6,the through ball players play in the playground
1187,video7247,soccer,7,a two team are playing a rugby game in the ground
1188,video7247,soccer,8,several men are running aon a field and passing ball to one another
1189,video7247,soccer,9,a group of men on two different teams are involved in a very intense rugby match
1190,video7247,soccer,10,a huddle for the ball a quick dodge and a missed pass resulting in the opposite team player dashing for the post with the ball
1191,video7247,soccer,11,an amazing display of superb ball handling passing and final run to the post by players in a football match on the ground
1192,video7247,soccer,12,a soccer game with teams in yellow and teams in white as a man desperately tried to make a goal
1193,video7247,soccer,13,men play an intense game of rugby against one another
1194,video7247,soccer,14,men are playing a professional game of rugby together
1195,video7247,soccer,15,men in blue jerseys and yellow jerseys play rugby as the crowd cheers in the background a man in blue gets the ball and runs
1196,video7247,soccer,16,the players are running and fighting for the ball
1197,video7247,soccer,17,a yellow and blue color dress players playing game inside stadium running and catching ball dashing audience watching displaying on screen
1198,video7247,soccer,18,rugby players begin to form a scrum when the ball is passed to an opponent who runs the ball in
1199,video7247,soccer,19,a football match between the two opponent team
1200,video7261,soccer,0,a guy dressed in black is practising football and trying to make a goal
1201,video7261,soccer,1,a thin man in black tries to kick balls into a soccer net a different man comes on and kicks another ball
1202,video7261,soccer,2,men shoot soccer balls at a goal from distance and react to the results of their shots
1203,video7261,soccer,3,a boy in black clothing and yellow sneakers is playing soccer in a field
1204,video7261,soccer,4,a man plays soccer on a field and attempts to make several goals
1205,video7261,soccer,5,man misses his first goal and scores second while other goals in first shot
1206,video7261,soccer,6,a guy is kicking a soccer ball he made a goal
1207,video7261,soccer,7,a guy is trying to shoot soccer balls in a goal
1208,video7261,soccer,8,a young man wearing a black outfit with yellow sneakers kicks a yellow soccer ball toward a white-framed net on a green field by low buildings
1209,video7261,soccer,9,some football players are kicking a football to the goal post
1210,video7261,soccer,10,a man is practicing a foot ball in the ground
1211,video7261,soccer,11,men are kicking soccer balls into a soccer net
1212,video7261,soccer,12,three persons on a football field try their skills at shooting a long shot goal on the foot ball ground
1213,video7261,soccer,13,boys in black track suits play soccer and try to make a goal
1214,video7261,soccer,14,a soccer player is teased by teammates for missing the easy goal kick
1215,video7261,soccer,15,a guy wearing black kicks soccer balls towards the goal
1216,video7261,soccer,16,a football field with young men trying to place a goal
1217,video7261,soccer,17,person in black shirt is scoring goal on training
1218,video7261,soccer,18,a man in black fails to kick a soccer ball into a goal
1219,video7261,soccer,19,a person with black dress playing football in the ground
1220,video7390,soccer,0,a facebook icon is shown on the top corner
1221,video7390,soccer,1,a man discusses long shots in a soccer video game
1222,video7390,soccer,2,a man explains how to play a soccer game
1223,video7390,soccer,3,a man is discussing playing a soccer video game
1224,video7390,soccer,4,a man is giving running commentary of soccer
1225,video7390,soccer,5,a man is playing a soccer video game
1226,video7390,soccer,6,a man playing a soccer video game
1227,video7390,soccer,7,a person describing how to play a soccer video game
1228,video7390,soccer,8,a person is playing a video game
1229,video7390,soccer,9,a person playing fifa soccer and showing how to score goals
1230,video7390,soccer,10,a soccer game being played
1231,video7390,soccer,11,gameplay footage of someone playing a game
1232,video7390,soccer,12,it is about a football match
1233,video7390,soccer,13,man giving tips on how to play a soccer video game
1234,video7390,soccer,14,mana talking about ways to score in a football video game
1235,video7390,soccer,15,people are playing soccer
1236,video7390,soccer,16,players are playing in the football ground
1237,video7390,soccer,17,someone playing a soccer game while giving commentary
1238,video7390,soccer,18,the soccer game looks very realistic
1239,video7390,soccer,19,a person playing fifa soccer and showing how to score goals
1240,video8730,soccer,0,a coach gives some practice tips to a soccer team
1241,video8730,soccer,1,a coach swears at players
1242,video8730,soccer,2,a group of people cheer on a player s goal
1243,video8730,soccer,3,a guy kicking a ball into a goal
1244,video8730,soccer,4,a man is kicking a foot ball in a ground and put goal
1245,video8730,soccer,5,a man is kicking a soccer ball into the goalpost
1246,video8730,soccer,6,a man kicked a soccer ball
1247,video8730,soccer,7,a man scoring in a soccer game
1248,video8730,soccer,8,a man throwing a tantrum during a soccer game
1249,video8730,soccer,9,a video is shown of soccer players messing around
1250,video8730,soccer,10,guys play soccer and one guy gets mad
1251,video8730,soccer,11,people are playing soccer
1252,video8730,soccer,12,people outside playing soccer
1253,video8730,soccer,13,people play soccer in a park
1254,video8730,soccer,14,people playing soccer and laughing
1255,video8730,soccer,15,players are playing soccer
1256,video8730,soccer,16,soccer players taking turns kicking in the goal
1257,video8730,soccer,17,a man scoring in a soccer game
1258,video8730,soccer,18,a man throwing a tantrum during a soccer game
1259,video8730,soccer,19,a man is kicking a foot ball in a ground and put goal
1260,video8967,soccer,0,a goal in indoor soccer is scored
1261,video8967,soccer,1,a group of men are playing indoor soccer
1262,video8967,soccer,2,a guy scores a goal inside an indoor soccer arena
1263,video8967,soccer,3,a man is kicking a soccer ball into the goal
1264,video8967,soccer,4,a man is playing soccer
1265,video8967,soccer,5,a man scores a goal
1266,video8967,soccer,6,a player of a soccer team scores and is replayed
1267,video8967,soccer,7,a short clip of an indoor soccer game
1268,video8967,soccer,8,a soccer game is shown with the player making a goal
1269,video8967,soccer,9,a soccer player kicks a goal
1270,video8967,soccer,10,a soccer player shoots a goal during a soccer game
1271,video8967,soccer,11,guys play indoor soccer
1272,video8967,soccer,12,guys playing soccer inside
1273,video8967,soccer,13,men playing indoor soccer
1274,video8967,soccer,14,people are playing soccer
1275,video8967,soccer,15,soccer players playing soccer and kicking ball into goal
1276,video8967,soccer,16,video of people playing soccer
1277,video8967,soccer,17,a soccer game is shown with the player making a goal
1278,video8967,soccer,18,a soccer player shoots a goal during a soccer game
1279,video8967,soccer,19,men playing indoor soccer
1280,video9182,soccer,0,in a stadium a man in a soccer jersey playing soccer without passing the ball
1281,video9182,soccer,1,a soccer player in pink shorts manipulates the ball down a grassy field
1282,video9182,soccer,2,a man is kicking a soccer ball down a soccer field
1283,video9182,soccer,3,there is a man doing some tricks with a football
1284,video9182,soccer,4,several computer generated soccer players kick around a soccer ball on a soccer field
1285,video9182,soccer,5,a video game showing soccer players perform tricks and manuevers on the field
1286,video9182,soccer,6,a male character in a football video game runs around the field and does ball tricks
1287,video9182,soccer,7,a player trying out new movies in a soccer video game
1288,video9182,soccer,8,men dressed in shorts and jerseys kick a ball across a field while music plays
1289,video9182,soccer,9,some virtual soccer players in a video game perform movement tricks
1290,video9182,soccer,10,one in red and one in blue are kicking a soccer ball
1291,video9182,soccer,11,a soccer player in a blue jersey dribbles the ball
1292,video9182,soccer,12,soccer players kick the ball in a soccer stadium in fifa
1293,video9182,soccer,13,there are a couple of players kicking a soccer ball
1294,video9182,soccer,14,a soccer player from barcelona kicks the ball to his teammate
1295,video9182,soccer,15,a soccer player controls the soccer ball on the field
1296,video9182,soccer,16,two boys one in pink dress while other in blue is playing football
1297,video9182,soccer,17,man in red-blue shirt is showing his skills on the game
1298,video9182,soccer,18,practicing foot ball requires good stamina and high physical and mental endurance
1299,video9182,soccer,19,player playing video game and trying to get more points
1300,video9183,soccer,0,a man kicks the ball and dribbles past other soccerplayers
1301,video9183,soccer,1,a poorly recorded soccer and volleyball-like game is shown where groups of people are kicking balls
1302,video9183,soccer,2,a professional soccer game set to pop music
1303,video9183,soccer,3,a soccer game then there was a volleyball game with a pink ball on the white sand with a white new with a couple players
1304,video9183,soccer,4,a soccer player in white scores a goal
1305,video9183,soccer,5,a sports montage to loud music
1306,video9183,soccer,6,clips of different sports with music playing
1307,video9183,soccer,7,people are playing different types of sports
1308,video9183,soccer,8,people are playing football
1309,video9183,soccer,9,people are playing soccer in a stadium and at a beach
1310,video9183,soccer,10,people play soccer on a field and a sandy court
1311,video9183,soccer,11,sports are being played
1312,video9183,soccer,12,sports athletes are playing in professional matches
1313,video9183,soccer,13,sports clips are set to electronic music
1314,video9183,soccer,14,sports clips at least one was soccer
1315,video9183,soccer,15,sports vine clips of soccer
1316,video9183,soccer,16,this is a vine compilation
1317,video9183,soccer,17,video shows various sports clips
1318,video9183,soccer,18,videos are shown of different sport highlights
1319,video9183,soccer,19,sports vine clips of soccer
1320,video1397,swimming,0,a dog is playing in a swimming pool with another dog
1321,video1397,swimming,1,a dog is standing up in the water
1322,video1397,swimming,2,a dog is swimming in a pool
1323,video1397,swimming,3,a dog is swimming
1324,video1397,swimming,4,a man and dogs are swimming
1325,video1397,swimming,5,a woman talking on talkshow
1326,video1397,swimming,6,dog swimming in a pool with a man
1327,video1397,swimming,7,dogs are swimming in a pool with a man
1328,video1397,swimming,8,dogs fighting in the swimming pool
1329,video1397,swimming,9,dogs play in the pool
1330,video1397,swimming,10,dogs playing in a pool
1331,video1397,swimming,11,dogs playing in a swimming pool
1332,video1397,swimming,12,dogs swimming in a pool
1333,video1397,swimming,13,some dogs play around in the water
1334,video1397,swimming,14,two dogs and a man are swimming in a pool
1335,video1397,swimming,15,two dogs are playing in the pool
1336,video1397,swimming,16,two dogs playing in a swimming pool with a male while a female s voice laughs in the background
1337,video1397,swimming,17,a dog is swimming
1338,video1397,swimming,18,two dogs and a man are swimming in a pool
1339,video1397,swimming,19,some dogs play around in the water
1340,video1437,swimming,0,a dog is playing in a pool
1341,video1437,swimming,1,a dog is playing in the water with family
1342,video1437,swimming,2,a dog is swimming a pool with another dog
1343,video1437,swimming,3,a dog is swimming while another dog jumps on top
1344,video1437,swimming,4,a dog is swimming
1345,video1437,swimming,5,a dog swims in a pool
1346,video1437,swimming,6,a dog swims in the family pool then another dog jumps in to play
1347,video1437,swimming,7,a man cooking food
1348,video1437,swimming,8,a woman laughs while filming swimming dogs
1349,video1437,swimming,9,dog jumps in and tackles another dog in the pool
1350,video1437,swimming,10,dogs are swimming in the swimming pool
1351,video1437,swimming,11,dogs jump into a pool as a woman laughs
1352,video1437,swimming,12,dogs playing in a pool
1353,video1437,swimming,13,dogs playing in water
1354,video1437,swimming,14,dogs swimming in pool
1355,video1437,swimming,15,two dogs and man swimming in the pool
1356,video1437,swimming,16,two dogs are playing in the water
1357,video1437,swimming,17,two dogs play in the pool
1358,video1437,swimming,18,two dogs playing in and around a pool
1359,video1437,swimming,19,two dogs are playing in the water
1360,video1649,swimming,0,a man and a woman are kissing and singing
1361,video1649,swimming,1,a man and a woman are singing in a music video
1362,video1649,swimming,2,a man and a woman singing by a pool
1363,video1649,swimming,3,a man is rapping and a woman is singing
1364,video1649,swimming,4,a music video of a woman and a man
1365,video1649,swimming,5,a music video scene is shown with nicki minaj and lil wayne
1366,video1649,swimming,6,a musical song is going on
1367,video1649,swimming,7,a rap music video
1368,video1649,swimming,8,a scantily dressed girl is singing
1369,video1649,swimming,9,a singer is singing while shown in skimpy clothes
1370,video1649,swimming,10,a woman is singing a song and dancing near swimming pool
1371,video1649,swimming,11,guy standing next to girl
1372,video1649,swimming,12,highlights from a movie
1373,video1649,swimming,13,lil kim doing her music video
1374,video1649,swimming,14,lil wayne and nikki minaj singing
1375,video1649,swimming,15,nicki minaj is singing in a music video
1376,video1649,swimming,16,nikki minaj music video
1377,video1649,swimming,17,two men are talking in a living room
1378,video1649,swimming,18,woman posing for photos
1379,video1649,swimming,19,a musical song is going on
1380,video2028,swimming,0,a countryesque song is playing while we see: a woman dancing by a pool and palm trees a man dancing on stage with a banjo
1381,video2028,swimming,1,a female walking with a horse to music
1382,video2028,swimming,2,a girl and a guy singing
1383,video2028,swimming,3,a person is doing jumping jacks outdoors
1384,video2028,swimming,4,a photo montage of people laughing or training a horse
1385,video2028,swimming,5,a white horse is frollicking
1386,video2028,swimming,6,a woman faces a white stallion as a country song plays
1387,video2028,swimming,7,a woman sings to a white horse
1388,video2028,swimming,8,a women making a music video
1389,video2028,swimming,9,an inspirational musical video
1390,video2028,swimming,10,country music video song
1391,video2028,swimming,11,highlights from a man a woman s life are being shown
1392,video2028,swimming,12,horse dancing according to the music
1393,video2028,swimming,13,multiple people are dancing
1394,video2028,swimming,14,people are doing various kinds of exercises
1395,video2028,swimming,15,scenes from a music video involving among other things dancing next to a swimming pool flying in an airplane
1396,video2028,swimming,16,shania twain music plays
1397,video2028,swimming,17,various scenes are shown while a song is played
1398,video2028,swimming,18,woman singing a song in front of a white horse
1399,video2028,swimming,19,people are doing various kinds of exercises
1400,video2622,swimming,0,a group of people dance in a gym
1401,video2622,swimming,1,a group of women are dancing
1402,video2622,swimming,2,a group of women dancing to music
1403,video2622,swimming,3,a woman is dancing
1404,video2622,swimming,4,all womens are dancing
1405,video2622,swimming,5,dancing practice is going on
1406,video2622,swimming,6,few women are dancing with a background music
1407,video2622,swimming,7,four girls dancing behind theswimming pool
1408,video2622,swimming,8,four girls dancing in a floor to a song habibi i need your love
1409,video2622,swimming,9,girls are dancing and singing
1410,video2622,swimming,10,people dancing to song
1411,video2622,swimming,11,several women are dancing
1412,video2622,swimming,12,three woman dance in a gym
1413,video2622,swimming,13,three woman dancing to shaggy s music
1414,video2622,swimming,14,three women are dancing in front of a pool
1415,video2622,swimming,15,two girls do a dance work out
1416,video2622,swimming,16,women are shown dancing outside
1417,video2622,swimming,17,women dance in sync to a song
1418,video2622,swimming,18,women exercise and dance
1419,video2622,swimming,19,a woman is dancing
1420,video2714,swimming,0,a man is riding on a floating device in the water
1421,video2714,swimming,1,there is a man is enjoying in the water
1422,video2714,swimming,2,there is a man is enjoying in the water
1423,video2714,swimming,3,there is a man with cooling glass is moving on the water
1424,video2714,swimming,4,a man riding on a yellow float in the water advertises a travel site while other swimmers enjoy the water
1425,video2714,swimming,5,a person sitting on a yellow flotation ring is floating in crystal clear waters
1426,video2714,swimming,6,a man floats on the water in a yellow intertube and promotes costa rica
1427,video2714,swimming,7,the man wearing no shirt floats in the yellow tube
1428,video2714,swimming,8,a man in a yellow tube floating in a big body of water
1429,video2714,swimming,9,a boy sitting in the yellow tube in the clear water some people climbs on the stone in the shore
1430,video2714,swimming,10,a person in the transparent water floats on a tube and few others climbing the shore
1431,video2714,swimming,11,a young man floats on a clear and calm stream filled with fish while sitting in a yellow inner tube passing over flat rocks and by angled gray rocks
1432,video2714,swimming,12,man in yellow ring floating down water with goggles on
1433,video2714,swimming,13,a man sitting on a floater in a lake
1434,video2714,swimming,14,a man floats in a yellow tube down a river then people swims near shore
1435,video2714,swimming,15,a man sitting in a yellow tube floats down a river then crowds of people wades near the shore
1436,video2714,swimming,16,a shirtless guy rides a tube in the calm waters
1437,video2714,swimming,17,boy and girl swimming
1438,video2714,swimming,18,travelers are enjoying the water activities that costa rica has to offer
1439,video2714,swimming,19,a man in a bathing suit floating in a shallow area of fish with others swimming
1440,video3613,swimming,0,there are some hit girls singing and dancing in different styles
1441,video3613,swimming,1,there is a hot woman is dancing on the floor
1442,video3613,swimming,2,women dancing is bikini overhead view of the same women singing on a platform with a pink cape in the center of a pool
1443,video3613,swimming,3,a lady in pink dress is singing and standing in the midst of a swimming pool with fishes revolving around
1444,video3613,swimming,4,a lady stands in water around her fishes move and a sexy girl sings
1445,video3613,swimming,5,several scenes of brittney spears music videos play
1446,video3613,swimming,6,a lady standing in the center of the water and singign
1447,video3613,swimming,7,britney spears has become more successful despite her difficulties
1448,video3613,swimming,8,brittney spears is standing on a stand in the middle of the water with sharks swimming around
1449,video3613,swimming,9,women are dancing beside the dancer singer lead performer in video clip segment
1450,video3613,swimming,10,in the fashion show ramb the girls are walked gently their frock is like as butterfly
1451,video3613,swimming,11,britney spears in skimpy clothes singing her song
1452,video3613,swimming,12,a girl is dancing on a small stage in water where sharks are
1453,video3613,swimming,13,watch mojo talks about how brittany spears makes a comeback in music
1454,video3613,swimming,14,britney spears is dancing for a song and it is showing in a reality show
1455,video3613,swimming,15,news commentators discuss britney spears in a music video
1456,video3613,swimming,16,a woman is singing while wearing exotic clothing
1457,video3613,swimming,17,an entertainment news show reports on britney spears
1458,video3613,swimming,18,a video shows britney spears dancing in lingerie
1459,video3613,swimming,19,a woman with blonde hair is singing a song
1460,video3991,swimming,0,a advertisement about a building
1461,video3991,swimming,1,a close-up of several pools is shown
1462,video3991,swimming,2,a commercial about a new housing
1463,video3991,swimming,3,a high quality view of a pool a court and apartments
1464,video3991,swimming,4,a panning of a model of pools and the outside of an apartment building or condo
1465,video3991,swimming,5,a slideshow is showing different landscapes while music is playing
1466,video3991,swimming,6,a tour of some kind of nice property
1467,video3991,swimming,7,a view of a pool at a complex
1468,video3991,swimming,8,a woman is walking by a pool
1469,video3991,swimming,9,a woman walks near a pool
1470,video3991,swimming,10,animated architectural scenes are shown
1471,video3991,swimming,11,it is showing some buildings and water pool
1472,video3991,swimming,12,nice pools and nice real estate is shown
1473,video3991,swimming,13,people walking in front of the pool
1474,video3991,swimming,14,there are at least three swimming pools at the resort
1475,video3991,swimming,15,there are fancy buildings in a video game
1476,video3991,swimming,16,there are many buildings
1477,video3991,swimming,17,this is a video of a 3d animation
1478,video3991,swimming,18,virtual tour of a city
1479,video3991,swimming,19,a close-up of several pools is shown
1480,video4075,swimming,0,a boy is singing at a pool
1481,video4075,swimming,1,a boy lip syncs to a song while his friends dance around at a pool
1482,video4075,swimming,2,a group of people dance to a song by a poolside while one person lip-synchs
1483,video4075,swimming,3,a group of people near a swimming pool are singing and dancing
1484,video4075,swimming,4,a guy at a pool sings to the camera while people dance behind him
1485,video4075,swimming,5,a man is singing
1486,video4075,swimming,6,a man is singing a song and dancing
1487,video4075,swimming,7,a man is singing in front of a pool in a music video
1488,video4075,swimming,8,a man is singing into the camera with women dancing behind him
1489,video4075,swimming,9,a man is singing while moving towards the pool
1490,video4075,swimming,10,a man is talking
1491,video4075,swimming,11,a man lip syncing with people dancing behind him
1492,video4075,swimming,12,a man lip syncing
1493,video4075,swimming,13,a man singing a song at a swimming pool with people dancing behind him
1494,video4075,swimming,14,a music video that was shot near a pool
1495,video4075,swimming,15,a weirdo sings in front of a pool
1496,video4075,swimming,16,guy records him singing at the pool
1497,video4075,swimming,17,the made made several faces
1498,video4075,swimming,18,a boy lip syncs to a song while his friends dance around at a pool
1499,video4075,swimming,19,a man is singing into the camera with women dancing behind him
1500,video4176,swimming,0,a group of people jumping into a tub of ice
1501,video4176,swimming,1,a woman in black is crying in a pool
1502,video4176,swimming,2,there are some people jumping into the ice tank
1503,video4176,swimming,3,two women and two men at a park jump into a large square container filled with a thick white and lumpy substance
1504,video4176,swimming,4,participants in a tough mudder swim through a very thick substance
1505,video4176,swimming,5,some girls jump in to a pool of possibly oatmeal and try to make it across
1506,video4176,swimming,6,people jumping into a large container of ice
1507,video4176,swimming,7,a group of girls were jumping in the ice and playing
1508,video4176,swimming,8,many men and women are jumping into a pool of ice and working their way out of it
1509,video4176,swimming,9,people jumping into a big tub of ice burgs and crawling out from it
1510,video4176,swimming,10,men and women appear to be competing in an obstacle course
1511,video4176,swimming,11,people are participating in an obstacle course and dive into a vat of ice
1512,video4176,swimming,12,people jump into a bin filled with ice and crawl across it
1513,video4176,swimming,13,a many girls and boys jumping into ice tank speaking laughing persons beside watching displaying on screen
1514,video4176,swimming,14,girls and boy jumping in ice tub few person outside standing laughing displaying on screen
1515,video4176,swimming,15,teenagers jumping into a big pool of gelatin
1516,video4176,swimming,16,people jump into a swimming pool filled with ice and fight their way to the other side
1517,video4176,swimming,17,female jumps into what appears to be ice then two females followed by a male also jump into the ice
1518,video4176,swimming,18,people jumping into a large bin of white gunk and crawling across it
1519,video4176,swimming,19,a woman is stuck in a pit of ice
1520,video4239,swimming,0,a young woman an a girl and boy swimming underwater
1521,video4239,swimming,1,different people swim underwater
1522,video4239,swimming,2,girl swimming in pool
1523,video4239,swimming,3,girls are shown swimming underwater
1524,video4239,swimming,4,girls swim in the pool
1525,video4239,swimming,5,kids are swimming in the pool
1526,video4239,swimming,6,people swimming in the pool
1527,video4239,swimming,7,people swimming under water
1528,video4239,swimming,8,swimming beauties in the water
1529,video4239,swimming,9,two girls are swimming in a pool
1530,video4239,swimming,10,two girls swimming in a pool
1531,video4239,swimming,11,two women are swimming to the bottom of a pool
1532,video4239,swimming,12,two women are swimming underwater in a swimming pool
1533,video4239,swimming,13,two young girls are playing and swimming in the pool
1534,video4239,swimming,14,young girls swim underwater in a pool and are delighted with themselves
1535,video4239,swimming,15,swimming beauties in the water
1536,video4239,swimming,16,two girls are swimming in a pool
1537,video4239,swimming,17,two women are swimming underwater in a swimming pool
1538,video4239,swimming,18,two women are swimming to the bottom of a pool
1539,video4239,swimming,19,swimming beauties in the water
1540,video4440,swimming,0,a man is standing next to a pool
1541,video4440,swimming,1,a man is talking about swimming
1542,video4440,swimming,2,a man near a pool
1543,video4440,swimming,3,a person is talking about water polo while men goof around in a pool
1544,video4440,swimming,4,people are standing near a pool and someone else is splashing around in the pool in a comedic video clip
1545,video4440,swimming,5,people go for a swim
1546,video4440,swimming,6,swimmers are shown by the pool
1547,video4440,swimming,7,two boys comment comically on the disturbance in their local pool
1548,video4440,swimming,8,two guys stand on the edge of a pool and watch someone splashing around in the water
1549,video4440,swimming,9,two kids standing on edge of pool with someone splashing inside of the pool
1550,video4440,swimming,10,two man s are standing near swimming pool and looking at something
1551,video4440,swimming,11,two men stand by a pool and lok down into it while something splashes around
1552,video4440,swimming,12,two men standing beside the swimming pool
1553,video4440,swimming,13,two men watch as someone is struggling in the pool
1554,video4440,swimming,14,two men watch as someone treads water in a pool
1555,video4440,swimming,15,two people standing by a pool watching someone
1556,video4440,swimming,16,two shirtless men stand beside a pool
1557,video4440,swimming,17,two teens watch someone splashing in the pool
1558,video4440,swimming,18,two people standing by a pool watching someone
1559,video4440,swimming,19,two men standing beside the swimming pool
1560,video4481,swimming,0,a baby is swimming under water
1561,video4481,swimming,1,a baby is swimming
1562,video4481,swimming,2,a man teaching a child how to swim
1563,video4481,swimming,3,a person is teaching a baby how to swim in the pool
1564,video4481,swimming,4,a woman is learning his kids about swimming
1565,video4481,swimming,5,a woman swimming with a baby underwater
1566,video4481,swimming,6,adults and babies in a swimming pool
1567,video4481,swimming,7,adults holding babies while they swim
1568,video4481,swimming,8,babies are held underwater to learn how to swim
1569,video4481,swimming,9,babies are swimming in a pool
1570,video4481,swimming,10,babies learn how to swim with adults pulling them through the water
1571,video4481,swimming,11,babies learning to swim
1572,video4481,swimming,12,men and women holding babies under the water and allowing them to swim
1573,video4481,swimming,13,moms teaching their babies to swim
1574,video4481,swimming,14,parents submerge their babies in a pool and then bring them back up to the surface
1575,video4481,swimming,15,parents teach their babies to swim
1576,video4481,swimming,16,people go for a swim
1577,video4481,swimming,17,people teaching young children to swim
1578,video4481,swimming,18,unerwater shots of people putting babies underwater
1579,video4481,swimming,19,parents submerge their babies in a pool and then bring them back up to the surface
1580,video4540,swimming,0,people are playing in water while some of them watch them
1581,video4540,swimming,1,two persons playing with dolphin
1582,video4540,swimming,2,there is some one swimming with dolphins
1583,video4540,swimming,3,one man in a blue wetsuit and one woman in a red wetsuit are in a swimming pool then a dolphin comes up to them and the three of them duck underwater simultaneously
1584,video4540,swimming,4,a man and woman are seeing swimming in fish tank and they are being shot with the help of a camera hanging there through a crane
1585,video4540,swimming,5,one boy and girl swimming near dolphin in a swimming pool
1586,video4540,swimming,6,children play together in a pool that has a dolphin in it
1587,video4540,swimming,7,the boy and girl were playing with the dolphin in the swimming pool
1588,video4540,swimming,8,a camera records some swimmers in the pool
1589,video4540,swimming,9,a camera films trainers interacting with a dolphin in a pool
1590,video4540,swimming,10,it match live telecast programmed and rather then news now easy
1591,video4540,swimming,11,two people are showing off a dolphin from the pool while a crowd watches on
1592,video4540,swimming,12,two people make a dive on a swimming pool with a dolphin while the moving camera is capturing the moment
1593,video4540,swimming,13,kids are being filmed swimming in a pool with a dolphin
1594,video4540,swimming,14,two kids are swimming with a dolphin in a pool
1595,video4540,swimming,15,blue and red dress girl and boy swimming in water whale moving up and down
1596,video4540,swimming,16,young boys and girls are swimming in the pool when big fishes entered
1597,video4540,swimming,17,bunch of people swimming with the dolphins at an aquarium
1598,video4540,swimming,18,the man and woman were rehearsing the scene in the pool
1599,video4540,swimming,19,some people are swimming around in a pool with a dolphin
1600,video4558,swimming,0,a describes his experiences with his new pool
1601,video4558,swimming,1,a guy talks to the camera and shows his backyard
1602,video4558,swimming,2,a man fixing the tube in the swimming pool
1603,video4558,swimming,3,a man is adjusting the settings of the pool
1604,video4558,swimming,4,a man is by a pool
1605,video4558,swimming,5,a man is discussing pool maintenance
1606,video4558,swimming,6,a man is fixing a pool
1607,video4558,swimming,7,a man is standing by the pool
1608,video4558,swimming,8,a man is talking about his pool outdoors
1609,video4558,swimming,9,a man is talking about his pool
1610,video4558,swimming,10,a man is walking in a camp
1611,video4558,swimming,11,a man pumps the water out of a pool
1612,video4558,swimming,12,guy talking about swimming pool
1613,video4558,swimming,13,man is cleaning a pool
1614,video4558,swimming,14,man takes down volleyball net around pool
1615,video4558,swimming,15,man talking about volley ball
1616,video4558,swimming,16,video of someone trying to show off their pool
1617,video4558,swimming,17,a man fixing the tube in the swimming pool
1618,video4558,swimming,18,man is cleaning a pool
1619,video4558,swimming,19,a man is standing by the pool
1620,video4736,swimming,0,a girl is dancing in a swimming pool
1621,video4736,swimming,1,a girl is dancing in the pool
1622,video4736,swimming,2,a girl is dancing in water pool
1623,video4736,swimming,3,a music video in which women in bikinis frolick in water
1624,video4736,swimming,4,a sexy woman in a bathing suit dancing
1625,video4736,swimming,5,a woman dances around in the pool
1626,video4736,swimming,6,a woman in a bikini plays in a pool
1627,video4736,swimming,7,a woman is dancing
1628,video4736,swimming,8,a woman is dancing in a bikini in the pool
1629,video4736,swimming,9,a woman is in a swimming pool with music playing
1630,video4736,swimming,10,girl jumping in water
1631,video4736,swimming,11,girls wearing swimming suit
1632,video4736,swimming,12,music is playing while a girl is having fun in a pool
1633,video4736,swimming,13,women are dancing in a large pool
1634,video4736,swimming,14,women are wearing bikinis in a pool
1635,video4736,swimming,15,women dance in a swimming pool
1636,video4736,swimming,16,women dance in water
1637,video4736,swimming,17,women enjoying in swimming pool with dance and song
1638,video4736,swimming,18,a sexy woman in a bathing suit dancing
1639,video4736,swimming,19,a girl is dancing in the pool
1640,video4759,swimming,0,a bodybuilder lifts some weights outside
1641,video4759,swimming,1,a couple of people strength exercising
1642,video4759,swimming,2,a muscular man is lifting weights
1643,video4759,swimming,3,a person is exercising outdoors
1644,video4759,swimming,4,a person is swimming
1645,video4759,swimming,5,a scene from a tv show
1646,video4759,swimming,6,a series of people in various sports
1647,video4759,swimming,7,a video clip shows various sports activities
1648,video4759,swimming,8,a woman is climbing a rope
1649,video4759,swimming,9,a woman runs in a race
1650,video4759,swimming,10,athletes train for various sports
1651,video4759,swimming,11,body builders and swimmers are showing off their bodys
1652,video4759,swimming,12,intro of some games festival
1653,video4759,swimming,13,montage of athletes competing
1654,video4759,swimming,14,multiple athletes performing intense athletic feats
1655,video4759,swimming,15,muscular people doing different physical activities to dramatic music
1656,video4759,swimming,16,people are lifting weights
1657,video4759,swimming,17,people are shown to be doing assorted exercises like swimming
1658,video4759,swimming,18,several athletes are showing off their abilities
1659,video4759,swimming,19,the man was lifting a lot of pounds for weights
1660,video4950,swimming,0,a walkway extends to the beach in a pleasant island environment
1661,video4950,swimming,1,view of a beautiful resort illuminated in the night in the middle of swimming pool
1662,video4950,swimming,2,music is playing while different still shots of beautiful beach front properties are displayed
1663,video4950,swimming,3,country song playing while nice hotel resort with amazing pools is shown during day and night
1664,video4950,swimming,4,a wooden deck that stretches out into the blue ocean water
1665,video4950,swimming,5,country pop plays while pictures of a resort on a beach are shown
1666,video4950,swimming,6,computer generated view of a clear pool and dock overlooking the ocean switching to the completed project
1667,video4950,swimming,7,peaceful picture of a resort area with the clear sky and water
1668,video4950,swimming,8,scenes of a tropical location are shown at morning and evening
1669,video4950,swimming,9,a birdseye view of a hotel resorts from various angles and at different times of the day
1670,video4950,swimming,10,instrumental music playing over images of a tropical destination
1671,video4950,swimming,11,a t shaped walkway separating pools and a pavilion surrounded by pools of water with lights
1672,video4950,swimming,12,person is recording the amazing water under the sky
1673,video4950,swimming,13,infinity pool in tropical setting with the ocean in the background
1674,video4950,swimming,14,a adventures scene displaying on the scene beautiful to look historical
1675,video4950,swimming,15,a adventures scene displaying on the scene beautiful to look historical
1676,video4950,swimming,16,a adventures scene historical place trees inside forest still image displaying on screen
1677,video4950,swimming,17,beautiful and smart models are walking in the ramp with beautiful dresses
1678,video4950,swimming,18,a wooden dock goes through the water and buildings are beside it
1679,video4950,swimming,19,there are beautiful blue waters on a dock near small buildings
1680,video513,swimming,0,a competitive swimming match
1681,video513,swimming,1,a man gives commentary for swimming in the olympics
1682,video513,swimming,2,a man is swimming
1683,video513,swimming,3,a swimming contest showing people swimming at the olympics
1684,video513,swimming,4,guys swimming in the swimming competition
1685,video513,swimming,5,many men are swimming competitively
1686,video513,swimming,6,men are swimming in a swimming competition
1687,video513,swimming,7,men compete in swimming
1688,video513,swimming,8,michael phelps competes against other swimmers
1689,video513,swimming,9,michale phelps is swimming in the olympics against others
1690,video513,swimming,10,olympic swimmers competing in a large pool
1691,video513,swimming,11,olympic swimmers race in london
1692,video513,swimming,12,people are competing in a swimming race
1693,video513,swimming,13,people swimming the length of a pool
1694,video513,swimming,14,swimmers are racing in a pool
1695,video513,swimming,15,the swim meet was very competitive
1696,video513,swimming,16,the swimmers are participating the tournament
1697,video513,swimming,17,underwater view of swimmers in competition
1698,video513,swimming,18,a competitive swimming match
1699,video513,swimming,19,people are competing in a swimming race
1700,video5197,swimming,0,a character is using a black board
1701,video5197,swimming,1,a minecraft character is teaching a class of monsters
1702,video5197,swimming,2,a minecraft video showcasing the monsters in a classroom
1703,video5197,swimming,3,a person is playing a video game
1704,video5197,swimming,4,a person is playing a video game
1705,video5197,swimming,5,a teacher is teaching students in minecraft
1706,video5197,swimming,6,a virtual school is shown in minecraft
1707,video5197,swimming,7,animated characters are in a classroom
1708,video5197,swimming,8,gameplay footage of minecraft
1709,video5197,swimming,9,in an animation a teacher is giving instruction to his students
1710,video5197,swimming,10,minecraft characters at a school
1711,video5197,swimming,11,minecraft video and music
1712,video5197,swimming,12,someone is playing a game
1713,video5197,swimming,13,someone is showing video graphics game
1714,video5197,swimming,14,the camera moves in on the video game schoolhouse
1715,video5197,swimming,15,the swimming pool was very large
1716,video5197,swimming,16,video game characters sitting in class
1717,video5197,swimming,17,animated characters are in a classroom
1718,video5197,swimming,18,animated characters are in a classroom
1719,video5197,swimming,19,someone is playing a game
1720,video5216,swimming,0,country music playing and showing luxurious houses on the beach
1721,video5216,swimming,1,there is a beautiful resort with lights all around
1722,video5216,swimming,2,there is a beautiful resort with lights all around
1723,video5216,swimming,3,a nice resort with a beach in front of the buildings
1724,video5216,swimming,4,a beautiful resort is shown on a ocean front from various views
1725,video5216,swimming,5,picturesque views of various travel destinations show off various amenities offered
1726,video5216,swimming,6,it is showing different scences that look like vacations places such as places with pools or an ocean view
1727,video5216,swimming,7,a hotel near the lake and with big swimming pool on the evening time
1728,video5216,swimming,8,in tropical location surrounded by water and piers
1729,video5216,swimming,9,there is a display of fancy luxury houses next to the beach and ocean during the early night
1730,video5216,swimming,10,a video of a really nice vacation spot somewhere in the world
1731,video5216,swimming,11,scenes of various lit houses are displayed and set to music
1732,video5216,swimming,12,pop rock music plays over images of vacation spots
1733,video5216,swimming,13,scenes of a tropical location are shown in sequence probably advertising a vacation spot
1734,video5216,swimming,14,different luxury homes with large pools are shown in a slide show
1735,video5216,swimming,15,still photos of a vacation resort with music playing
1736,video5216,swimming,16,a adventures scene displaying on the scene beautiful to look historical
1737,video5216,swimming,17,homes are shown next to bright blue water
1738,video5216,swimming,18,an island resort is being filmed out side
1739,video5216,swimming,19,some people in a place are at a pier
1740,video5411,swimming,0,two people are enjoying playing in pool here
1741,video5411,swimming,1,there is a dolphin playing with some kids
1742,video5411,swimming,2,there is some one swimming with dolphins
1743,video5411,swimming,3,two people are swimming with the dolphins in the tank
1744,video5411,swimming,4,a boy and girl is their in the swimming pool
1745,video5411,swimming,5,the director shoots a movie with the actress along with a dolphin animal in the swimming pool
1746,video5411,swimming,6,a man and a woman are diving in a pool with a dolphin while it whistles
1747,video5411,swimming,7,filming a woman swimming with a dolphin at a water park
1748,video5411,swimming,8,women doing shooting in swimming pool with dolphin
1749,video5411,swimming,9,there is a camera crew filiming a blond woman in a pool interacting with a dolpin
1750,video5411,swimming,10,a man and woman swaimming around in the water
1751,video5411,swimming,11,a woman in a red bathing suit swimswith a dolphin
1752,video5411,swimming,12,a woman screams happily as she swims with a dolphin
1753,video5411,swimming,13,a woman is training the dolphins in the water
1754,video5411,swimming,14,the women in the swimming pool playing with dolphin
1755,video5411,swimming,15,girl in red and boy in blue dress swimming in pool of water
1756,video5411,swimming,16,bunch of people swimming with the dolphins at an aquarium
1757,video5411,swimming,17,in a swimming pool a women and man swim in front of video
1758,video5411,swimming,18,the woman swims in the tank with the dolphin
1759,video5411,swimming,19,some people are swimming around in a pool with a dolphin
1760,video579,swimming,0,a man is swimming on one side of his body using only one hand and moving forward with his legs
1761,video579,swimming,1,a balding swimmer does a side stroke in a swiiming pool
1762,video579,swimming,2,a man does a side stroke in a a swimming pool underwater
1763,video579,swimming,3,a man wearing a dark swimsuit is swimming in a pool on his side with one arm at his waist and the other out in front
1764,video579,swimming,4,a man swims sideways below the surface of the water while extending one arm overhead and kicking his legs in a pool of reflections
1765,video579,swimming,5,a person in swimming pool show secret swim under the water
1766,video579,swimming,6,man swimming on his side through water in a pool
1767,video579,swimming,7,a person in a pair of black bathing shorts is swimming in crystal blue water
1768,video579,swimming,8,someone is swimming in the pool while a narrator instructs on swimming methods
1769,video579,swimming,9,a man does a side stroke swimming in a pool
1770,video579,swimming,10,a man swims in a swimming pool as a man describes it
1771,video579,swimming,11,man in black shorts is swimming underwater in the pool
1772,video579,swimming,12,the man is swimming underwater in the swimming pool
1773,video579,swimming,13,a man swims under the water in the pool
1774,video579,swimming,14,a man swimming in water with one hand displaying on screen
1775,video579,swimming,15,a person swimming inside water with one hand displaying on screen
1776,video579,swimming,16,a person wearing black swim trunks is swimming in a pool
1777,video579,swimming,17,a person in trunks shows how to swim in a pool
1778,video579,swimming,18,a person showing swimming techniques in front of camera
1779,video579,swimming,19,a man wearing black swim shorts is swimming on his side back and forth in a swimming pool
1780,video5820,swimming,0,a half naked man is swimming in a lake
1781,video5820,swimming,1,a man swims to his surfboard in a chick beneath a bridge
1782,video5820,swimming,2,a man is trying to swim on a blue surfboard in a lake there are other people laughing at him
1783,video5820,swimming,3,a man is swimming and catching the boat
1784,video5820,swimming,4,a man is swimming through a pool of shallow water to recover his surf board
1785,video5820,swimming,5,a boy swimming in the pond and climbing the surfer and moves with it
1786,video5820,swimming,6,a man jumps into the water trying to grab his surf board
1787,video5820,swimming,7,the swimming pool full water and a man swimming
1788,video5820,swimming,8,guy slips and falls into water catches boat and gets into it
1789,video5820,swimming,9,a man is swimming onto a surfboard in the middle of a river
1790,video5820,swimming,10,a young man paddling on a surfboard in a creek or river
1791,video5820,swimming,11,a man swims out to a surfboard while laughter is heard
1792,video5820,swimming,12,a man trying to get on his surfboard and swim push himself along with the surfboard
1793,video5820,swimming,13,man is swimming in the water on sunny day
1794,video5820,swimming,14,person is swimming in the water on a sunny day
1795,video5820,swimming,15,the man is swimming in the pool and relaxing on a sunny day
1796,video5820,swimming,16,someone swimming in water and lie on blue boat then all so swim
1797,video5820,swimming,17,a man is swimming to his surfboard in a canal
1798,video5820,swimming,18,shirtless guy getting ready to surf in the river
1799,video5820,swimming,19,a waterfall is crashing down into a river
1800,video5862,swimming,0,people swimming around in a pool and playing
1801,video5862,swimming,1,a music video with a pool/hot spring setting
1802,video5862,swimming,2,several men and women swim in a steamy pool and dive from diving boards
1803,video5862,swimming,3,a group of people are wading in a swimming pool and a man is diving off a diving board
1804,video5862,swimming,4,there are many young people in a large hot springs and a young man takes a dive off of the top of a bridge
1805,video5862,swimming,5,lot of men are enjoying bath in water pool and one jumps into it
1806,video5862,swimming,6,a pool party is going on with loud music in the background
1807,video5862,swimming,7,music plays while people swim in a heated pool
1808,video5862,swimming,8,a group of men and women were swimming in the water
1809,video5862,swimming,9,a people are swimming in the pool waetr
1810,video5862,swimming,10,a people are swimming in the pool waetr
1811,video5862,swimming,11,many people are swimming and smiling in water
1812,video5862,swimming,12,people in a steamy pool in the winter
1813,video5862,swimming,13,people are enjoying in a swimming pool
1814,video5862,swimming,14,people are swimming in a pool and a man is jumping off the diving board
1815,video5862,swimming,15,a group of people swim in a lake outside while music plays
1816,video5862,swimming,16,people at a ski resort in a steamy pool
1817,video5862,swimming,17,a group of people swim in a pool with steam coming off it
1818,video5862,swimming,18,a macklemore song is playing over shots of people in a pool
1819,video5862,swimming,19,a person is about to jump in a lake outside
1820,video6185,swimming,0,a couple of judges are shown on a jumbo screen at a synchronized swimming event
1821,video6185,swimming,1,a judge is giving her explanation
1822,video6185,swimming,2,a man speaks to a person on stage
1823,video6185,swimming,3,a swim team is shown standing on television
1824,video6185,swimming,4,a swim team is standing on stage
1825,video6185,swimming,5,a team awaits scores from the judges
1826,video6185,swimming,6,a woman talks to a woman sitting in the audience
1827,video6185,swimming,7,gymnasts are waiting for their scores
1828,video6185,swimming,8,judges at a swimming competition
1829,video6185,swimming,9,judges give scores at a competition
1830,video6185,swimming,10,ladies speaking at swimming event
1831,video6185,swimming,11,many people talk together at a sporting event
1832,video6185,swimming,12,many women are posing together
1833,video6185,swimming,13,professional swim dancers aer being judged
1834,video6185,swimming,14,several people are having a conversation at a sporting event
1835,video6185,swimming,15,some people are talking
1836,video6185,swimming,16,synchronized swimmers await their scores
1837,video6185,swimming,17,women dressed up standing on a stage
1838,video6185,swimming,18,judges give scores at a competition
1839,video6185,swimming,19,several people are having a conversation at a sporting event
1840,video6551,swimming,0,a clip is shown from a talent show
1841,video6551,swimming,1,a clip taken from a talent show
1842,video6551,swimming,2,a group of judges is watching an act
1843,video6551,swimming,3,a man with an umbrella is talking about something in outdoor
1844,video6551,swimming,4,a man is talking
1845,video6551,swimming,5,a man is watching a game show in the rain
1846,video6551,swimming,6,a man wearing a black shirt
1847,video6551,swimming,7,a person using an umbrella and swimmers stretching
1848,video6551,swimming,8,four women are preparing to perform in the water
1849,video6551,swimming,9,judges are reacting to a swimming act on a talent show
1850,video6551,swimming,10,judges watch as people perch above large water tanks begin to enter them on a television show
1851,video6551,swimming,11,people are watching performers on top of a tank of water
1852,video6551,swimming,12,people judge a performance
1853,video6551,swimming,13,simon cowell and others are watching a competition
1854,video6551,swimming,14,simon cowell judging his show
1855,video6551,swimming,15,simon cowell sits in judgement of a talent show
1856,video6551,swimming,16,swimmers performing in front of judges at a talent contest
1857,video6551,swimming,17,television program hosts are talking about contestants
1858,video6551,swimming,18,a clip is shown from a talent show
1859,video6551,swimming,19,a man is watching a game show in the rain
1860,video6791,swimming,0,a scene from a tv show
1861,video6791,swimming,1,a video is shown of different people on a talent show swimming
1862,video6791,swimming,2,four women are performing in the water
1863,video6791,swimming,3,four women are performing under water while judges are clapping their hands
1864,video6791,swimming,4,four women hop out of tanks of water
1865,video6791,swimming,5,four women perform an act in water and are watched by a panel of judges
1866,video6791,swimming,6,four women performing in water tanks
1867,video6791,swimming,7,four women swiming in small boxes in front of simon cowell video has no audio
1868,video6791,swimming,8,judges and a crowd look on while four swimmers sing
1869,video6791,swimming,9,judges are clapping for a performance
1870,video6791,swimming,10,people are swimming in little tanks
1871,video6791,swimming,11,people preform for judges in a competition
1872,video6791,swimming,12,simmon from american idol watch some games
1873,video6791,swimming,13,some woman s are in water and other s are clapping his hand s
1874,video6791,swimming,14,synchronized swimmers dancing in water
1875,video6791,swimming,15,synchronized swimmers emerge from water tanks
1876,video6791,swimming,16,syncronized swimmers perform in tanks
1877,video6791,swimming,17,women perform in water for judges
1878,video6791,swimming,18,women surface above the water
1879,video6791,swimming,19,four women are performing in the water
1880,video6829,swimming,0,a woman and a girl are swimming in a swimming pool together
1881,video6829,swimming,1,a woman and a girl swimming under water in a pool
1882,video6829,swimming,2,a woman and girl are swimming
1883,video6829,swimming,3,a woman and girl are swimming
1884,video6829,swimming,4,a woman is swimming
1885,video6829,swimming,5,a young girl swims underwater with an older girl
1886,video6829,swimming,6,an adult woman and female girl swimming underneath the water in a swimming pool
1887,video6829,swimming,7,girls are swimming in a pool
1888,video6829,swimming,8,girls are swimming under water in a swimming pool
1889,video6829,swimming,9,two females are swimming together under the water
1890,video6829,swimming,10,two girls are swimming in a pool
1891,video6829,swimming,11,two girls are swimming in a pool
1892,video6829,swimming,12,two girls are swimming underwater
1893,video6829,swimming,13,two girls swimming underwater in a large pool
1894,video6829,swimming,14,two women are swimming inside the water in a swimming pool
1895,video6829,swimming,15,two women swim underwater in a pool
1896,video6829,swimming,16,two young girls are swimming underwater in a pool
1897,video6829,swimming,17,two young girls swim in a pool together
1898,video6829,swimming,18,woman and girl swimming under water
1899,video6829,swimming,19,young girls swimming at the bottom of a pool
1900,video6850,swimming,0,a group of judges watching a performance on stage
1901,video6850,swimming,1,a panel of judges are watching women perform in water
1902,video6850,swimming,2,a talent show where the contestants are performing in water
1903,video6850,swimming,3,a team of athletes is doing synchronized actions in a small tank of water while being judged
1904,video6850,swimming,4,a woman is balanced above water
1905,video6850,swimming,5,an aquatic group is performing on a talent show
1906,video6850,swimming,6,contestants perform for judges on a talent show
1907,video6850,swimming,7,four women are performing on top of water containers while judges are watching them
1908,video6850,swimming,8,four women perform an act in water while a panel of judges watch
1909,video6850,swimming,9,four women perform on the talent show
1910,video6850,swimming,10,girls doing some stunts on the show
1911,video6850,swimming,11,judges on a tv show watching swimmers do an act
1912,video6850,swimming,12,judges sit and watch a talent competition
1913,video6850,swimming,13,judges watch four people jump into a tank of water
1914,video6850,swimming,14,simon cowel is watching people jump into water on stage
1915,video6850,swimming,15,simon cowell judging his show
1916,video6850,swimming,16,syncronized swimmers perform in tanks
1917,video6850,swimming,17,the me were holding umbrellas
1918,video6850,swimming,18,women show off their swimming bodies
1919,video6850,swimming,19,women stand above vats of water as judges watch on
1920,video7951,swimming,0,ellen degeneres and three men gather around a black five gallon drum pouring into a children s wading pool
1921,video7951,swimming,1,ellen degeneres and three men gather around a black five gallon drum pouring into a children s wading pool
1922,video7951,swimming,2,guests on the ellen degeneres show are demonstrating a cooking application
1923,video7951,swimming,3,a man adjusts a black metal drum placed behind a child s plastic pool by two green buckets on a stage with slat flooring and a blue-screen background
1924,video7951,swimming,4,among four men one of them is trying to prepare in the big vessel
1925,video7951,swimming,5,some men on the ellen show conduct an experiment with some water
1926,video7951,swimming,6,a scientist does an experiment on a day time talk show
1927,video7951,swimming,7,a chef cooking something in a big can with two people watching him
1928,video7951,swimming,8,chef cooking something in a big drum in-front of two guys in formal wear
1929,video7951,swimming,9,a kids tub is on stage of the ellen show and a man opens up large metal drum for chemistry experiment
1930,video7951,swimming,10,a group of three people standing on a stae next to a kids swimming pool
1931,video7951,swimming,11,group of people are doing something in the studio
1932,video7951,swimming,12,there are four people on stage one of these people is ellen two men are doing a science experiment
1933,video7951,swimming,13,a boiler boiling water machine drum persons beside opening with glooves and explayning hitting with rod displaying on screen
1934,video7951,swimming,14,guests watch professor tweak barrel in science experiment on ellen
1935,video7951,swimming,15,two men on the ellen show demonstrate a science experiment dealing with steam a metal barrel and a swimming pool
1936,video7951,swimming,16,men heating up a small pool of water on the ellen show
1937,video7951,swimming,17,a young man on a tv show prepares for a science demonstration
1938,video7951,swimming,18,four people are at a talk show with a kiddie swimming pool and a steel 55 gallon drum
1939,video7951,swimming,19,persons doing the experiment for something in a show
1940,video8271,swimming,0,a women in black dress singing on the stage show
1941,video8271,swimming,1,there is a brown hair woman is singing a song
1942,video8271,swimming,2,terrific song being sung by a woman with brown hair and sexy eyes
1943,video8271,swimming,3,a punk artist in a rock and roll music video sings her lyrics
1944,video8271,swimming,4,song by a girl while all people inside the water playing and dancing
1945,video8271,swimming,5,a woman is singing a song as some other people are swimming and dancing
1946,video8271,swimming,6,avril lavigne sings and swims in a a pool in a music video
1947,video8271,swimming,7,people are swimming in a pool with their clothes on a woman is singing in a band with heavy makeup on
1948,video8271,swimming,8,people are swimming in a pool with their clothes on a woman with heavy makeup is singing
1949,video8271,swimming,9,women singing song and playing guitar
1950,video8271,swimming,10,video flips between frames under water and a setting in a room the singer is singing we dont give a fuk and is showing her middle finger
1951,video8271,swimming,11,a female rock band performs in a studio while people frolic underwater in an indoor swimming pool
1952,video8271,swimming,12,singer avril lavigne sings a song while different people swim under water
1953,video8271,swimming,13,singer avril lavigne sings while people swim under water
1954,video8271,swimming,14,music video where kids transition from school room to in a pool underwater
1955,video8271,swimming,15,there are people dressed in clothes underwater swimming around
1956,video8271,swimming,16,blonde woman is singing with the other members of the group
1957,video8271,swimming,17,girl with blind hair going through various scenes playing guitar and singing
1958,video8271,swimming,18,womens are singing and dancing in the room and in the swimming pool also many of them are swimmiing in the pool in their bikini
1959,video8271,swimming,19,a women is singing on a different stages and her friends are playing in a pool
1960,video835,swimming,0,a man in blue shirt is swimming and struggling to save himself while rescuers come in time
1961,video835,swimming,1,a beach with someone swimming in the water
1962,video835,swimming,2,a person is giving commentary about surfing in the sea
1963,video835,swimming,3,a man describes a scene of another man being attacked by a shark
1964,video835,swimming,4,a men is swiming in a deep sea
1965,video835,swimming,5,surfer swims away from shark attack after shark bites through his surfboard leash
1966,video835,swimming,6,a man described about the rescue process in the sea
1967,video835,swimming,7,a man explaining an incident where a shrk attacked a man but luckily he was fine
1968,video835,swimming,8,one swimming man is swimm in sea and some other peoples are riding the boats
1969,video835,swimming,9,a person is swimming in the sea and someone is rescuing him by boat
1970,video835,swimming,10,young turks cnn man swims in a sea then boats came
1971,video835,swimming,11,a swimmer tries to swim away from an attacking shark
1972,video835,swimming,12,a person with blue shirt swimming in the sea and climbs on surfing boat
1973,video835,swimming,13,a person with blue dress is swimming and enjoying in the sea
1974,video835,swimming,14,a man is swimming the sea very fast
1975,video835,swimming,15,in the ocean the man swims very quickly away from the shark
1976,video835,swimming,16,a person is surfing the waves of an ocean
1977,video835,swimming,17,some waves on a beach are rolling in
1978,video835,swimming,18,someone is swimming around in the ocean outside
1979,video835,swimming,19,the man is swimming to get away from a sharkwhen people on jet skis rescue him
1980,video1388,tennis,0,a young man talking about his play
1981,video1388,tennis,1,there is a man playing with a table tennis bat
1982,video1388,tennis,2,slowed footage of a focused ping pong player is shown
1983,video1388,tennis,3,a man is prepared to serve a ping pong ball in a match the video is in slow motion
1984,video1388,tennis,4,a table tennis player hits the ball lifts his hand and shows excitment
1985,video1388,tennis,5,a man raises his hands in the air after hitting a tennis ball over a net
1986,video1388,tennis,6,a ping pong ball flies over the net in slow motion as the player celebrates his winning shot
1987,video1388,tennis,7,a slow motion ping pong commercial is played with someone winning
1988,video1388,tennis,8,man hits a ping pong ball and puts his hands in the air to celebrate
1989,video1388,tennis,9,a man is playing a table tennis game
1990,video1388,tennis,10,a man hits a ping pong ball in a table tennis tournament and celebrates his score
1991,video1388,tennis,11,a table tennis player rejoices at an indoor stadium where he successfully hits a perfect spin shot
1992,video1388,tennis,12,a man in a colored t shirt talks to a camera crew
1993,video1388,tennis,13,person in black shirt is celebrating the point and the win
1994,video1388,tennis,14,a black and red color dress wearing boy playing table tennis game audience watching speaking how to play displaying on screen
1995,video1388,tennis,15,a man in black shirt playing tennis and he won the match
1996,video1388,tennis,16,a table tennis player with black shirt explains about his fantastic short
1997,video1388,tennis,17,a table tennis match where a german is getting victorious
1998,video1388,tennis,18,two players are playing tennis with red and black colour dress
1999,video1388,tennis,19,slow motion of a table tennis tournament
2000,video1536,tennis,0,two extremely talented athletes are vying for the win in a table tennis match
2001,video1536,tennis,1,two men are facing off in a ping pong tournament
2002,video1536,tennis,2,two men playing table tennis where one guy wearing red and other black shirt
2003,video1536,tennis,3,two players dressed in black and red are playing table tennis
2004,video1536,tennis,4,this is a very intense table tennis match between two athletes in outstanding form
2005,video1536,tennis,5,table tennis players are playing tennis
2006,video1536,tennis,6,two people are playing ping pong or table tennis and volleying the ball back and forth
2007,video1536,tennis,7,a ping-pong player wearing black shirt and shorts leans his extended arm on the blue table while holding the white ball in his upturned palm
2008,video1536,tennis,8,two men are playing ping pong the man in the red shirt wins the match quickly
2009,video1536,tennis,9,two men play ping pong in an arena hitting the ball back and forth very fast scoring points
2010,video1536,tennis,10,intense ping pong action is being shown on display
2011,video1536,tennis,11,at a ping pong tournament you see two men competing
2012,video1536,tennis,12,two men play table tennis one wears a red shirt one wears a black shirt
2013,video1536,tennis,13,two men play a ping pong match in a large stadium
2014,video1536,tennis,14,two ping pong player playing a very serious game without giving any chance to each other
2015,video1536,tennis,15,two asian men are playing ping pong and one of them scores
2016,video1536,tennis,16,man in black shirt is playing match with man in red shirt
2017,video1536,tennis,17,a red and black color dress players playing game table tennis inside a stadium audience watching displaying on screen
2018,video1536,tennis,18,two asian men playing a professional game of ping pong
2019,video1536,tennis,19,tabile tennis game
2020,video1543,tennis,0,a man in green t-shirt is practising his table tennis skills
2021,video1543,tennis,1,man in green t-shirt is showing his skill in balancing with table tennis ball
2022,video1543,tennis,2,two persons are playing table tennis game
2023,video1543,tennis,3,there is a man doing some techniques in a court
2024,video1543,tennis,4,a table tennis player is trying to bounce and balance a ping pong ball on the handle of his racket for as long as he can
2025,video1543,tennis,5,a table tennis player balances the ball on his racket
2026,video1543,tennis,6,a man holding a ping racket and bouncing the ball on the handle
2027,video1543,tennis,7,a man in a green shirt turns a ping pong paddle so the butt side of the handle is facing up and bounce a ping pong ball on it
2028,video1543,tennis,8,the player is playing tricks with his board
2029,video1543,tennis,9,a man in a green shirt and black shorts repeatedly bounces a white ping pong ball on the bottom edge of his paddle handle
2030,video1543,tennis,10,hip hop music plays as a pale man in a green and red shirt warms up to play table tennis
2031,video1543,tennis,11,two table tennis players play a competitive match
2032,video1543,tennis,12,table tenis players holding paddles with a song playing in the back ground
2033,video1543,tennis,13,a green and blue t shirt player playing with bat in ground displaying on screen
2034,video1543,tennis,14,two expert ping pong players take a momentary pause at the ittf world tour
2035,video1543,tennis,15,a table tennis performs a trick with his paddle
2036,video1543,tennis,16,a badminton player in green dress is showing this badminton tricks
2037,video1543,tennis,17,young men do funny tricks while playing ping pong
2038,video1543,tennis,18,the man bounces a ping pong ball on the end of his paddle
2039,video1543,tennis,19,some people are playing ping pong on a court
2040,video1545,tennis,0,two doubles teams play badminton by volleying the birdie across a net
2041,video1545,tennis,1,a men s tennis game one team is wearing yellow and the other is wearing blue and red
2042,video1545,tennis,2,there is a yellow jersey team playing badminton in a green court
2043,video1545,tennis,3,a badminton doubles match is being played on a green court surrounded by a blue floor
2044,video1545,tennis,4,mixed doubles of shuttle badminton is going on
2045,video1545,tennis,5,an epic battle between tennis players they are running
2046,video1545,tennis,6,two teams of tennis player are playing a tennis game
2047,video1545,tennis,7,two teams of two face off in a high level tennis match
2048,video1545,tennis,8,a doubles shuttle match is played between two teams with referre beside
2049,video1545,tennis,9,doubles team plays tennis one team yellow the other blue and red
2050,video1545,tennis,10,tennis players swing the tennis ball back and forth
2051,video1545,tennis,11,a couple of points from an international badminton doubles match with two men in blue and two men in yellow
2052,video1545,tennis,12,athletes compete in pro tennis game in front of audience
2053,video1545,tennis,13,four players are playing a badminton match on the court
2054,video1545,tennis,14,fierce competetion in dual tennis match from players in yellow
2055,video1545,tennis,15,the players are wearing different uniforms and playing tennis happily
2056,video1545,tennis,16,a group of people play a rough game of badminton
2057,video1545,tennis,17,four young people play an exciting game of tennis
2058,video1545,tennis,18,a group of players are playing badminton in a court
2059,video1545,tennis,19,the badminton teams battle each other on the court to find out which team is best
2060,video1608,tennis,0,there is going on a table tennis game between two people one is in yellow and the other is in red dressing
2061,video1608,tennis,1,two players wearing red and yellow t-shirts and play the table tennis with full of energy
2062,video1608,tennis,2,a red jersey man is playing table tennis in a court
2063,video1608,tennis,3,the three purple dots are moving left to right and end up with one dot
2064,video1608,tennis,4,table tennise player with red and orange shirt are playing
2065,video1608,tennis,5,in the cort the table tennis players are played in very well the colour of the back ground is red
2066,video1608,tennis,6,in the cort the table tennis players are played in very well the colour of the back ground is red
2067,video1608,tennis,7,table tennis match in which a yellow dress player won the set
2068,video1608,tennis,8,two people compete in a fast-paced game of table tennis
2069,video1608,tennis,9,a two men are playing a table tennis game
2070,video1608,tennis,10,table tennis players playing the game with out loosing the point
2071,video1608,tennis,11,two men play table tennis one in orange and the other in yellow
2072,video1608,tennis,12,two men compete in an intense game of table tennis
2073,video1608,tennis,13,two players are playing table tennis match in the gym
2074,video1608,tennis,14,a yellow and red color dress players playing game inside stadium table tennis game audience watching displaying on screen
2075,video1608,tennis,15,dramatic music plays as two men battle in a table tennis match
2076,video1608,tennis,16,two men battle in an intense and close table tennis match as thematic music plays
2077,video1608,tennis,17,two men one in yellow shirt and one in red shirt playing ping pong
2078,video1608,tennis,18,a pair of young people play a challenging game of ping pong
2079,video1608,tennis,19,men are playing table tennis in a room with spectators watching them
2080,video19,tennis,0,two men during a tenis match the commentator is speaking french
2081,video19,tennis,1,two men compete in a fast paced table tennis match
2082,video19,tennis,2,table tennis is being played by two men and finishes the ball
2083,video19,tennis,3,the player with red t-shirt smashes the ball well and wins a point
2084,video19,tennis,4,two ping pong players are in active competition against each other
2085,video19,tennis,5,the table tennis match of men s singles is going on
2086,video19,tennis,6,the player with black dress starts the serve then lost the set
2087,video19,tennis,7,a green dress man and red dress man playing badminton
2088,video19,tennis,8,in a ping pong stadium two men play a game
2089,video19,tennis,9,a two men are playing a table tennis game
2090,video19,tennis,10,a two men are playing a table tennis game
2091,video19,tennis,11,the computer is not giving me access to the video
2092,video19,tennis,12,two men play ping pong in a large stadium
2093,video19,tennis,13,a very skillful ping pong rally in a professional tournament match
2094,video19,tennis,14,two young men face off in an organized table tennis match
2095,video19,tennis,15,two ping pong players match off and the red player wins
2096,video19,tennis,16,professional game indoors of ping pong played by 2 men watched by a crowd
2097,video19,tennis,17,tennis table players hit a ball back and fourth on a green tennis table
2098,video19,tennis,18,a mens single table tennis is being shown and it is the semi-final match
2099,video19,tennis,19,ping pong players in red and green tshirt playing against each other
2100,video2379,tennis,0,two people playing table tennis game in front of the audience
2101,video2379,tennis,1,a heated table tennis match is underway containing multiple additional plays
2102,video2379,tennis,2,a man in red shirt is playing table tennis with his friend
2103,video2379,tennis,3,two men are playing against each other in an intense game of professional table tennis
2104,video2379,tennis,4,in the cort the table tennis players are played in very well the colour of the back ground is blue
2105,video2379,tennis,5,two men play a ping pong ball match while a male voice does commentary
2106,video2379,tennis,6,two people playing table tennis and someone was talking about the game
2107,video2379,tennis,7,one in blue and one in red play ping pong
2108,video2379,tennis,8,two men are hitting a small white ball back and forth over a small table using paddles
2109,video2379,tennis,9,two people are standing across at long table and throwing a small ball between them with paddles
2110,video2379,tennis,10,two professional table tennis players superbly competing against each other in a match at an indoor stadium
2111,video2379,tennis,11,two men are competing in a ping-pong match on a blue court
2112,video2379,tennis,12,a man in a blue shirt and a man in a red shirt are playing a competitive game of table tennis
2113,video2379,tennis,13,a red and blue color dress players playing game table tennis inside a stadium audience watching displaying on screen
2114,video2379,tennis,14,men in red and blue shirts playing a professional game of ping pong
2115,video2379,tennis,15,a pair of young men play a challenging game of ping pong
2116,video2379,tennis,16,a pair of young people play a challenging game of ping pong
2117,video2379,tennis,17,a man in a blue shirt and a man in red shirt playing tennis on a table
2118,video2379,tennis,18,two men playing in a table tennis tournament on a small table
2119,video2379,tennis,19,two men playing table tennis competitively on a blue table
2120,video2608,tennis,0,two men playing ping pong there is a crowd watching to the left
2121,video2608,tennis,1,two men dressed in red are playing ping-pong in slow motion
2122,video2608,tennis,2,the men in shorts hit the ball over the net with a paddle
2123,video2608,tennis,3,in the cort the shuttle single players are played in very well
2124,video2608,tennis,4,in the cort the table tennis players are played in very well the colour of the back ground is blue
2125,video2608,tennis,5,in the cort the table tennis players are played in very well the colour of the back ground is red
2126,video2608,tennis,6,slow motion of two male table tennis players competing
2127,video2608,tennis,7,a guy in a uniform is trying to win his pingpong competition
2128,video2608,tennis,8,two men play a match of table tennis indoors while spectators look on
2129,video2608,tennis,9,ping pong match between two people both in red shirts and shows the one guy running onto other side
2130,video2608,tennis,10,two men run around playing a game of table tennis as music plays
2131,video2608,tennis,11,a ping pong match between 2 men while a crowd is watching
2132,video2608,tennis,12,two players one in red t-shirt and other in red and black t-shirt are playing table tennis in a stadium
2133,video2608,tennis,13,the player in red shirt is hitting the ball so hard
2134,video2608,tennis,14,ping pong player shows his effort and struggle in returning the ball
2135,video2608,tennis,15,an extra ordinary table tennis match is being played by two young players
2136,video2608,tennis,16,a table tenis mens single match is played and the player beautifully service the opponent
2137,video2608,tennis,17,men s single table tennis is being played and the people are watching very curiously
2138,video2608,tennis,18,a very intense table tennis match being played in front of a crowed
2139,video2608,tennis,19,ping pong tournament in slow motion of a guy doing an incredible move to save the ball
2140,video2860,tennis,0,two players wearing black and white dress playing the tennis well in the tennis court
2141,video2860,tennis,1,a man playing tennis outside trades volleys with a competitor
2142,video2860,tennis,2,two men compete in a game of tennis by volleying balls across a net on a court
2143,video2860,tennis,3,two people are on a tennis court playing a round of tennis
2144,video2860,tennis,4,two men play a game of tennis on a partly cloudy day
2145,video2860,tennis,5,two men are training in a tennis match it is in the broad daylight
2146,video2860,tennis,6,two players are playing tennis the man is using both hands to hit the tennis ball
2147,video2860,tennis,7,the view pro tennis star alex slabinsky sees as he plays for a training video
2148,video2860,tennis,8,two men training in the game of tennis on a clear sunny day
2149,video2860,tennis,9,atp pro tennis player alex slabinsky is hitting back and forth with another player on a tennis court
2150,video2860,tennis,10,guy in cap hitting ball hard on a tennis court
2151,video2860,tennis,11,an outdoors tennis field with 2 men playing tennis viewed from the back of one of the men
2152,video2860,tennis,12,two people are playing tennis in a court on a cloudy afternoon
2153,video2860,tennis,13,a man trains for tennis returning volleys powerfully from the back of the court
2154,video2860,tennis,14,two men training in tennis together while playing it
2155,video2860,tennis,15,two men are playing tennis on a sunny day
2156,video2860,tennis,16,two men hit a tennis ball back and forth vigorously in an attempt to score a point
2157,video2860,tennis,17,the two players are volleying back and forth on an out door tennis court
2158,video2860,tennis,18,two men are playing tennis on a out door court one in white one in black
2159,video2860,tennis,19,some people are playing tennis outside on a court
2160,video3872,tennis,0,two men compete in a game of table tennis by vigorously volleying the ping pong ball over the net
2161,video3872,tennis,1,players are busy and actively involved in the game of table tennis
2162,video3872,tennis,2,a man is shown making a serve during a table tennis match
2163,video3872,tennis,3,two men engaged in a game of table tennis while a background voice explains some basic rules
2164,video3872,tennis,4,two men play in a ping pong competition while a large arena of people watch
2165,video3872,tennis,5,the table tennis match between the men s singles is going on while the audience is watching it
2166,video3872,tennis,6,the play ground in the teams play and watch fans vedio
2167,video3872,tennis,7,a player in red serves ball from underneath against opponent in black during indoor table tennis
2168,video3872,tennis,8,a man talks about how improving your serve in table tennis will improve other aspects of your game
2169,video3872,tennis,9,ping pong instructional video as two men are playing in a match
2170,video3872,tennis,10,a guy speaking about rotation of the ping pong ball
2171,video3872,tennis,11,man in red shirt is serving in the table tennis match
2172,video3872,tennis,12,person in red shirt is playing ping pong with other person
2173,video3872,tennis,13,a red and black color dress players playing game table tennis inside a stadium audience watching displaying on screen
2174,video3872,tennis,14,professional ping pong game and educating on ping pong
2175,video3872,tennis,15,a man serving a ping pong ball in slow motion
2176,video3872,tennis,16,improving you serve in table tennis will also help your receiving get better
2177,video3872,tennis,17,two players are playing table tennis in a court
2178,video3872,tennis,18,a couple of men are playing ping pong on a place
2179,video3872,tennis,19,some people are playing ping pong on a court
2180,video4221,tennis,0,two men are playing pingpong in a refered competision the man in red won the point
2181,video4221,tennis,1,a red tshirt boy is playing table tennis
2182,video4221,tennis,2,there is a red tshirt man playing table tennis in a court
2183,video4221,tennis,3,two ment compete in a table tennis match and one man uses his foot
2184,video4221,tennis,4,at a professional ping-pong match a player in red wins a point against his opponent in black by making a shot with his foot
2185,video4221,tennis,5,in the cort the table tennis players are played in very well
2186,video4221,tennis,6,chineese ping pong championship
2187,video4221,tennis,7,two men playing ping pong professionally and aggressive
2188,video4221,tennis,8,two ping pong players are smacking the ball back and forth and then the red player pulls a trick and wins the game
2189,video4221,tennis,9,a ping pong match between a red team and a black team with a referee blowing whistle
2190,video4221,tennis,10,two men are playing ping pong as the man in red scores
2191,video4221,tennis,11,two men are playing ping pong one player uses his foot in place of the paddle
2192,video4221,tennis,12,two men play ping pong in a stadium in front of lots of people
2193,video4221,tennis,13,player raising his hand after hitting tt ball with leg
2194,video4221,tennis,14,a red and black dress color wearing t shirt players playing table tennis game running in stadium audience watching displaying on screen
2195,video4221,tennis,15,a red and blue dress color wearing t shirt players playing table tennis game running in stadium audience watching displaying on screen
2196,video4221,tennis,16,a pair of young people play a challenging game of ping pong
2197,video4221,tennis,17,a pair of young people play a challenging game of ping pong
2198,video4221,tennis,18,two men in red and black are playing table tennis together
2199,video4221,tennis,19,two players are playing table tennis in the indoor stadium
2200,video4273,tennis,0,two people with blue shirts are practising game of tennis
2201,video4273,tennis,1,a blue jacket man hitting a tennis ball hard
2202,video4273,tennis,2,there is a tennis player hitting hard on the ball
2203,video4273,tennis,3,there is someone smashing tennis ball in a indoor court
2204,video4273,tennis,4,two players are playing long tennis one plyer hits the ball with his racket
2205,video4273,tennis,5,a man in a blue shirt and white pants lunges for the ball during a tennis match
2206,video4273,tennis,6,a guy with blue shirt is running trying to hit the ball with his racket
2207,video4273,tennis,7,two men play tennis on a green court in slow motion
2208,video4273,tennis,8,man practicing tennis with his trainer in indoor stadium
2209,video4273,tennis,9,slow motion video of a man in a blue jacket playing tennis
2210,video4273,tennis,10,a sport highlight video shows two men demonstrating a tennis shot
2211,video4273,tennis,11,a man plays tennis on a tennis court against another man
2212,video4273,tennis,12,a boy with blue shirt and sandal pant plays badminton under the bright light
2213,video4273,tennis,13,a tennis court is being played on by people
2214,video4273,tennis,14,man running in slow motion to hit a tennis ball
2215,video4273,tennis,15,a player try to hit the ball out of stadium
2216,video4273,tennis,16,guy in blue t shirt and grey track pant is playing tennis
2217,video4273,tennis,17,a slow motion replay of a tennis match is being played
2218,video4273,tennis,18,a man hits a tennis ball on a lit up court at night in slow motion
2219,video4273,tennis,19,the man in the blue hoodie swings at the tennis ball as it comes toward him
2220,video4474,tennis,0,two men compete in a game of table tennis by vigorously volleying the ping pong ball over the net
2221,video4474,tennis,1,a red tshirt guy is playing table tennis
2222,video4474,tennis,2,a man in black is playing ping pong with a man in red
2223,video4474,tennis,3,two table tennis players one wearing black play an intense game of ping pong while onlookers watch
2224,video4474,tennis,4,a crowd cheers a professional ping pong-match the player in black wins a very long volley after his opponent in red overshoots with a shot
2225,video4474,tennis,5,table tennis players are playing tennis
2226,video4474,tennis,6,table tennise player with black and red shirt are playing
2227,video4474,tennis,7,fans cheer in the stands two men play ping pong in a competition
2228,video4474,tennis,8,tamble tennis match the play was very fast and the player in black won
2229,video4474,tennis,9,two players at a ping pong contest with people cheering after one of them wins
2230,video4474,tennis,10,a gray ping-pong table is supported by a curved base where a player wearing black-and-white serves the ball and then wins the point
2231,video4474,tennis,11,a red dress player and black dress player playing match
2232,video4474,tennis,12,two men are playing table tennis in front of an enthusiastic crowd
2233,video4474,tennis,13,a game of table tennis is being played between two men
2234,video4474,tennis,14,a couple of men having a ping pong match in front of a large crowd
2235,video4474,tennis,15,two men play a game of table tennis against one another while music plays
2236,video4474,tennis,16,two boys on wearing red t-shirt and other black are playing table tennis
2237,video4474,tennis,17,a very competitive ping pong game is being played
2238,video4474,tennis,18,crowd cheering the two skilled ping-pong players
2239,video4474,tennis,19,two players are playing ping pong and celebrating the point
2240,video4769,tennis,0,the men wearing the black shorts hits the ball over the net with a paddle
2241,video4769,tennis,1,the men wearing the shorts hit the ball over net with a paddle
2242,video4769,tennis,2,two tennis players from china are playing an a proffesional ping pong match the commentator is american
2243,video4769,tennis,3,tow table tennis players are playing table tennis
2244,video4769,tennis,4,a person in a purple shirt is playing ping pong against a person in a red shirt
2245,video4769,tennis,5,a two persons are playing table tennis in the playing court
2246,video4769,tennis,6,in a tv sports channel table tennis match is being shown the match is between red shirt player vs
2247,video4769,tennis,7,two men play a very competitive match of professional ping pong
2248,video4769,tennis,8,two ping pong players are hitting the ball back and forth
2249,video4769,tennis,9,two players playing table tennis
2250,video4769,tennis,10,an amazing rally of deft moves and superb hitting by the players in a table tennis match in an indoor stadium
2251,video4769,tennis,11,a man in a red shirt and a man in a blue shirt play ping pong competitively
2252,video4769,tennis,12,a game of table tennis is being played between two men
2253,video4769,tennis,13,two men playing a ping pong match while a crowd is cheering them on
2254,video4769,tennis,14,table tennis players hit a ball back and forth on a blue tennis table
2255,video4769,tennis,15,two players are playing table tennis match
2256,video4769,tennis,16,two men playing ping-pong professionally one wearing black the other wearing red the player in the black steps very far back from the table
2257,video4769,tennis,17,two people are playing intense professional table tennis together
2258,video4769,tennis,18,some people are playing badminton on a red court
2259,video4769,tennis,19,some people are playing ping pong on a court
2260,video5144,tennis,0,a man is talking about how to measure swing rate
2261,video5144,tennis,1,the swing rate of a tennis racket is measured by a bald man in a blue shirt
2262,video5144,tennis,2,swing rate is a measure of how heavy a racket will feel when swung
2263,video5144,tennis,3,a man is returning a tennis ball that was hit towards him in a slow motion speed
2264,video5144,tennis,4,the man wearing a purple shirt hits the ball over the net
2265,video5144,tennis,5,person playing tennis and someone was explaining how to play it
2266,video5144,tennis,6,in the tennis practice the blue shirt player is swinging the rocket gently on left and right side
2267,video5144,tennis,7,a bald man in a purple shirt plays tennis while someone talks about swing weight
2268,video5144,tennis,8,a bald man wearing blue tshirt returning a tennis shot
2269,video5144,tennis,9,a lawn tennis professional explains with some strokes what he means by swing-way in terms of weight of the racket
2270,video5144,tennis,10,tennis coach giving a demonstration of a tennis shot for his students
2271,video5144,tennis,11,a tennis player swings a racket and hits a tennis ball in slow motion
2272,video5144,tennis,12,a man in a blue shirt hitting a tennice ball in slow motion
2273,video5144,tennis,13,a man holds a tennis racket and swings it to hit balls
2274,video5144,tennis,14,man in blue shirt is hitting the ball with his racket
2275,video5144,tennis,15,a man talks about the science of a tennis racket
2276,video5144,tennis,16,a blue and green color dress speaking players playing game tennis inside a stadium displaying on screen
2277,video5144,tennis,17,a bald man demonstrates how to play a game of tennis
2278,video5144,tennis,18,a person is playing the tennis and a person describes about the tennis racket quality and its size and comfortness etc
2279,video5144,tennis,19,some people are playing tennis outside on a court
2280,video5154,tennis,0,two on each side of this tennis match and both sides doing very well
2281,video5154,tennis,1,two teams in men s doubles tennis competing to win a match
2282,video5154,tennis,2,all persons are playing badmintion game in a ground
2283,video5154,tennis,3,two players in black oppose two players in blue separated by a white net on a green court with white lines
2284,video5154,tennis,4,four people of two sports teams are playing tennis
2285,video5154,tennis,5,chinese people are playing doubles badminton and the blue team appears to be winning
2286,video5154,tennis,6,four players were playing a tennis on the stadium
2287,video5154,tennis,7,four people are hitting a shuttlecock back and forth over a net an audience in watching
2288,video5154,tennis,8,two teams of men play a badmitton match in a large stadium
2289,video5154,tennis,9,teams of doubles play tennis one team in blue and the other in black
2290,video5154,tennis,10,teams of two men each play tennis against each other in a professional tournament
2291,video5154,tennis,11,a badminton doubles match between chinese and vietnamese players
2292,video5154,tennis,12,a point in a doubles badminton match is played
2293,video5154,tennis,13,two doubles teams competing in a badminton match sponsored by yonex a japanese manufacturer of sporting goods
2294,video5154,tennis,14,group of four players are playing a badminton match in a gym
2295,video5154,tennis,15,shuttle bat tournament doubles played enthusiastically by both team
2296,video5154,tennis,16,a group of athletes play an exciting game of tennis
2297,video5154,tennis,17,a group of young people play a tough game of badminton
2298,video5154,tennis,18,two men are playing against two other men in a game of badminton in a professional court with spectators
2299,video5154,tennis,19,some people in some blue shirts are playing a game
2300,video522,tennis,0,a young man playing tennis with a person
2301,video522,tennis,1,two people are playing tennis together in a competitive manner
2302,video522,tennis,2,two men were playing tennis on the stadium
2303,video522,tennis,3,kid in slow motion hitting a tennis ball and hitting it again over the net
2304,video522,tennis,4,two men playing tennis in slow motion
2305,video522,tennis,5,a two men are playing a tennis game
2306,video522,tennis,6,a man in a blue sweater and man in a brown sweater play in door tennis
2307,video522,tennis,7,two men are playing indoor tennis when one them make a mistake
2308,video522,tennis,8,a man hitting a tennis ball with the wrong end of the racket
2309,video522,tennis,9,two men play tennis in a dome in slow motion
2310,video522,tennis,10,two men are playing tennis at a court in the evening
2311,video522,tennis,11,slow motion video captured of man tipping tennis ball
2312,video522,tennis,12,a tennis player who is in blue shirt hit a tennis ball reliable approach shot to his opposite player but he couldn t catch take it
2313,video522,tennis,13,a man in blue hits a ball to a man in red who hits it back with the end of the handle of a tennis racket
2314,video522,tennis,14,two players are playing table tennis in the indoor stadium
2315,video522,tennis,15,slow motion video of tennis play between two men
2316,video522,tennis,16,a player hit the ball coming from opponent in a tennis match
2317,video522,tennis,17,a man in a red sweater plays tennis with a friend
2318,video522,tennis,18,two people are playing an intense game of tennis
2319,video522,tennis,19,two men are playing tennis on a court at night
2320,video5368,tennis,0,there are two ladies playing foot ball and one missed the ball
2321,video5368,tennis,1,there is a woman in violet dressing playing badminton
2322,video5368,tennis,2,two women are playing a terrific rally of shuttle badminton
2323,video5368,tennis,3,two players are playing tennis
2324,video5368,tennis,4,two tennins players are competing in a tennis match one player makes an unbelievable play
2325,video5368,tennis,5,wearing purple plays against a woman wearing blue and black during a rally where both players end up at the net
2326,video5368,tennis,6,two tennis players are hitting the ball back and forth then one of them scores on the other
2327,video5368,tennis,7,two people playing an intense game of tennis
2328,video5368,tennis,8,two women playing playing a shuttle cock game
2329,video5368,tennis,9,two women are playing against each other in a game of badminton
2330,video5368,tennis,10,two women play tennis on an inside tennis court
2331,video5368,tennis,11,a couple of people playing a game of tennis at night on a tennis court
2332,video5368,tennis,12,people play an exciting game of badminton against one another as music plays in the background
2333,video5368,tennis,13,breathtaking mini-tennis match between two ladies
2334,video5368,tennis,14,two players are playing badminton on the court
2335,video5368,tennis,15,two women are playing badminton in the gym
2336,video5368,tennis,16,two woman playing professional tennis match
2337,video5368,tennis,17,two women playing in an intense tennis match
2338,video5368,tennis,18,a couple guys are competing in the badminton sport
2339,video5368,tennis,19,some people are playing badminton on a court
2340,video5845,tennis,0,there are two males playing a singles tennis match against each other
2341,video5845,tennis,1,two men compete in a game of tennis by volleying balls across a net on a court
2342,video5845,tennis,2,a red tshirt man is playing tennis with a man
2343,video5845,tennis,3,it was match where the two players tennis and all the peoples are cheering them up
2344,video5845,tennis,4,a man in orange serves a tennis ball on an all blue court
2345,video5845,tennis,5,man serves the ball in men s singles of tennis
2346,video5845,tennis,6,a man is hitting a ball in the bat
2347,video5845,tennis,7,footage of a tennis match between two men with no narration
2348,video5845,tennis,8,the men play tennis on a blue court as the audience watches
2349,video5845,tennis,9,a tennis match between mexico and someone else and then one of the teams loses
2350,video5845,tennis,10,two male tennis players competing against each other on a blue court
2351,video5845,tennis,11,a singles tennis match in mexico between 2 men
2352,video5845,tennis,12,a two men are playing a table tennis game
2353,video5845,tennis,13,two men playing tennis on a blue court one man is from mexico
2354,video5845,tennis,14,a man in an orange shirt is serving a tennis ball to the player on the other side of the net
2355,video5845,tennis,15,a game of badminton is played between two men
2356,video5845,tennis,16,professional tennis players in orange shirts stand on a blue layout
2357,video5845,tennis,17,presentation of some great shots in a tennis match on hard surface
2358,video5845,tennis,18,tennis player in red and orange shirt playing against each other in a match
2359,video5845,tennis,19,some people on a blue court are playing tennis
2360,video5863,tennis,0,there is a tennis player broken his bat emotionally
2361,video5863,tennis,1,there is a tennis player hitting his bat on a seat
2362,video5863,tennis,2,an audience watches a man in a blue shirt and black shorts who had been playing tennis sit down in a chair
2363,video5863,tennis,3,an angry tennis player hits the chair with his raquet and sits down
2364,video5863,tennis,4,the tennis player bangs the bat against the kit bag in frustration
2365,video5863,tennis,5,during a tennis match when a young tennis player hits his racket at the players bench and items fly up at his face before he takes a seat
2366,video5863,tennis,6,tennis player is having a rage fit and smashes the racket into a bench
2367,video5863,tennis,7,a man angrily smashes his tennis racket against an object
2368,video5863,tennis,8,a player in blue t shirt is hitting his chair with his racket on an us open match
2369,video5863,tennis,9,a tennis player slams his tennis racket against a bench in frustration
2370,video5863,tennis,10,play ground after playing player takes rest and wipes his sweat
2371,video5863,tennis,11,a large audience looks on as a tennis player sits down for a break from match
2372,video5863,tennis,12,a man is swinging a tennis racket in frustration
2373,video5863,tennis,13,a man in a blue shirt sitting down in front of a very large crowd
2374,video5863,tennis,14,a badminton player angrily hit his rackets on as he sat down
2375,video5863,tennis,15,a blue color dress wearing cloth man holding tennis bat sitting on chair audience watching displaying on screen
2376,video5863,tennis,16,tennis player gets angry and smashes raquet against bench
2377,video5863,tennis,17,a tennis player smashes his racket on a bench before sitting down
2378,video5863,tennis,18,a man in a purple shirt hits his tennis racket against a bench and then sits on the bench
2379,video5863,tennis,19,an audience is watching a man in a chair
2380,video5939,tennis,0,two young men playing table tennis while audience watching them
2381,video5939,tennis,1,trick shots seem to make up the entirety of this ping pong match
2382,video5939,tennis,2,a red jersey man is playing table tennis in a court
2383,video5939,tennis,3,two professional athletes play table tennis at a high level
2384,video5939,tennis,4,two players are playing the table tennis and the game is replayed
2385,video5939,tennis,5,the men s table tennis match rally is going on between players
2386,video5939,tennis,6,a slow motion replay of an exciting point between two table tennis players
2387,video5939,tennis,7,a ping pong ball is served in a strange way but backfires for the server
2388,video5939,tennis,8,a two men are playing a table tennis game
2389,video5939,tennis,9,a two men are playing a table tennis game
2390,video5939,tennis,10,two men play a ping pong match in a stadium in front of a large crowd
2391,video5939,tennis,11,two men play a ping pong match in a stadium
2392,video5939,tennis,12,a table tennis player in black serves under arm but is scored on by opponent in purple
2393,video5939,tennis,13,two asian men play table tennis in a tournament
2394,video5939,tennis,14,two men play a game of table tennis against one another
2395,video5939,tennis,15,professional ping pong match between two men while a reporter talks about the game
2396,video5939,tennis,16,two men are playing table tennis in in the gym
2397,video5939,tennis,17,a pair of young asian men play a game of ping pong
2398,video5939,tennis,18,a table tennis match with one competitor starting the match with a trick shot
2399,video5939,tennis,19,ping pong players in red and blue tshirt playing against each other
2400,video6156,tennis,0,there are some tennis players practicing in a court
2401,video6156,tennis,1,two teams are playing doubles tennis one side has blue shirts and one has red
2402,video6156,tennis,2,men s double of tennis is taking place in the court
2403,video6156,tennis,3,two men in blue face off against two men in red in a doubles tennis match
2404,video6156,tennis,4,the men wearing shorts and hats hit the ball over the net
2405,video6156,tennis,5,the men s doubles tennis match rally is going on while the audience is enjoying it
2406,video6156,tennis,6,a team in blue and red playing while peoples watching it
2407,video6156,tennis,7,a small group watches from tiered benches a men s-doubles tennis match played on a green court enclosed in a black chain-link fence
2408,video6156,tennis,8,two guys in red shirts play doubles tennis against two men in red shirts
2409,video6156,tennis,9,a two on two match has team in blue scoring an easy point against opposing red team
2410,video6156,tennis,10,there are several men playing tennis while a crowd watches
2411,video6156,tennis,11,active play during a doubles tennis match between men
2412,video6156,tennis,12,two teams having two player each one is red t-shirt and other in blue are playing lawn tennis
2413,video6156,tennis,13,a blue and red color dress wearing clothes playing game table tennis audience watching clapping hands displaying on screen
2414,video6156,tennis,14,four people play tennis there is a team wearing red shirts and the other wearing blue shirts
2415,video6156,tennis,15,tennis match between two guys wearing green shirts and two wearing red shirts
2416,video6156,tennis,16,two players wearing blue shirt playing tennis with two players wearing pink shirt
2417,video6156,tennis,17,men s doubble tennis match is being conducted and the match is going smoothly and the audience were thrilled to watch the
2418,video6156,tennis,18,a doubles tennis match where one team wears blue shirts and the other team wears red shirts
2419,video6156,tennis,19,players hit the balls coming from opponents in a tennis match
2420,video6187,tennis,0,two young men are playing a very competitive game of table tennis
2421,video6187,tennis,1,two men compete in a game of table tennis by vigorously volleying the ping pong ball over the net
2422,video6187,tennis,2,table tennies court playing two players well
2423,video6187,tennis,3,two boys playing ping pong one is wearing a blue shirt and the other is wearing a red shirt
2424,video6187,tennis,4,a green tshirt man is playing table tennis
2425,video6187,tennis,5,ping pong match is played between a man in a blue shirt and a man in a red shirt
2426,video6187,tennis,6,two men play table tennis and the one in blue wins
2427,video6187,tennis,7,a two men are playing a table tennis game
2428,video6187,tennis,8,two players playing table tennis match in a competition
2429,video6187,tennis,9,two men volley a ping pong ball back and forth at a tournament
2430,video6187,tennis,10,two players play table tennis in an indoor arena before an audience
2431,video6187,tennis,11,pro players in a ping pong tournament game
2432,video6187,tennis,12,two players are in the gym and playing table tennis
2433,video6187,tennis,13,two boys playing ping pong in a competition with music
2434,video6187,tennis,14,a man in blue tshirt playing very wellboth player playing good
2435,video6187,tennis,15,a man in blue and a man in red playing professional ping pong against each other
2436,video6187,tennis,16,there is video of two players in a professional ping pong tournament with a slow motion replay
2437,video6187,tennis,17,a person looking at the camera and talking
2438,video6187,tennis,18,two boys are playing an intense game of ping pong
2439,video6187,tennis,19,some people are playing ping pong on a court
2440,video671,tennis,0,two persons are playing table tennis game
2441,video671,tennis,1,there is a man in red is playing with a man
2442,video671,tennis,2,two people playing table tennis concentrating well
2443,video671,tennis,3,a match of ping pong is being played in a gym
2444,video671,tennis,4,two professional ping pong players are playing to win
2445,video671,tennis,5,two tennis players playing ping pong on a red floor show off their masterful skills
2446,video671,tennis,6,the men hits the ball over the net with a pedal
2447,video671,tennis,7,a professional ping pong match is under way both players are even
2448,video671,tennis,8,two men in a ping pong match on a red floored court
2449,video671,tennis,9,three rectangles of blue light are placed under a blue ping-pong table as players use gentle and hard strokes to hit the ball
2450,video671,tennis,10,two people playing table tennis and people were cheering
2451,video671,tennis,11,two ping pong players duel in a competition
2452,video671,tennis,12,ping pong match and very exciting to watch these two guys
2453,video671,tennis,13,two people are engaged in an intense table tennis match in front of a crowd of spectators in a large arena
2454,video671,tennis,14,two table tennis player playing a very serious game without giving any chance to each other
2455,video671,tennis,15,on a court two male table tennis players are engaged in a game and there is a male voice over
2456,video671,tennis,16,two men play ping pong in front of a crowd of people
2457,video671,tennis,17,two men are playing against each other while a crowd watch
2458,video671,tennis,18,two table tennis athletes performing a great volley
2459,video671,tennis,19,a man in a red shirt is up against a man in a white shirt in a ping pong tournament with an asian announcer talking in the background
2460,video6867,tennis,0,a long blonde hair girl is on a tennis court in one shot she pulls up her skirt and shows her panties
2461,video6867,tennis,1,a blonde tennis player pulls her skirt up in an intermission
2462,video6867,tennis,2,there is a woman in white is showing ass
2463,video6867,tennis,3,there is a woman with brown hair showing her ass
2464,video6867,tennis,4,female tennis players wander around the court preparing for the next round
2465,video6867,tennis,5,a girl with white jersey and another one with blue jersey are playing tennis
2466,video6867,tennis,6,two women are playing tennis and then one woman lifts her skirt to show off a very nice butt
2467,video6867,tennis,7,the women in the the short skirts play tennis as the people watch
2468,video6867,tennis,8,two women are prepared to play a game of tennis on the court outdoors
2469,video6867,tennis,9,sharapova takes ball and her red panty is visible on the camera
2470,video6867,tennis,10,sharapova pics the ball from her skirt and she in blue sleeveless starts to serve
2471,video6867,tennis,11,blonde girl in tennis outfit lifts up her skirt showing orange underwear
2472,video6867,tennis,12,the shuttle player in blue t - shirt is rounding the court
2473,video6867,tennis,13,professional athletes are playing tennis in different matches
2474,video6867,tennis,14,blonde woman is walking and playing tennis match
2475,video6867,tennis,15,lady in a white dress being caught by the camera wearing red panties
2476,video6867,tennis,16,the tennis ball is taken from the low skirt and the tension mounts with the opponent
2477,video6867,tennis,17,a girl with long blond hair playing tennis and taking a ball out of her shorts
2478,video6867,tennis,18,an attractive tennis player with blond hair taking a tennis ball from her backside showing the undergarments
2479,video6867,tennis,19,a female tennis player with long blond hair showed every one her red undies
2480,video6973,tennis,0,two men compete in a game of table tennis by vigorously volleying the ping pong ball over the net
2481,video6973,tennis,1,two people watching table tennis match in the indoor stadium
2482,video6973,tennis,2,two persons are playing table tennis game on the stadium
2483,video6973,tennis,3,two men are playing table tennis in a room full of people
2484,video6973,tennis,4,a game of table tennis between two asian opponents is won when one hits the ball completely over the opponents head
2485,video6973,tennis,5,the table tennis player in black jumps with joy after winning the game
2486,video6973,tennis,6,table tennise player with blue and red shirt are playing
2487,video6973,tennis,7,the table tennis match rally of men s singles is seen
2488,video6973,tennis,8,a ping-pong player wins a point runs away from the blue table jumps with knees high runs to gym mats
2489,video6973,tennis,9,a televised ping pong championship is won by the guy in the black shirt
2490,video6973,tennis,10,two men play ping pong in a stadium with people watching
2491,video6973,tennis,11,a man plays table tennis with another man at a tournament
2492,video6973,tennis,12,a table tennis match between two chinese players and the winner celebrating the victory
2493,video6973,tennis,13,two asian men playing ping pong in a tournament as the man in the blue shirt won
2494,video6973,tennis,14,the player in blue shirt is celebrating the point and requiring a break
2495,video6973,tennis,15,two players are playing table tennis match in the gym
2496,video6973,tennis,16,a blue and black color dress wearing clothes playing game table tennis audience watching clapping hands displaying on screen
2497,video6973,tennis,17,a red and black color dress players playing game table tennis inside a stadium audience watching displaying on screen
2498,video6973,tennis,18,a red and black color dress players playing game table tennis inside a stadium audience watching displaying on screen
2499,video6973,tennis,19,a couple of men are playing ping pong inside
2500,video6979,tennis,0,a woman wearing black shorts and a red t-shirt is playing tennis
2501,video6979,tennis,1,there is a woman in red is playing tennis
2502,video6979,tennis,2,there is a woman in red is playing tennis
2503,video6979,tennis,3,a young girl dressed in pink and black plays tennis
2504,video6979,tennis,4,a female tennis player is shown in the middle of a play where neither her nor her opponent lose
2505,video6979,tennis,5,a woman in a pink top and black shorts plays tennis with an unseen opponent as classical music plays
2506,video6979,tennis,6,a woman with large breasts is playing tennis with another person and volleying the ball
2507,video6979,tennis,7,girl running and playing tennis at a high level
2508,video6979,tennis,8,a lady in red and black dress playing tennis hitting ball running then wins the set
2509,video6979,tennis,9,a lady in red tshirt and black underwear playing tennis on the court
2510,video6979,tennis,10,a tennis player hits her shots from behind a white baseline in a form-fitting outfit of pink and black
2511,video6979,tennis,11,a women tennis player returns the ball in fashion on either side of the court very comfortably
2512,video6979,tennis,12,the two women s are playing the shuttle game very actively
2513,video6979,tennis,13,a person in red hits the tennis ball to the other side
2514,video6979,tennis,14,a girl wearing black shorts hits a tennis ball with a tennis racket
2515,video6979,tennis,15,girl with red shirt and black shorts playing tennis she does not miss
2516,video6979,tennis,16,a woman on a tennis court in a pink shirt and black shorts strafes and swings at oncoming tennis balls
2517,video6979,tennis,17,a woman playing tennis while classical music plays in the background
2518,video6979,tennis,18,a woman wearing a red shirt and black shorts plays tennis while classical music plays
2519,video6979,tennis,19,a women is playing table tennis match and she is very excited and thrilled to receive the match
2520,video7190,tennis,0,two persons are playing table tennis game
2521,video7190,tennis,1,table tennis game is going to start and the player are walking in the court
2522,video7190,tennis,2,table tennis players are playing tennis
2523,video7190,tennis,3,the basket ball player is playing in very well in the cort
2524,video7190,tennis,4,the table tennis match of single s men is going on
2525,video7190,tennis,5,a seems to be walking around the ping pong table ready to battle
2526,video7190,tennis,6,two atletic men are inside a court playing ping pong for 2015 world championships
2527,video7190,tennis,7,a man walks in front of a ping pong table while commentators speak about the match
2528,video7190,tennis,8,two men get ready to play in a big ping pong match
2529,video7190,tennis,9,two table tennis player playing a very serious game without giving any chance to each other
2530,video7190,tennis,10,two people compete in a ping pong match
2531,video7190,tennis,11,a sports announcer talks about a point in a championship table tennis match
2532,video7190,tennis,12,two guys wearing shorts prepare to play a table tennis match
2533,video7190,tennis,13,two men in shorts are walking around a room with a ping pong table the ping pong table is purple
2534,video7190,tennis,14,man in blue shirt is playing match with someone
2535,video7190,tennis,15,ping pong players of the 2015 world championships after walking around the court
2536,video7190,tennis,16,two athletes take a break from a table tennis match
2537,video7190,tennis,17,two sports players are pacing on the floor where they are to compete
2538,video7190,tennis,18,seems to be a ping pong tournament
2539,video7190,tennis,19,some people are playing ping pong on a court
2540,video787,tennis,0,a person is playing a badminton game
2541,video787,tennis,1,there is a man playing with a badminton
2542,video787,tennis,2,two men are playing bat mintin in a gym
2543,video787,tennis,3,tennis played by a player
2544,video787,tennis,4,tennis players playing tennise
2545,video787,tennis,5,a shuttle player in practice and also explains about his career
2546,video787,tennis,6,a man is talking about wanting to achieve more in his badminton career
2547,video787,tennis,7,a professional badmitton player hitting the object over a net
2548,video787,tennis,8,a man hits the ball in the tennis match and talking something
2549,video787,tennis,9,a player talking about his game play to someone
2550,video787,tennis,10,an indian man hits a tennis ball in shorts and blue tee-shirt
2551,video787,tennis,11,a guy plays badminton and talks about playing the game
2552,video787,tennis,12,a guy serves a birdie up in a game of badminton and talks
2553,video787,tennis,13,handsome man is having a training in the gym
2554,video787,tennis,14,a young man in a gym swinging a racket and hitting a tennis ball
2555,video787,tennis,15,badminton shuttle practicing in the indoor stadium the long shots preparing for smashing
2556,video787,tennis,16,a man in a purple shirt is playing tennis and talking about it
2557,video787,tennis,17,man in a blue shirt playing an indoor game of tennis
2558,video787,tennis,18,a man in a blue shirt and white shorts is playing sports
2559,video787,tennis,19,a guy with a shirt is hitting a badminton birdie
2560,video8104,tennis,0,there is a yellow jersey man playing badminton with balance
2561,video8104,tennis,1,two men is hitting a ball back and forth in a game
2562,video8104,tennis,2,two men are playing badminton in a competition while a commentator talks over what is happening
2563,video8104,tennis,3,an exciting tennis match is being played in a very populated arena with a commentator speaking in the background
2564,video8104,tennis,4,two men playing tennis in a stadium while a man talks and music plays
2565,video8104,tennis,5,two men hitting a ball back and forth across a net
2566,video8104,tennis,6,a professional tennis match the players are hitting the ball very high in the air the ball does not touch the ground
2567,video8104,tennis,7,two man play bad-mitten indoors while a crowd cheers
2568,video8104,tennis,8,two men are hitting an object back and forth over a net
2569,video8104,tennis,9,two people are hitting a shuttle cock back and forth over a net there is an audience watching the two people
2570,video8104,tennis,10,a black screen with blue dots on the bottom the blue dots move in a regular pattern from left to right
2571,video8104,tennis,11,two men playing bad mitten and another man broadcasting it
2572,video8104,tennis,12,a couple of guys having a tennis match in front of a medium sized crowd
2573,video8104,tennis,13,a tennis player plays against his opponent in an outdoor arena
2574,video8104,tennis,14,a volleyball player serves the ball over the net
2575,video8104,tennis,15,two men dressed in shorts play a badminton match against each other
2576,video8104,tennis,16,tennis players playing in slow motion and voice over talks about the match
2577,video8104,tennis,17,a couple of people are playing a game of badminton
2578,video8104,tennis,18,a couple of players are on a badminton court
2579,video8104,tennis,19,some people are playing tennis outside on a court
2580,video8699,tennis,0,a man in a british accent talking while a tenis match is being shown
2581,video8699,tennis,1,people are gathered in the stadium to watch tennis match
2582,video8699,tennis,2,women s singles semi final and men s doubles game of badminton are progressing
2583,video8699,tennis,3,the man in shorts hit the birdie over the net on the court
2584,video8699,tennis,4,a man has reflected the tennis ball back very well in a professional tennis match
2585,video8699,tennis,5,in the cort the table tennis players are played in very well the colour of the back ground is red
2586,video8699,tennis,6,two female tennis players performing a match on the court
2587,video8699,tennis,7,in a tv sports channel a badminton singles semifinal is shown and then doubles match is also shown
2588,video8699,tennis,8,two dress players and two blue dress players were playing tennis
2589,video8699,tennis,9,a two men are playing a table tennis game semi final
2590,video8699,tennis,10,two players wearing red play a game of badminton against two players wearing blue
2591,video8699,tennis,11,team tennis is played by four males on an inside court
2592,video8699,tennis,12,women playing professional badminton while commentator states semifinal women s single
2593,video8699,tennis,13,two players are playing badminton match in the gym
2594,video8699,tennis,14,woman singles tennis match won on a wide shot
2595,video8699,tennis,15,two teams of young people play a game of badmitton
2596,video8699,tennis,16,the players are wearing different uniforms and playing tennis and they enjoy the game
2597,video8699,tennis,17,a group of people play a rough game of badminton
2598,video8699,tennis,18,women s single table tennis match is being played this is the semi final match
2599,video8699,tennis,19,badminton players playing against each other in a match
2600,video8706,tennis,0,two females playing table tennis game in the stadiuum
2601,video8706,tennis,1,two females playing tennis game in the tennis court
2602,video8706,tennis,2,there is a woman playing badminton in a court
2603,video8706,tennis,3,two people playing an indoors singles tennis match
2604,video8706,tennis,4,two girls were playing the tennis match in stadium
2605,video8706,tennis,5,the play ground in the teams play and watch fans vedio
2606,video8706,tennis,6,a two girls are playing shuttle cock game
2607,video8706,tennis,7,women s single tennis match video showing a small part of the match
2608,video8706,tennis,8,two people playing tennis at a tennis competition
2609,video8706,tennis,9,two women play badminton on a green court with a purple border
2610,video8706,tennis,10,two women play a hotly contested badmitton game in a stadium
2611,video8706,tennis,11,two women playing playing shuttle cock game
2612,video8706,tennis,12,two women playing tennis in on an indoor tennis court
2613,video8706,tennis,13,two people play a game of badminton against one another
2614,video8706,tennis,14,two women tennis players in an intense match
2615,video8706,tennis,15,group of people are standing while two women play badminton
2616,video8706,tennis,16,a red and blue color dress players playing game batmanton inside a stadium audience watching displaying on screen
2617,video8706,tennis,17,a pair of athletes play a challenging game of tennis
2618,video8706,tennis,18,two women are playing badminton match in an indoor stadium
2619,video8706,tennis,19,some people are playing tennis outside on a court
2620,video9363,tennis,0,a man stabs monica seles
2621,video9363,tennis,1,a person is explaining something
2622,video9363,tennis,2,a tea break during a tennis match
2623,video9363,tennis,3,a tennis player is sitting in a chair
2624,video9363,tennis,4,a tennis player sits down after a match
2625,video9363,tennis,5,a tennis player sits down in a match while audience watches her in panic
2626,video9363,tennis,6,a tennis player sitting down
2627,video9363,tennis,7,a woman is sitting down after making tennis
2628,video9363,tennis,8,a woman recovers from a game of tennis
2629,video9363,tennis,9,a woman takes a break from playing tennis
2630,video9363,tennis,10,a women playing tennis is injured
2631,video9363,tennis,11,an injured tennis player is attended to
2632,video9363,tennis,12,some people playing tennis
2633,video9363,tennis,13,some tennis players engage in a match
2634,video9363,tennis,14,tennis player sitting on bench
2635,video9363,tennis,15,this is a clip from a tennis game
2636,video9363,tennis,16,woman playing tennis
2637,video9363,tennis,17,women are playing sports
2638,video9363,tennis,18,an injured tennis player is attended to
2639,video9363,tennis,19,a tennis player sits down after a match
