video_id,frame_file,sport,frame_number,caption_by_blip
video1623,video1623_frame_000.jpg,basketball,0,a man is standing on the court with his head in the air
video1623,video1623_frame_001.jpg,basketball,1,a crowd of people are cheering and holding up their hands
video1623,video1623_frame_002.jpg,basketball,2,a basketball game with a player in the middle of the court
video1623,video1623_frame_003.jpg,basketball,3,a basketball game with a player in the middle of the court
video1623,video1623_frame_004.jpg,basketball,4,a basketball game with a player in the middle of the court
video1623,video1623_frame_005.jpg,basketball,5,a basketball game with a player in the middle of the court
video1623,video1623_frame_006.jpg,basketball,6,a basketball player is about to dun the ball
video1623,video1623_frame_007.jpg,basketball,7,a basketball game with a crowd watching
video1623,video1623_frame_008.jpg,basketball,8,the cavaliers's game winning shot is the best
video1623,video1623_frame_009.jpg,basketball,9,the crowd is watching the game as the basketball player goes to the basket
video1623,video1623_frame_010.jpg,basketball,10,a basketball player is standing on the court
video1623,video1623_frame_011.jpg,basketball,11,a basketball player is running down the court
video1667,video1667_frame_000.jpg,basketball,0,a man is playing basketball on the court
video1667,video1667_frame_001.jpg,basketball,1,a man is dunking a basketball hoop
video1667,video1667_frame_002.jpg,basketball,2,a man duns a basketball hoop in the air
video1667,video1667_frame_003.jpg,basketball,3,a man is standing on a skateboard in the street
video1667,video1667_frame_004.jpg,basketball,4,a man is playing basketball on the street
video1667,video1667_frame_005.jpg,basketball,5,a man is jumping up to the hoop
video1667,video1667_frame_006.jpg,basketball,6,a man is jumping in the air with a basketball ball
video1667,video1667_frame_007.jpg,basketball,7,a man is playing basketball in a large room
video1667,video1667_frame_008.jpg,basketball,8,a man duns a basketball ball in the air
video1667,video1667_frame_009.jpg,basketball,9,a man duns a basketball ball in the air
video1667,video1667_frame_010.jpg,basketball,10,a basketball game with a crowd watching
video1667,video1667_frame_011.jpg,basketball,11,a crowd of people standing around a basketball court
video2101,video2101_frame_000.jpg,basketball,0,a basketball player is standing on the court
video2101,video2101_frame_001.jpg,basketball,1,a basketball game with a player shooting the ball
video2101,video2101_frame_002.jpg,basketball,2,nba live game highlights
video2101,video2101_frame_003.jpg,basketball,3,a basketball game with a player jumping over the net
video2101,video2101_frame_004.jpg,basketball,4,a basketball game with a player on the court
video2101,video2101_frame_005.jpg,basketball,5,the best nba game ever
video2101,video2101_frame_006.jpg,basketball,6,a basketball player is about to shoot the ball
video2101,video2101_frame_007.jpg,basketball,7,a basketball game with a player in the middle of the court
video2101,video2101_frame_008.jpg,basketball,8,a basketball game with a player shooting the ball
video2101,video2101_frame_009.jpg,basketball,9,a basketball player is duning the ball
video2101,video2101_frame_010.jpg,basketball,10,a black background with a white line on the bottom
video2101,video2101_frame_011.jpg,basketball,11,a black background with a white line on the bottom
video2161,video2161_frame_000.jpg,basketball,0,a man in a purple jersey is playing basketball
video2161,video2161_frame_001.jpg,basketball,1,a man in a blue jersey is talking to another man in a blue jersey
video2161,video2161_frame_002.jpg,basketball,2,a basketball game with a player duning the ball
video2161,video2161_frame_003.jpg,basketball,3,a basketball player duns the ball into the hoop
video2161,video2161_frame_004.jpg,basketball,4,a basketball player duns the ball into the hoop
video2161,video2161_frame_005.jpg,basketball,5,a basketball player duns the ball into the hoop
video2161,video2161_frame_006.jpg,basketball,6,a basketball player duns the ball into the hoop
video2161,video2161_frame_007.jpg,basketball,7,"the game is over and the game is over, but it's not over"
video2161,video2161_frame_008.jpg,basketball,8,a basketball game with a player in the middle of the court
video2161,video2161_frame_009.jpg,basketball,9,a basketball game with a player in the middle of the court
video2161,video2161_frame_010.jpg,basketball,10,"the game is over and the game is over, but the game is over"
video2161,video2161_frame_011.jpg,basketball,11,a basketball game with a player on the court
video2305,video2305_frame_000.jpg,basketball,0,a man in a black shirt is holding a basketball ball
video2305,video2305_frame_001.jpg,basketball,1,a man is playing basketball in a gym
video2305,video2305_frame_002.jpg,basketball,2,a man is standing on a basketball court
video2305,video2305_frame_003.jpg,basketball,3,a man is playing basketball in a gym
video2305,video2305_frame_004.jpg,basketball,4,a man is jumping in the air while playing basketball
video2305,video2305_frame_005.jpg,basketball,5,a man is shooting a basketball ball in a gym
video2305,video2305_frame_006.jpg,basketball,6,a man is doing a trick on a basketball court
video2305,video2305_frame_007.jpg,basketball,7,a man is standing on a basketball court
video2305,video2305_frame_008.jpg,basketball,8,a man is holding a basketball ball in his hand
video2305,video2305_frame_009.jpg,basketball,9,a man is playing basketball in a gym
video2305,video2305_frame_010.jpg,basketball,10,a man is shooting a basketball ball in a gym
video2305,video2305_frame_011.jpg,basketball,11,a man is shooting a basketball ball in a gym
video2390,video2390_frame_000.jpg,basketball,0,a man is standing on the sidelines with his head in his hands
video2390,video2390_frame_001.jpg,basketball,1,a man is talking to a basketball player
video2390,video2390_frame_002.jpg,basketball,2,a man is being interviewed by a reporter
video2390,video2390_frame_003.jpg,basketball,3,a basketball player is trying to block the ball
video2390,video2390_frame_004.jpg,basketball,4,a basketball player is duning the ball
video2390,video2390_frame_005.jpg,basketball,5,a man in a white uniform is playing basketball
video2390,video2390_frame_006.jpg,basketball,6,a basketball game with a player shooting the ball
video2390,video2390_frame_007.jpg,basketball,7,a basketball game is being played on the court
video2390,video2390_frame_008.jpg,basketball,8,a basketball game with a player shooting the ball
video2390,video2390_frame_009.jpg,basketball,9,a basketball game is being played on a tv screen
video2390,video2390_frame_010.jpg,basketball,10,the earth's orbit is seen in this image from nasa
video2390,video2390_frame_011.jpg,basketball,11,the number 3 is the number 3
video2877,video2877_frame_000.jpg,basketball,0,a basketball player is running with the ball
video2877,video2877_frame_001.jpg,basketball,1,a basketball player is trying to block the ball
video2877,video2877_frame_002.jpg,basketball,2,a basketball game with a player in the middle
video2877,video2877_frame_003.jpg,basketball,3,a man is playing basketball in the dark
video2877,video2877_frame_004.jpg,basketball,4,a man is standing on a basketball court
video2877,video2877_frame_005.jpg,basketball,5,a man is standing in front of a bar
video2877,video2877_frame_006.jpg,basketball,6,a man in a red jersey is holding a basketball ball
video2877,video2877_frame_007.jpg,basketball,7,a man in a white shirt is standing next to a basketball player
video2877,video2877_frame_008.jpg,basketball,8,a basketball game with a player in the middle of the court
video2877,video2877_frame_009.jpg,basketball,9,a basketball game with a crowd watching
video2877,video2877_frame_010.jpg,basketball,10,the nba game that started in the 1990s
video2877,video2877_frame_011.jpg,basketball,11,the nba game that started in the 1990s
video2994,video2994_frame_000.jpg,basketball,0,nba live game on the tv screen
video2994,video2994_frame_001.jpg,basketball,1,nba game highlights
video2994,video2994_frame_002.jpg,basketball,2,the spurs'game winning shot
video2994,video2994_frame_003.jpg,basketball,3,"kobe, lakers, and lakers, lakers, lakers, lakers, lakers, lakers, lakers, lakers, lakers, lakers, lakers, lakers"
video2994,video2994_frame_004.jpg,basketball,4,a basketball player is about to shoot the ball
video2994,video2994_frame_005.jpg,basketball,5,a basketball player duns the ball into the hoop
video2994,video2994_frame_006.jpg,basketball,6,"kobe kobe, lakers, and lakers, lakers, lakers, lakers, lakers, lakers, lakers, lakers"
video2994,video2994_frame_007.jpg,basketball,7,kobe griffin's best duns of all time
video2994,video2994_frame_008.jpg,basketball,8,"kobe, kobe, and kobe in the lakers game"
video2994,video2994_frame_009.jpg,basketball,9,a basketball player is duning the ball
video2994,video2994_frame_010.jpg,basketball,10,a basketball player is trying to block the ball
video2994,video2994_frame_011.jpg,basketball,11,a man duning a basketball ball into the hoop
video3050,video3050_frame_000.jpg,basketball,0,a video of a basketball game being played by a man
video3050,video3050_frame_001.jpg,basketball,1,a man is seen in the air as he walks through the smoke
video3050,video3050_frame_002.jpg,basketball,2,a basketball player duns the ball into the hoop
video3050,video3050_frame_003.jpg,basketball,3,a basketball player is being thrown by a referee
video3050,video3050_frame_004.jpg,basketball,4,a basketball player is running down the court
video3050,video3050_frame_005.jpg,basketball,5,a video of a basketball game being played by a man
video3050,video3050_frame_006.jpg,basketball,6,a video of a basketball game being played by a man
video3050,video3050_frame_007.jpg,basketball,7,a basketball player is duning at the hoop
video3050,video3050_frame_008.jpg,basketball,8,a basketball game with a player shooting the ball
video3050,video3050_frame_009.jpg,basketball,9,a basketball game with a player shooting the ball
video3050,video3050_frame_010.jpg,basketball,10,a basketball player is duning at the hoop
video3050,video3050_frame_011.jpg,basketball,11,a basketball player duns the ball in front of a crowd
video3075,video3075_frame_000.jpg,basketball,0,a person is pointing at a person on a sidewalk
video3075,video3075_frame_001.jpg,basketball,1,a car parked on the side of a road
video3075,video3075_frame_002.jpg,basketball,2,a street with cars parked in front of houses
video3075,video3075_frame_003.jpg,basketball,3,a street with houses and palm trees in the background
video3075,video3075_frame_004.jpg,basketball,4,a man is playing basketball on the sidewalk
video3075,video3075_frame_005.jpg,basketball,5,a man is throwing a ball in the air
video3075,video3075_frame_006.jpg,basketball,6,a man is standing on the sidewalk in front of a house
video3075,video3075_frame_007.jpg,basketball,7,a man is throwing a frc fr fr fr fr fr fr fr fr fr fr fr fr fr fr fr fr fr fr fr fr fr fr fr fr fr
video3075,video3075_frame_008.jpg,basketball,8,a man is holding a small dog in his hand
video3075,video3075_frame_009.jpg,basketball,9,a man is standing on the sidewalk and talking to someone
video3075,video3075_frame_010.jpg,basketball,10,a man is standing in the yard with a remote remote
video3075,video3075_frame_011.jpg,basketball,11,a man is standing on the sidewalk with his hand in his mouth
video3541,video3541_frame_000.jpg,basketball,0,a basketball game is being played on the court
video3541,video3541_frame_001.jpg,basketball,1,a man jumping in the air on a basketball court
video3541,video3541_frame_002.jpg,basketball,2,a basketball game is being played on the court
video3541,video3541_frame_003.jpg,basketball,3,a group of people playing basketball on a court
video3541,video3541_frame_004.jpg,basketball,4,a man is playing basketball on the court
video3541,video3541_frame_005.jpg,basketball,5,a group of people standing around a basketball court
video3541,video3541_frame_006.jpg,basketball,6,a group of people are playing basketball on the street
video3541,video3541_frame_007.jpg,basketball,7,a man is playing basketball on a court
video3541,video3541_frame_008.jpg,basketball,8,a man jumping over a blue tarp
video3541,video3541_frame_009.jpg,basketball,9,a man jumping in the air while playing basketball
video3541,video3541_frame_010.jpg,basketball,10,a man jumping in the air on a basketball court
video3541,video3541_frame_011.jpg,basketball,11,a group of people playing basketball on a court
video3628,video3628_frame_000.jpg,basketball,0,a basketball player is trying to block the ball
video3628,video3628_frame_001.jpg,basketball,1,a man is standing on the ground in front of a crowd
video3628,video3628_frame_002.jpg,basketball,2,a man is standing in front of a crowd
video3628,video3628_frame_003.jpg,basketball,3,a basketball player is duning the ball
video3628,video3628_frame_004.jpg,basketball,4,a basketball game with a player shooting the ball
video3628,video3628_frame_005.jpg,basketball,5,a basketball game is being played on the court
video3628,video3628_frame_006.jpg,basketball,6,a basketball game with a player shooting the ball
video3628,video3628_frame_007.jpg,basketball,7,a basketball game is being played on the court
video3628,video3628_frame_008.jpg,basketball,8,a basketball player is duning the ball
video3628,video3628_frame_009.jpg,basketball,9,a basketball game with a player shooting the ball
video3628,video3628_frame_010.jpg,basketball,10,a basketball player is duning the ball
video3628,video3628_frame_011.jpg,basketball,11,a group of people are dancing in the street
video3661,video3661_frame_000.jpg,basketball,0,a man sitting on a bench with a basketball ball
video3661,video3661_frame_001.jpg,basketball,1,a man sitting on a bench in front of a crowd
video3661,video3661_frame_002.jpg,basketball,2,a man in a black jersey is dancing on the court
video3661,video3661_frame_003.jpg,basketball,3,a man in a black shirt is standing on a basketball court
video3661,video3661_frame_004.jpg,basketball,4,a man standing on a basketball court with a ball
video3661,video3661_frame_005.jpg,basketball,5,a man in a black shirt is dancing on a basketball court
video3661,video3661_frame_006.jpg,basketball,6,a man in a black shirt is walking on a basketball court
video3661,video3661_frame_007.jpg,basketball,7,a man is standing on a basketball court
video3661,video3661_frame_008.jpg,basketball,8,a basketball player duns the ball in the air
video3661,video3661_frame_009.jpg,basketball,9,a basketball game being played by a man
video3661,video3661_frame_010.jpg,basketball,10,a basketball game being played by a man
video3661,video3661_frame_011.jpg,basketball,11,a man duns a basketball ball into the hoop
video3764,video3764_frame_000.jpg,basketball,0,the logo for the game's first ever
video3764,video3764_frame_001.jpg,basketball,1,a basketball game with a crowd watching
video3764,video3764_frame_002.jpg,basketball,2,the nba game is going on with the ball
video3764,video3764_frame_003.jpg,basketball,3,a basketball game with a player shooting the ball
video3764,video3764_frame_004.jpg,basketball,4,a basketball game with a player in the middle of the court
video3764,video3764_frame_005.jpg,basketball,5,the nba game is going on with the ball
video3764,video3764_frame_006.jpg,basketball,6,the spurs's game winning dun
video3764,video3764_frame_007.jpg,basketball,7,the rockets'game winning dun
video3764,video3764_frame_008.jpg,basketball,8,a basketball game with a player jumping up to the basket
video3764,video3764_frame_009.jpg,basketball,9,a basketball game with a crowd watching
video3764,video3764_frame_010.jpg,basketball,10,a basketball game with a player shooting the ball
video3764,video3764_frame_011.jpg,basketball,11,the nba game is going on with the ball
video3802,video3802_frame_000.jpg,basketball,0,a man in white shirt and shorts playing basketball
video3802,video3802_frame_001.jpg,basketball,1,a man in white shirt playing basketball on court
video3802,video3802_frame_002.jpg,basketball,2,a man in a white shirt and shorts playing basketball
video3802,video3802_frame_003.jpg,basketball,3,a man in a white shirt is playing basketball
video3802,video3802_frame_004.jpg,basketball,4,a man jumping in the air
video3802,video3802_frame_005.jpg,basketball,5,a group of people playing basketball in a gym
video3802,video3802_frame_006.jpg,basketball,6,a group of people playing basketball in a gym
video3802,video3802_frame_007.jpg,basketball,7,a group of men playing basketball in a gym
video3802,video3802_frame_008.jpg,basketball,8,a group of men playing basketball in a gym
video3802,video3802_frame_009.jpg,basketball,9,a group of people playing basketball in a gym
video3802,video3802_frame_010.jpg,basketball,10,a group of men playing basketball in a gym
video3802,video3802_frame_011.jpg,basketball,11,a group of people playing basketball in a gym
video3986,video3986_frame_000.jpg,basketball,0,nba game highlights
video3986,video3986_frame_001.jpg,basketball,1,nba live game trailer
video3986,video3986_frame_002.jpg,basketball,2,nba 2k nba 2k nba 2k nba 2k nba 2k nba 2k nba 2k
video3986,video3986_frame_003.jpg,basketball,3,nba 2kd - nba 2kd - nba 2kd - nba 2kd - nba 2kd - nba 2kd - nba 2
video3986,video3986_frame_004.jpg,basketball,4,nba 2k nba 2k nba 2k nba 2k nba 2k nba 2k nba 2k
video3986,video3986_frame_005.jpg,basketball,5,nba game play of the day
video3986,video3986_frame_006.jpg,basketball,6,nba game highlights
video3986,video3986_frame_007.jpg,basketball,7,nba game play of the day
video3986,video3986_frame_008.jpg,basketball,8,nba game highlights
video3986,video3986_frame_009.jpg,basketball,9,nba 2k nba 2k nba 2k nba 2k nba 2k nba 2k nba 2k
video3986,video3986_frame_010.jpg,basketball,10,nba 2k nba 2k nba 2k nba 2k nba 2k nba 2k nba 2k
video3986,video3986_frame_011.jpg,basketball,11,nba 2kd - nba 2kd - nba 2kd - nba 2kd - nba 2kd - nba 2kd - nba 2
video3997,video3997_frame_000.jpg,basketball,0,a basketball game with a player in the middle
video3997,video3997_frame_001.jpg,basketball,1,a basketball game with a player in the middle
video3997,video3997_frame_002.jpg,basketball,2,a basketball game with a player shooting the ball
video3997,video3997_frame_003.jpg,basketball,3,a basketball player is duning a ball
video3997,video3997_frame_004.jpg,basketball,4,a basketball player is duning a ball
video3997,video3997_frame_005.jpg,basketball,5,a basketball player duns the ball into the hoop
video3997,video3997_frame_006.jpg,basketball,6,a basketball game with a player shooting the ball
video3997,video3997_frame_007.jpg,basketball,7,a basketball game with a player in the middle
video3997,video3997_frame_008.jpg,basketball,8,a basketball game with a player in the middle
video3997,video3997_frame_009.jpg,basketball,9,a basketball game with a player shooting the ball
video3997,video3997_frame_010.jpg,basketball,10,a basketball game with a player on the court
video3997,video3997_frame_011.jpg,basketball,11,a basketball game with a player on the court
video4177,video4177_frame_000.jpg,basketball,0,a basketball game with a player shooting the ball
video4177,video4177_frame_001.jpg,basketball,1,kobe kobe duns the lakers ball
video4177,video4177_frame_002.jpg,basketball,2,kobe kobe duns the ball in the air
video4177,video4177_frame_003.jpg,basketball,3,kobe kobe duns the ball in the air
video4177,video4177_frame_004.jpg,basketball,4,kobe griffin duns on kobe
video4177,video4177_frame_005.jpg,basketball,5,the lakers game is going on in the nba playoffs
video4177,video4177_frame_006.jpg,basketball,6,a red chair with a blue seat
video4177,video4177_frame_007.jpg,basketball,7,a basketball game with a player shooting the ball
video4177,video4177_frame_008.jpg,basketball,8,a basketball game with a player on the court
video4177,video4177_frame_009.jpg,basketball,9,a basketball game with a player on the court
video4177,video4177_frame_010.jpg,basketball,10,a basketball game with a player in the middle of the court
video4177,video4177_frame_011.jpg,basketball,11,a basketball game with a player shooting the ball
video4337,video4337_frame_000.jpg,basketball,0,a basketball game with a player in the middle of the court
video4337,video4337_frame_001.jpg,basketball,1,a video of a basketball game being played by a man
video4337,video4337_frame_002.jpg,basketball,2,a man in a suit is being interviewed by a man in a suit
video4337,video4337_frame_003.jpg,basketball,3,a man in a suit and tie is being interviewed by a man in a suit
video4337,video4337_frame_004.jpg,basketball,4,a man in a suit is being escorted by police
video4337,video4337_frame_005.jpg,basketball,5,a basketball game is being played on the court
video4337,video4337_frame_006.jpg,basketball,6,a basketball game is being played on the court
video4337,video4337_frame_007.jpg,basketball,7,a basketball game with a player shooting the ball
video4337,video4337_frame_008.jpg,basketball,8,a basketball game is being played on the court
video4337,video4337_frame_009.jpg,basketball,9,a basketball game with a player shooting the ball
video4337,video4337_frame_010.jpg,basketball,10,a basketball game is being played on the court
video4337,video4337_frame_011.jpg,basketball,11,a basketball game is being played on the court
video4420,video4420_frame_000.jpg,basketball,0,a basketball player is about to dun the ball
video4420,video4420_frame_001.jpg,basketball,1,a basketball player duns the ball into the hoop
video4420,video4420_frame_002.jpg,basketball,2,a basketball player duns the ball into the hoop
video4420,video4420_frame_003.jpg,basketball,3,a basketball player is trying to block the ball
video4420,video4420_frame_004.jpg,basketball,4,a white sheet of paper with a black border
video4420,video4420_frame_005.jpg,basketball,5,a drawing of a human body
video4420,video4420_frame_006.jpg,basketball,6,a white sheet of paper with a black border
video4420,video4420_frame_007.jpg,basketball,7,a white sheet with a black border
video4420,video4420_frame_008.jpg,basketball,8,a drawing of a man with a long beard
video4420,video4420_frame_009.jpg,basketball,9,a man holding a basketball ball in his hand
video4420,video4420_frame_010.jpg,basketball,10,a man holding a basketball ball in his hand
video4420,video4420_frame_011.jpg,basketball,11,a man holding a basketball ball in his hand
video4561,video4561_frame_000.jpg,basketball,0,a neon sign with the letter e on it
video4561,video4561_frame_001.jpg,basketball,1,a basketball game with a crowd watching
video4561,video4561_frame_002.jpg,basketball,2,the rockets'game winning shot in the nba playoffs
video4561,video4561_frame_003.jpg,basketball,3,a basketball game with a crowd watching
video4561,video4561_frame_004.jpg,basketball,4,a basketball game with a player shooting the ball
video4561,video4561_frame_005.jpg,basketball,5,watch and share the best moments of the nba playoffs
video4561,video4561_frame_006.jpg,basketball,6,the spurs's derrick duncan drives to the basket
video4561,video4561_frame_007.jpg,basketball,7,"lebron, lebron, and lebron in game 1"
video4561,video4561_frame_008.jpg,basketball,8,the rockets'james paul duns the ball
video4561,video4561_frame_009.jpg,basketball,9,lebron dun vs heat
video4561,video4561_frame_010.jpg,basketball,10,a basketball player duns the ball into the hoop
video4561,video4561_frame_011.jpg,basketball,11,a large screen is projected on the side of a building
video5208,video5208_frame_000.jpg,basketball,0,a basketball game with a crowd watching
video5208,video5208_frame_001.jpg,basketball,1,the nba game is going on with the ball
video5208,video5208_frame_002.jpg,basketball,2,a basketball game with a player in the middle of the court
video5208,video5208_frame_003.jpg,basketball,3,a basketball game with a player in the middle of the court
video5208,video5208_frame_004.jpg,basketball,4,the game is going on as the ball goes in the air
video5208,video5208_frame_005.jpg,basketball,5,a basketball player duns the ball into the hoop
video5208,video5208_frame_006.jpg,basketball,6,a basketball player is duning the ball
video5208,video5208_frame_007.jpg,basketball,7,a basketball player duns the ball into the court
video5208,video5208_frame_008.jpg,basketball,8,a basketball game with a crowd watching
video5208,video5208_frame_009.jpg,basketball,9,a basketball game is being played in a crowded arena
video5208,video5208_frame_010.jpg,basketball,10,a basketball game with a crowd watching
video5208,video5208_frame_011.jpg,basketball,11,a basketball game with a crowd watching
video5261,video5261_frame_000.jpg,basketball,0,a basketball player is about to pass the ball
video5261,video5261_frame_001.jpg,basketball,1,the warriors'stephen curry is going to the basket
video5261,video5261_frame_002.jpg,basketball,2,the warriors'stephen curry is a great player
video5261,video5261_frame_003.jpg,basketball,3,a basketball player is about to dun the ball
video5261,video5261_frame_004.jpg,basketball,4,the warriors'stephen curry is going to the basket
video5261,video5261_frame_005.jpg,basketball,5,the warriors'stephen curry is going to the basket
video5261,video5261_frame_006.jpg,basketball,6,the warriors'stephen curry is a great player
video5261,video5261_frame_007.jpg,basketball,7,a basketball player is trying to block the ball
video5261,video5261_frame_008.jpg,basketball,8,the warriors'stephen curry is duning the ball
video5261,video5261_frame_009.jpg,basketball,9,the warriors'stephen curry is a great player
video5261,video5261_frame_010.jpg,basketball,10,the warriors'stephen curry is duning the ball
video5261,video5261_frame_011.jpg,basketball,11,the warriors'stephen curry is duning the ball
video5436,video5436_frame_000.jpg,basketball,0,a video of a basketball game with a man in the middle
video5436,video5436_frame_001.jpg,basketball,1,a man in a white shirt is standing in front of a crowd
video5436,video5436_frame_002.jpg,basketball,2,a video of a basketball game with a man in the middle
video5436,video5436_frame_003.jpg,basketball,3,a man in a white shirt is laughing
video5436,video5436_frame_004.jpg,basketball,4,a basketball game is being played on the court
video5436,video5436_frame_005.jpg,basketball,5,a basketball game is being played on the court
video5436,video5436_frame_006.jpg,basketball,6,a basketball game is being played on the court
video5436,video5436_frame_007.jpg,basketball,7,a basketball game with a player on the court
video5436,video5436_frame_008.jpg,basketball,8,lebron's game - winning dun
video5436,video5436_frame_009.jpg,basketball,9,the nba game is going on with the knicks
video5436,video5436_frame_010.jpg,basketball,10,the miami heaters are getting their game on the court
video5436,video5436_frame_011.jpg,basketball,11,the spurs's game winning dun
video5926,video5926_frame_000.jpg,basketball,0,a video of a man being thrown from a pool
video5926,video5926_frame_001.jpg,basketball,1,a video of a basketball game being played by a man
video5926,video5926_frame_002.jpg,basketball,2,a man duns a basketball ball into the hoop
video5926,video5926_frame_003.jpg,basketball,3,a football game with a player running for the ball
video5926,video5926_frame_004.jpg,basketball,4,a football game with a player running on the field
video5926,video5926_frame_005.jpg,basketball,5,a football player is running with the ball
video5926,video5926_frame_006.jpg,basketball,6,a football player is running with the ball
video5926,video5926_frame_007.jpg,basketball,7,a football player is running with the ball
video5926,video5926_frame_008.jpg,basketball,8,a football game with a player running towards the ball
video5926,video5926_frame_009.jpg,basketball,9,a football player is running with the ball
video5926,video5926_frame_010.jpg,basketball,10,a soccer game is being played on the field
video5926,video5926_frame_011.jpg,basketball,11,a soccer game is being played on the field
video5987,video5987_frame_000.jpg,basketball,0,nba 2k basketball game
video5987,video5987_frame_001.jpg,basketball,1,nba live basketball game
video5987,video5987_frame_002.jpg,basketball,2,nba 2kp nba 2kpppk nba 2kppkpkpk
video5987,video5987_frame_003.jpg,basketball,3,nba 2k basketball game
video5987,video5987_frame_004.jpg,basketball,4,nba live game
video5987,video5987_frame_005.jpg,basketball,5,nba 2kp - nba 2kppp - nba 2kpppp - nba 2kppppppppp
video5987,video5987_frame_006.jpg,basketball,6,nba 2kp - nba 2kpp - nba 2kpp - nba 2kp
video5987,video5987_frame_007.jpg,basketball,7,nba 2kp - nba 2kpp - nba 2kpp - nba 2kp
video5987,video5987_frame_008.jpg,basketball,8,nba 2k basketball game
video5987,video5987_frame_009.jpg,basketball,9,nba 2kp - nba 2kpp - nba 2kpp - nba 2kp
video5987,video5987_frame_010.jpg,basketball,10,nba 2k basketball game
video5987,video5987_frame_011.jpg,basketball,11,nba 2kp - nba 2kp - nba 2kp - nba 2kp - nba 2kpp - nba 2
video7453,video7453_frame_000.jpg,basketball,0,a camera is on the ground in front of a soccer field
video7453,video7453_frame_001.jpg,basketball,1,a basketball game being played in a gym
video7453,video7453_frame_002.jpg,basketball,2,a man is playing basketball in a gym
video7453,video7453_frame_003.jpg,basketball,3,a man is doing a trick on a basketball hoop
video7453,video7453_frame_004.jpg,basketball,4,a man is doing a trick on a basketball hoop
video7453,video7453_frame_005.jpg,basketball,5,a man is doing a trick on a basketball hoop
video7453,video7453_frame_006.jpg,basketball,6,a man duns a basketball ball into the hoop
video7453,video7453_frame_007.jpg,basketball,7,a man is standing on a ladder in a gym
video7453,video7453_frame_008.jpg,basketball,8,a man is standing in front of a basketball hoop
video7453,video7453_frame_009.jpg,basketball,9,a man is shooting a basketball ball in the air
video7453,video7453_frame_010.jpg,basketball,10,a man and woman are playing basketball in a room
video7453,video7453_frame_011.jpg,basketball,11,a man is seen in a video taken from the camera
video760,video760_frame_000.jpg,basketball,0,michael michael jordan dun dun dun dun dun dun dun dun dun dun dun dun dun dun dun dun dun dun
video760,video760_frame_001.jpg,basketball,1,michael johnson dun dun
video760,video760_frame_002.jpg,basketball,2,michael johnson dun dun
video760,video760_frame_003.jpg,basketball,3,michael johnson dun dun
video760,video760_frame_004.jpg,basketball,4,michael johnson dun dun
video760,video760_frame_005.jpg,basketball,5,michael johnson dun dun
video760,video760_frame_006.jpg,basketball,6,michael johnson dun dun
video760,video760_frame_007.jpg,basketball,7,michael johnson dun dun
video760,video760_frame_008.jpg,basketball,8,michael johnson dun dun
video760,video760_frame_009.jpg,basketball,9,michael johnson dun dun
video760,video760_frame_010.jpg,basketball,10,michael johnson dun dun
video760,video760_frame_011.jpg,basketball,11,michael johnson dun dun
video8091,video8091_frame_000.jpg,basketball,0,a basketball game with a ball and a basketball player
video8091,video8091_frame_001.jpg,basketball,1,a basketball game with a basketball ball on the court
video8091,video8091_frame_002.jpg,basketball,2,a basketball game with a basketball ball on the court
video8091,video8091_frame_003.jpg,basketball,3,a basketball game with a basketball ball on the court
video8091,video8091_frame_004.jpg,basketball,4,a basketball game with a player on the screen
video8091,video8091_frame_005.jpg,basketball,5,"a video of a basketball game with the words,'i'm'and'i'm '"
video8091,video8091_frame_006.jpg,basketball,6,a video screen with a basketball ball and a basketball ball
video8091,video8091_frame_007.jpg,basketball,7,a basketball game with a basketball ball and a basketball ball
video8091,video8091_frame_008.jpg,basketball,8,a basketball game with a ball and a basketball player
video8091,video8091_frame_009.jpg,basketball,9,a video of a basketball game with a basketball ball
video8091,video8091_frame_010.jpg,basketball,10,a basketball game with a basketball ball and a basketball ball
video8091,video8091_frame_011.jpg,basketball,11,a basketball game with a basketball ball and a basketball ball
video880,video880_frame_000.jpg,basketball,0,a basketball game with a man duning a ball
video880,video880_frame_001.jpg,basketball,1,the spurs's game in the nba playoffs
video880,video880_frame_002.jpg,basketball,2,a group of men in blue uniforms dancing
video880,video880_frame_003.jpg,basketball,3,the harlem harlem harlem harlem harlem harlem harlem harlem harlem harlem harlem harlem harlem harlem harlem harlem harlem harlem harlem harlem
video880,video880_frame_004.jpg,basketball,4,a group of men in blue jackets dancing on a stage
video880,video880_frame_005.jpg,basketball,5,a man is bending his leg on the floor
video880,video880_frame_006.jpg,basketball,6,a man in blue jacket and black pants is dancing
video880,video880_frame_007.jpg,basketball,7,a man in blue jacket dancing on stage
video880,video880_frame_008.jpg,basketball,8,a man in blue jacket and white pants dancing on stage
video880,video880_frame_009.jpg,basketball,9,a man in blue is dancing on the court
video880,video880_frame_010.jpg,basketball,10,the nba game is over and the game is over
video880,video880_frame_011.jpg,basketball,11,the nba game is going on with the knicks
video8859,video8859_frame_000.jpg,basketball,0,a basketball player is duning the ball
video8859,video8859_frame_001.jpg,basketball,1,a basketball player is about to pass the ball
video8859,video8859_frame_002.jpg,basketball,2,a basketball player is duning the ball
video8859,video8859_frame_003.jpg,basketball,3,a group of people playing basketball in a building
video8859,video8859_frame_004.jpg,basketball,4,a basketball game with a player in the middle
video8859,video8859_frame_005.jpg,basketball,5,a basketball game with a player in the middle of the court
video8859,video8859_frame_006.jpg,basketball,6,a man is falling on the court while another watches
video8859,video8859_frame_007.jpg,basketball,7,a basketball player is sitting on the floor
video8859,video8859_frame_008.jpg,basketball,8,a basketball player is sitting on the floor
video8859,video8859_frame_009.jpg,basketball,9,a man in a blue and yellow uniform is doing a trick
video8859,video8859_frame_010.jpg,basketball,10,a black background with a white line and a white line
video8859,video8859_frame_011.jpg,basketball,11,a black background with a white line and a white line
video8881,video8881_frame_000.jpg,basketball,0,a man in a blue jersey is talking to a man in a black jersey
video8881,video8881_frame_001.jpg,basketball,1,a basketball hoop with a basketball net in the middle of it
video8881,video8881_frame_002.jpg,basketball,2,"a basketball court with a sign that says,'i'm right to play '"
video8881,video8881_frame_003.jpg,basketball,3,a basketball court with a sign that says right
video8881,video8881_frame_004.jpg,basketball,4,a basketball court with a sign that says i'm right
video8881,video8881_frame_005.jpg,basketball,5,"a basketball court with a sign that says,'i'm height '"
video8881,video8881_frame_006.jpg,basketball,6,a basketball hoop with a basketball net in the middle
video8881,video8881_frame_007.jpg,basketball,7,a basketball hoop with a score on it
video8881,video8881_frame_008.jpg,basketball,8,a basketball hoop with a score on it
video8881,video8881_frame_009.jpg,basketball,9,a basketball hoop with a score on it
video8881,video8881_frame_010.jpg,basketball,10,a basketball hoop with a score on it
video8881,video8881_frame_011.jpg,basketball,11,a basketball hoop with a clock on it
video9650,video9650_frame_000.jpg,basketball,0,a basketball player is walking down the court
video9650,video9650_frame_001.jpg,basketball,1,a man in a blue uniform is playing basketball
video9650,video9650_frame_002.jpg,basketball,2,a man is playing basketball on a court
video9650,video9650_frame_003.jpg,basketball,3,a man is playing basketball in a gym
video9650,video9650_frame_004.jpg,basketball,4,a man is doing a trick on a basketball hoop
video9650,video9650_frame_005.jpg,basketball,5,a man is doing a trick on a basketball hoop
video9650,video9650_frame_006.jpg,basketball,6,a man is doing a trick on a basketball hoop
video9650,video9650_frame_007.jpg,basketball,7,a man duns a basketball hoop in the air
video9650,video9650_frame_008.jpg,basketball,8,a basketball hoop with a basketball hoop hanging from the ceiling
video9650,video9650_frame_009.jpg,basketball,9,a man is playing basketball on a court
video9650,video9650_frame_010.jpg,basketball,10,a man is playing basketball on a court
video9650,video9650_frame_011.jpg,basketball,11,a basketball court with a basketball hoop and a basketball net
video1103,video1103_frame_000.jpg,soccer,0,a soccer game is being played on the field
video1103,video1103_frame_001.jpg,soccer,1,a soccer game is being played in a stadium
video1103,video1103_frame_002.jpg,soccer,2,a soccer game is being played on the field
video1103,video1103_frame_003.jpg,soccer,3,a soccer game is being played on the field
video1103,video1103_frame_004.jpg,soccer,4,a soccer game is being played on the field
video1103,video1103_frame_005.jpg,soccer,5,a soccer player is kicking the ball on the field
video1103,video1103_frame_006.jpg,soccer,6,a soccer game is being played on the field
video1103,video1103_frame_007.jpg,soccer,7,a soccer game is being played on the field
video1103,video1103_frame_008.jpg,soccer,8,a soccer game is being played on the field
video1103,video1103_frame_009.jpg,soccer,9,a soccer game is being played on the field
video1103,video1103_frame_010.jpg,soccer,10,a soccer game is being played on the field
video1103,video1103_frame_011.jpg,soccer,11,a soccer player is trying to block the ball
video1241,video1241_frame_000.jpg,soccer,0,a soccer player is standing in the grass
video1241,video1241_frame_001.jpg,soccer,1,a soccer game is being played in a stadium
video1241,video1241_frame_002.jpg,soccer,2,a soccer game is being played in a stadium
video1241,video1241_frame_003.jpg,soccer,3,a soccer game is being played in a stadium
video1241,video1241_frame_004.jpg,soccer,4,a soccer game is being played in a stadium
video1241,video1241_frame_005.jpg,soccer,5,a soccer game is being played in a stadium
video1241,video1241_frame_006.jpg,soccer,6,a soccer game is being played in a stadium
video1241,video1241_frame_007.jpg,soccer,7,a soccer game is being played in a stadium
video1241,video1241_frame_008.jpg,soccer,8,a woman is shaking another woman's hand
video1241,video1241_frame_009.jpg,soccer,9,the girls are hugging each other girls
video1241,video1241_frame_010.jpg,soccer,10,a soccer game is being played on the field
video1241,video1241_frame_011.jpg,soccer,11,a soccer game is being played on a field
video1327,video1327_frame_000.jpg,soccer,0,a soccer player is kicking a ball on the field
video1327,video1327_frame_001.jpg,soccer,1,a soccer player is kicking a ball on the field
video1327,video1327_frame_002.jpg,soccer,2,a soccer game with a player kicking the ball
video1327,video1327_frame_003.jpg,soccer,3,a soccer game is shown in this image
video1327,video1327_frame_004.jpg,soccer,4,a soccer game is being played in the stadium
video1327,video1327_frame_005.jpg,soccer,5,a soccer game is being played in the stadium
video1327,video1327_frame_006.jpg,soccer,6,a video of a soccer player in the middle of the game
video1327,video1327_frame_007.jpg,soccer,7,a soccer player is caught by a referee
video1327,video1327_frame_008.jpg,soccer,8,a soccer player is trying to kick the ball
video1327,video1327_frame_009.jpg,soccer,9,a soccer player is kicking a ball
video1327,video1327_frame_010.jpg,soccer,10,a soccer player is kicking a ball on the field
video1327,video1327_frame_011.jpg,soccer,11,a soccer player is kicking a soccer player
video1734,video1734_frame_000.jpg,soccer,0,a man in red shirt standing on a field
video1734,video1734_frame_001.jpg,soccer,1,a man is standing in front of a large screen
video1734,video1734_frame_002.jpg,soccer,2,a group of people playing soccer in a field
video1734,video1734_frame_003.jpg,soccer,3,a soccer player is kicking the ball
video1734,video1734_frame_004.jpg,soccer,4,a soccer game with a soccer ball in the middle of the field
video1734,video1734_frame_005.jpg,soccer,5,a soccer game with a goal and a player
video1734,video1734_frame_006.jpg,soccer,6,a man in a red shirt is standing on the grass
video1734,video1734_frame_007.jpg,soccer,7,a soccer game with two players on the field
video1734,video1734_frame_008.jpg,soccer,8,a soccer player is trying to kick the ball
video1734,video1734_frame_009.jpg,soccer,9,a soccer player is kicking the ball while another player watches
video1734,video1734_frame_010.jpg,soccer,10,a soccer game is being played on the field
video1734,video1734_frame_011.jpg,soccer,11,a soccer player is running after the ball
video2347,video2347_frame_000.jpg,soccer,0,a woman in a gray shirt is interviewed on a soccer field
video2347,video2347_frame_001.jpg,soccer,1,a woman in a blue shirt is interviewed on a field
video2347,video2347_frame_002.jpg,soccer,2,a woman in a gray shirt is interviewed on a tv screen
video2347,video2347_frame_003.jpg,soccer,3,a woman in a gray shirt is interviewed on a tv screen
video2347,video2347_frame_004.jpg,soccer,4,a woman in a gray shirt is interviewed on a tv screen
video2347,video2347_frame_005.jpg,soccer,5,a woman in a white shirt is interviewed on a tv screen
video2347,video2347_frame_006.jpg,soccer,6,a woman in a white shirt is interviewed on a tv screen
video2347,video2347_frame_007.jpg,soccer,7,a woman in a blue shirt is interviewed by a reporter
video2347,video2347_frame_008.jpg,soccer,8,a woman in a gray shirt is interviewed by a reporter
video2347,video2347_frame_009.jpg,soccer,9,a woman in a gray shirt is interviewed on a field
video2347,video2347_frame_010.jpg,soccer,10,a woman in a gray shirt is interviewed by a reporter
video2347,video2347_frame_011.jpg,soccer,11,a woman in a blue shirt is interviewed by a reporter
video247,video247_frame_000.jpg,soccer,0,a soccer player is trying to kick the ball
video247,video247_frame_001.jpg,soccer,1,a soccer player is trying to kick the ball
video247,video247_frame_002.jpg,soccer,2,a soccer game with a player on the field
video247,video247_frame_003.jpg,soccer,3,a soccer game is being played in the stadium
video247,video247_frame_004.jpg,soccer,4,a soccer game with a player kicking the ball
video247,video247_frame_005.jpg,soccer,5,a soccer player is trying to kick the ball
video247,video247_frame_006.jpg,soccer,6,a soccer player is running after another player
video247,video247_frame_007.jpg,soccer,7,a soccer game is being played in the stadium
video247,video247_frame_008.jpg,soccer,8,a soccer game is being played on the field
video247,video247_frame_009.jpg,soccer,9,a soccer game is being played in the stadium
video247,video247_frame_010.jpg,soccer,10,a soccer game is being played in the stadium
video247,video247_frame_011.jpg,soccer,11,a soccer game is being played in the stadium
video2545,video2545_frame_000.jpg,soccer,0,a soccer game with a player on the field
video2545,video2545_frame_001.jpg,soccer,1,a soccer game with a player on the field
video2545,video2545_frame_002.jpg,soccer,2,a soccer game with a player on the field
video2545,video2545_frame_003.jpg,soccer,3,a soccer game with a player kicking the ball
video2545,video2545_frame_004.jpg,soccer,4,a soccer game with a player on the field
video2545,video2545_frame_005.jpg,soccer,5,a man in a green and white shirt is playing soccer
video2545,video2545_frame_006.jpg,soccer,6,a car is driving down the road with the words best life sports
video2545,video2545_frame_007.jpg,soccer,7,a video game with a green screen and a white screen
video2545,video2545_frame_008.jpg,soccer,8,a video game with a green screen and a white screen
video2545,video2545_frame_009.jpg,soccer,9,a video game with a man in the middle
video2545,video2545_frame_010.jpg,soccer,10,a video game with a man running down the stairs
video2545,video2545_frame_011.jpg,soccer,11,a video game with a man on the ground
video2586,video2586_frame_000.jpg,soccer,0,a crowd of people are cheering and cheering
video2586,video2586_frame_001.jpg,soccer,1,a crowd of people are cheering and cheering
video2586,video2586_frame_002.jpg,soccer,2,a soccer game is shown in the screen
video2586,video2586_frame_003.jpg,soccer,3,a soccer game is being played in a stadium
video2586,video2586_frame_004.jpg,soccer,4,a soccer player is running after the ball
video2586,video2586_frame_005.jpg,soccer,5,a soccer player is kicking a ball on the field
video2586,video2586_frame_006.jpg,soccer,6,a soccer game is being played in a stadium
video2586,video2586_frame_007.jpg,soccer,7,a soccer game is being played in a stadium
video2586,video2586_frame_008.jpg,soccer,8,a soccer game is being played in a stadium
video2586,video2586_frame_009.jpg,soccer,9,a soccer game is being played in a stadium
video2586,video2586_frame_010.jpg,soccer,10,a soccer game is being played in a stadium
video2586,video2586_frame_011.jpg,soccer,11,a soccer game is being played in a stadium
video302,video302_frame_000.jpg,soccer,0,a man is kicking a soccer ball on the field
video302,video302_frame_001.jpg,soccer,1,a soccer field with a ball and a goal
video302,video302_frame_002.jpg,soccer,2,two men are playing soccer on a field
video302,video302_frame_003.jpg,soccer,3,a man kicking a soccer ball on a field
video302,video302_frame_004.jpg,soccer,4,a man is standing in the grass with a soccer ball
video302,video302_frame_005.jpg,soccer,5,a man in a black shirt and green shoes kicking a soccer ball
video302,video302_frame_006.jpg,soccer,6,a soccer ball on the grass with a man in the background
video302,video302_frame_007.jpg,soccer,7,a man kicking a soccer ball on a field
video302,video302_frame_008.jpg,soccer,8,a soccer goal is seen in this image
video302,video302_frame_009.jpg,soccer,9,a soccer player is kicking a ball on the field
video302,video302_frame_010.jpg,soccer,10,a man is kicking a soccer ball on the field
video302,video302_frame_011.jpg,soccer,11,a man is kicking a soccer ball on the field
video3160,video3160_frame_000.jpg,soccer,0,a man is being thrown by a crowd
video3160,video3160_frame_001.jpg,soccer,1,a man is running towards the goal
video3160,video3160_frame_002.jpg,soccer,2,a man in a black shirt is walking across the field
video3160,video3160_frame_003.jpg,soccer,3,a man is sitting on the bench in front of a crowd
video3160,video3160_frame_004.jpg,soccer,4,a man sitting on a bench with a man in the background
video3160,video3160_frame_005.jpg,soccer,5,a man sitting on a bench with a soccer ball
video3160,video3160_frame_006.jpg,soccer,6,a man is sitting in the stands with his head down
video3160,video3160_frame_007.jpg,soccer,7,a man is sitting on the bench and talking to another man
video3160,video3160_frame_008.jpg,soccer,8,a soccer game is being played on the field
video3160,video3160_frame_009.jpg,soccer,9,a soccer game is being played on the field
video3160,video3160_frame_010.jpg,soccer,10,a soccer game is being played on the field
video3160,video3160_frame_011.jpg,soccer,11,a soccer game is being played on the field
video3396,video3396_frame_000.jpg,soccer,0,the trophy is displayed in front of a television screen
video3396,video3396_frame_001.jpg,soccer,1,a rugby player is running with the ball
video3396,video3396_frame_002.jpg,soccer,2,a rugby player is tackled by a referee
video3396,video3396_frame_003.jpg,soccer,3,a rugby player is tackled by two opponents
video3396,video3396_frame_004.jpg,soccer,4,a rugby player is tackled by two opponents
video3396,video3396_frame_005.jpg,soccer,5,a rugby player is tackled by two opponents
video3396,video3396_frame_006.jpg,soccer,6,a soccer game is being played in a stadium
video3396,video3396_frame_007.jpg,soccer,7,a soccer game is being played on the field
video3396,video3396_frame_008.jpg,soccer,8,a soccer game is being played on the field
video3396,video3396_frame_009.jpg,soccer,9,a soccer game is being played in a stadium
video3396,video3396_frame_010.jpg,soccer,10,a soccer player is running with the ball
video3396,video3396_frame_011.jpg,soccer,11,a man is running with a ball in his hand
video3410,video3410_frame_000.jpg,soccer,0,a group of people playing soccer on a field
video3410,video3410_frame_001.jpg,soccer,1,a group of people playing a game of rugby
video3410,video3410_frame_002.jpg,soccer,2,a rugby game is being played on the field
video3410,video3410_frame_003.jpg,soccer,3,a group of people playing a game on a field
video3410,video3410_frame_004.jpg,soccer,4,a soccer game is being played on the field
video3410,video3410_frame_005.jpg,soccer,5,a group of people playing soccer on a field
video3410,video3410_frame_006.jpg,soccer,6,a group of people playing soccer on a field
video3410,video3410_frame_007.jpg,soccer,7,a soccer game is being played on a field
video3410,video3410_frame_008.jpg,soccer,8,a soccer game is being played on a field
video3410,video3410_frame_009.jpg,soccer,9,a soccer game is being played on a field
video3410,video3410_frame_010.jpg,soccer,10,a soccer game is being played on a field
video3410,video3410_frame_011.jpg,soccer,11,a group of people are watching a soccer game
video341,video341_frame_000.jpg,soccer,0,a screen shot of a crowd at a concert
video341,video341_frame_001.jpg,soccer,1,a video screen showing a soccer match
video341,video341_frame_002.jpg,soccer,2,a video screen showing a soccer match
video341,video341_frame_003.jpg,soccer,3,a video screen showing a soccer match
video341,video341_frame_004.jpg,soccer,4,a video screen showing a soccer match
video341,video341_frame_005.jpg,soccer,5,a video screen showing a soccer match
video341,video341_frame_006.jpg,soccer,6,a video screen showing a soccer match
video341,video341_frame_007.jpg,soccer,7,a video screen showing a hockey game
video341,video341_frame_008.jpg,soccer,8,a video of a hockey game being played by a player
video341,video341_frame_009.jpg,soccer,9,a video screen showing a hockey game
video341,video341_frame_010.jpg,soccer,10,a hockey player is falling off the ice
video341,video341_frame_011.jpg,soccer,11,a video screen with a hockey player on it
video3540,video3540_frame_000.jpg,soccer,0,a soccer game with a soccer ball in the middle of the field
video3540,video3540_frame_001.jpg,soccer,1,a soccer game with a soccer ball in the middle of the field
video3540,video3540_frame_002.jpg,soccer,2,a soccer game with a goal and a ball
video3540,video3540_frame_003.jpg,soccer,3,a yellow and blue background with a white and black background
video3540,video3540_frame_004.jpg,soccer,4,a soccer player is kicking a soccer ball
video3540,video3540_frame_005.jpg,soccer,5,a man in yellow shirt is dancing
video3540,video3540_frame_006.jpg,soccer,6,a man in yellow shirt playing soccer
video3540,video3540_frame_007.jpg,soccer,7,a soccer game with a soccer player in the background
video3540,video3540_frame_008.jpg,soccer,8,brazil vs brazil - world cup 2014 - final - brazil vs brazil - world cup 2014 - final - brazil vs brazil 2014
video3540,video3540_frame_009.jpg,soccer,9,a soccer game with a player on the field
video3540,video3540_frame_010.jpg,soccer,10,a soccer game with a soccer ball in the middle of the field
video3540,video3540_frame_011.jpg,soccer,11,a soccer game is being played on the field
video4158,video4158_frame_000.jpg,soccer,0,a soccer player is kicking a ball in the air
video4158,video4158_frame_001.jpg,soccer,1,a soccer player kicking a ball in the air
video4158,video4158_frame_002.jpg,soccer,2,a man in a black jacket is standing in the dark
video4158,video4158_frame_003.jpg,soccer,3,a soccer game with a soccer ball in the middle of the field
video4158,video4158_frame_004.jpg,soccer,4,a soccer game with a player kicking the ball
video4158,video4158_frame_005.jpg,soccer,5,a soccer game with a crowd watching
video4158,video4158_frame_006.jpg,soccer,6,a soccer player is cheering his team
video4158,video4158_frame_007.jpg,soccer,7,a soccer player is celebrating his goal
video4158,video4158_frame_008.jpg,soccer,8,a soccer player is celebrating his goal
video4158,video4158_frame_009.jpg,soccer,9,a soccer game with a player on the field
video4158,video4158_frame_010.jpg,soccer,10,a soccer game with a soccer ball on the field
video4158,video4158_frame_011.jpg,soccer,11,a soccer game with a soccer ball in the middle of the field
video5435,video5435_frame_000.jpg,soccer,0,a man in a black shirt and red shorts is kicking a soccer ball
video5435,video5435_frame_001.jpg,soccer,1,movideos - video tutor - screenshote
video5435,video5435_frame_002.jpg,soccer,2,movids - football - screenshote
video5435,video5435_frame_003.jpg,soccer,3,movids - soccer - screenshote
video5435,video5435_frame_004.jpg,soccer,4,movids - soccer game - screenshot
video5435,video5435_frame_005.jpg,soccer,5,movideos - youtube football - screenshoto
video5435,video5435_frame_006.jpg,soccer,6,movideos - youtube football - screenshoto
video5435,video5435_frame_007.jpg,soccer,7,"movideos - youtube, youtube, youtube, youtube, youtube, youtube, youtube, youtube, youtube, youtube, youtube, youtube"
video5435,video5435_frame_008.jpg,soccer,8,"movids - youtube, youtube, youtube, youtube, youtube, youtube, youtube, youtube, youtube, youtube, youtube, youtube, youtube, youtube,"
video5435,video5435_frame_009.jpg,soccer,9,movideos - youtube football - screenshoto
video5435,video5435_frame_010.jpg,soccer,10,movids - video player - screenshote
video5435,video5435_frame_011.jpg,soccer,11,"movids - youtube, youtube, youtube, youtube, youtube, youtube, youtube, youtube, youtube, youtube, youtube, youtube, youtube, youtube,"
video5503,video5503_frame_000.jpg,soccer,0,a woman in a blue jersey is standing on a soccer field
video5503,video5503_frame_001.jpg,soccer,1,a woman in a blue shirt is standing on a field
video5503,video5503_frame_002.jpg,soccer,2,a woman in a blue shirt is standing on a soccer field
video5503,video5503_frame_003.jpg,soccer,3,a soccer game is being played in a stadium
video5503,video5503_frame_004.jpg,soccer,4,a soccer game is being played in a stadium
video5503,video5503_frame_005.jpg,soccer,5,a soccer game is being played in a stadium
video5503,video5503_frame_006.jpg,soccer,6,a soccer game is being played in a stadium
video5503,video5503_frame_007.jpg,soccer,7,a soccer game is being played in a stadium
video5503,video5503_frame_008.jpg,soccer,8,a soccer player is shown in the middle of the screen
video5503,video5503_frame_009.jpg,soccer,9,a soccer player is standing in front of a goal
video5503,video5503_frame_010.jpg,soccer,10,a soccer player is standing in front of a goal
video5503,video5503_frame_011.jpg,soccer,11,a woman in a yellow shirt is playing soccer
video5589,video5589_frame_000.jpg,soccer,0,ireland v ireland - rugby highlights
video5589,video5589_frame_001.jpg,soccer,1,a soccer game is being played on the field
video5589,video5589_frame_002.jpg,soccer,2,a soccer game is being played on the field
video5589,video5589_frame_003.jpg,soccer,3,a group of men playing soccer on a field
video5589,video5589_frame_004.jpg,soccer,4,a rugby game is being played on the field
video5589,video5589_frame_005.jpg,soccer,5,a rugby game is being played on the field
video5589,video5589_frame_006.jpg,soccer,6,a rugby game with a player running towards the ball
video5589,video5589_frame_007.jpg,soccer,7,a rugby game is being played in the stadium
video5589,video5589_frame_008.jpg,soccer,8,a rugby game is being played in the stadium
video5589,video5589_frame_009.jpg,soccer,9,a rugby game is being played on the field
video5589,video5589_frame_010.jpg,soccer,10,a rugby game is being played on the field
video5589,video5589_frame_011.jpg,soccer,11,a rugby game is being played on the field
video5929,video5929_frame_000.jpg,soccer,0,a soccer game is being played on the field
video5929,video5929_frame_001.jpg,soccer,1,a soccer goal is in the air as a ball flies into the goal
video5929,video5929_frame_002.jpg,soccer,2,a soccer game is being played in a stadium
video5929,video5929_frame_003.jpg,soccer,3,a soccer goal is in the middle of a field
video5929,video5929_frame_004.jpg,soccer,4,a soccer game is being played on the field
video5929,video5929_frame_005.jpg,soccer,5,a soccer game is being played on the field
video5929,video5929_frame_006.jpg,soccer,6,a soccer game is being played on the field
video5929,video5929_frame_007.jpg,soccer,7,a soccer game is being played on the field
video5929,video5929_frame_008.jpg,soccer,8,a soccer game is being played on the field
video5929,video5929_frame_009.jpg,soccer,9,a soccer game is being played on the field
video5929,video5929_frame_010.jpg,soccer,10,a soccer game is being played on the field
video5929,video5929_frame_011.jpg,soccer,11,a soccer game is being played on the field
video5960,video5960_frame_000.jpg,soccer,0,a soccer game is being played in a stadium
video5960,video5960_frame_001.jpg,soccer,1,a soccer game is being played in a stadium
video5960,video5960_frame_002.jpg,soccer,2,a soccer game is being played in a stadium
video5960,video5960_frame_003.jpg,soccer,3,a soccer game is being played in a stadium
video5960,video5960_frame_004.jpg,soccer,4,a soccer game is being played in a stadium
video5960,video5960_frame_005.jpg,soccer,5,a soccer game with a crowd watching
video5960,video5960_frame_006.jpg,soccer,6,a man in uniform talking to a man in uniform
video5960,video5960_frame_007.jpg,soccer,7,a soldier is talking to a little boy
video5960,video5960_frame_008.jpg,soccer,8,a soldier is talking to a reporter
video5960,video5960_frame_009.jpg,soccer,9,a soldier is talking to a reporter
video5960,video5960_frame_010.jpg,soccer,10,a man is hugging another man in a field
video5960,video5960_frame_011.jpg,soccer,11,a man is being a woman in a baseball game
video6066,video6066_frame_000.jpg,soccer,0,a soccer player is in the middle of a goal
video6066,video6066_frame_001.jpg,soccer,1,a soccer game is being played on the field
video6066,video6066_frame_002.jpg,soccer,2,a soccer player is making a save on the field
video6066,video6066_frame_003.jpg,soccer,3,a woman is comforted by a group of people
video6066,video6066_frame_004.jpg,soccer,4,a woman is crying while another watches
video6066,video6066_frame_005.jpg,soccer,5,the women's soccer team is celebrating their goal
video6066,video6066_frame_006.jpg,soccer,6,the women's soccer team is celebrating their goal
video6066,video6066_frame_007.jpg,soccer,7,a soccer stadium with a crowd watching
video6066,video6066_frame_008.jpg,soccer,8,watch and share the live scoreboard of the match
video6066,video6066_frame_009.jpg,soccer,9,a soccer stadium with a large screen showing the score
video6066,video6066_frame_010.jpg,soccer,10,a soccer game is shown in the middle of a stadium
video6066,video6066_frame_011.jpg,soccer,11,a soccer game is shown in the middle of a stadium
video6103,video6103_frame_000.jpg,soccer,0,a soccer player is playing with a ball
video6103,video6103_frame_001.jpg,soccer,1,a soccer player is on the field with his head down
video6103,video6103_frame_002.jpg,soccer,2,a soccer player is kicking a soccer ball
video6103,video6103_frame_003.jpg,soccer,3,a hockey player is playing a game on the ice
video6103,video6103_frame_004.jpg,soccer,4,a hockey player is playing on the ice
video6103,video6103_frame_005.jpg,soccer,5,a hockey player is playing a game on the ice
video6103,video6103_frame_006.jpg,soccer,6,a hockey player is trying to block the puck
video6103,video6103_frame_007.jpg,soccer,7,a hockey player is playing a game on the ice
video6103,video6103_frame_008.jpg,soccer,8,a hockey player is trying to block the puck
video6103,video6103_frame_009.jpg,soccer,9,a hockey player is trying to block the puck
video6103,video6103_frame_010.jpg,soccer,10,a baseball player is throwing a ball at the plate
video6103,video6103_frame_011.jpg,soccer,11,a baseball player is throwing a ball at the plate
video6474,video6474_frame_000.jpg,soccer,0,argentina vs argentina - copatoo - copatoo - copatoo - copatoo - copatoo - copatoo copa
video6474,video6474_frame_001.jpg,soccer,1,argentina vs argentina - copatoo - copatoo
video6474,video6474_frame_002.jpg,soccer,2,argentina vs argentina - copatoo - 1 - 0 - 1 - 1 - 1 - 1 - 1 - 1 - 1 - 1 - 1 - 1 -
video6474,video6474_frame_003.jpg,soccer,3,argentina vs argentina - copatoo - copatoo - copatoo - copatoo - copatoo - copatoo copa
video6474,video6474_frame_004.jpg,soccer,4,the spurs are celebrating their first ever after the spurs win
video6474,video6474_frame_005.jpg,soccer,5,a group of people are hugging and hugging each other people
video6474,video6474_frame_006.jpg,soccer,6,a group of people are huddled together
video6474,video6474_frame_007.jpg,soccer,7,a group of men in white shirts are huddled together
video6474,video6474_frame_008.jpg,soccer,8,a crowd of people at a soccer game
video6474,video6474_frame_009.jpg,soccer,9,a crowd of people are watching a soccer match
video6474,video6474_frame_010.jpg,soccer,10,a crowd of people are watching a soccer match
video6474,video6474_frame_011.jpg,soccer,11,a crowd of people watching a soccer game
video6632,video6632_frame_000.jpg,soccer,0,a soccer game is being played on a television screen
video6632,video6632_frame_001.jpg,soccer,1,a soccer game is being played on a television screen
video6632,video6632_frame_002.jpg,soccer,2,a soccer game is being played on the field
video6632,video6632_frame_003.jpg,soccer,3,a soccer game is being played in a stadium
video6632,video6632_frame_004.jpg,soccer,4,a soccer game is being played in a stadium
video6632,video6632_frame_005.jpg,soccer,5,a soccer game is being played on a television screen
video6632,video6632_frame_006.jpg,soccer,6,a soccer game is being played in a stadium
video6632,video6632_frame_007.jpg,soccer,7,a soccer game is being played on the field
video6632,video6632_frame_008.jpg,soccer,8,a soccer game is being played on a field
video6632,video6632_frame_009.jpg,soccer,9,a soccer game is being played on the field
video6632,video6632_frame_010.jpg,soccer,10,a soccer game is being played in a stadium
video6632,video6632_frame_011.jpg,soccer,11,a soccer player is about to kick the ball
video6743,video6743_frame_000.jpg,soccer,0,a soccer game is being played on the field
video6743,video6743_frame_001.jpg,soccer,1,a soccer game is being played in a stadium
video6743,video6743_frame_002.jpg,soccer,2,a soccer game is being played on a field
video6743,video6743_frame_003.jpg,soccer,3,a soccer game is being played on a field
video6743,video6743_frame_004.jpg,soccer,4,a soccer game is being played on a field
video6743,video6743_frame_005.jpg,soccer,5,a soccer game is being played on a field
video6743,video6743_frame_006.jpg,soccer,6,a soccer player is standing on the field
video6743,video6743_frame_007.jpg,soccer,7,a soccer player is kicking a soccer ball
video6743,video6743_frame_008.jpg,soccer,8,a soccer game is being played on a television screen
video6743,video6743_frame_009.jpg,soccer,9,a soccer game is being played on a field
video6743,video6743_frame_010.jpg,soccer,10,a soccer game being played on a television
video6743,video6743_frame_011.jpg,soccer,11,a soccer goal is in the middle of the field
video7125,video7125_frame_000.jpg,soccer,0,a woman is hugged by a man in a soccer match
video7125,video7125_frame_001.jpg,soccer,1,a man is being his hair cut by another man
video7125,video7125_frame_002.jpg,soccer,2,a soccer game is shown in the screen
video7125,video7125_frame_003.jpg,soccer,3,a soccer game is being played in a stadium
video7125,video7125_frame_004.jpg,soccer,4,a soccer game is being played in the stadium
video7125,video7125_frame_005.jpg,soccer,5,a soccer player is kicking the ball on the field
video7125,video7125_frame_006.jpg,soccer,6,a soccer player is kicking a soccer ball
video7125,video7125_frame_007.jpg,soccer,7,a soccer player is kicking the ball while another player watches
video7125,video7125_frame_008.jpg,soccer,8,a soccer player is running after another player
video7125,video7125_frame_009.jpg,soccer,9,a soccer player is kicking the ball on the field
video7125,video7125_frame_010.jpg,soccer,10,a soccer player is kicking the ball
video7125,video7125_frame_011.jpg,soccer,11,a soccer game is being played on the field
video7247,video7247_frame_000.jpg,soccer,0,a soccer game is being played on the field
video7247,video7247_frame_001.jpg,soccer,1,a rugby game is being played on the field
video7247,video7247_frame_002.jpg,soccer,2,a rugby game is being played on the field
video7247,video7247_frame_003.jpg,soccer,3,a rugby game is being played on the field
video7247,video7247_frame_004.jpg,soccer,4,a rugby game is being played in the stadium
video7247,video7247_frame_005.jpg,soccer,5,a rugby game is being played on the field
video7247,video7247_frame_006.jpg,soccer,6,a rugby game is being played on the field
video7247,video7247_frame_007.jpg,soccer,7,a rugby match is being played in the field
video7247,video7247_frame_008.jpg,soccer,8,a rugby game is being played on the field
video7247,video7247_frame_009.jpg,soccer,9,a rugby match is being played on the field
video7247,video7247_frame_010.jpg,soccer,10,a rugby player is running after the ball
video7247,video7247_frame_011.jpg,soccer,11,a rugby player is running towards the ball
video7261,video7261_frame_000.jpg,soccer,0,a man kicking a soccer ball on a field
video7261,video7261_frame_001.jpg,soccer,1,a man is playing soccer on a field
video7261,video7261_frame_002.jpg,soccer,2,a soccer goal on a field with a goal net
video7261,video7261_frame_003.jpg,soccer,3,a man kicking a soccer ball on a field
video7261,video7261_frame_004.jpg,soccer,4,a man standing on top of a soccer field
video7261,video7261_frame_005.jpg,soccer,5,a man is doing a push on the grass
video7261,video7261_frame_006.jpg,soccer,6,a person laying on the ground with a soccer ball
video7261,video7261_frame_007.jpg,soccer,7,a soccer goal on a field with a goal net
video7261,video7261_frame_008.jpg,soccer,8,a man is doing a trick on the soccer field
video7261,video7261_frame_009.jpg,soccer,9,a man is kicking a soccer ball on the field
video7261,video7261_frame_010.jpg,soccer,10,a man kicking a soccer ball on a field
video7261,video7261_frame_011.jpg,soccer,11,a man is kicking a soccer ball on the field
video7390,video7390_frame_000.jpg,soccer,0,a soccer game with a player on the field
video7390,video7390_frame_001.jpg,soccer,1,a soccer game with a soccer ball on the field
video7390,video7390_frame_002.jpg,soccer,2,a soccer game with a player on the field
video7390,video7390_frame_003.jpg,soccer,3,fifa 2014 - screenshote - screenshote - screenshote - screenshote - screenshote - screenshote - screenshote - screens
video7390,video7390_frame_004.jpg,soccer,4,a soccer game with a player on the field
video7390,video7390_frame_005.jpg,soccer,5,a soccer game with a player on the field
video7390,video7390_frame_006.jpg,soccer,6,a soccer game with a player on the field
video7390,video7390_frame_007.jpg,soccer,7,fifa 2018 - ps4 - ps4 - ps4 - ps4 - ps4 - ps4 - ps4 - ps4 - ps
video7390,video7390_frame_008.jpg,soccer,8,fifa 18 screenshote - screenshote
video7390,video7390_frame_009.jpg,soccer,9,fifa 18 screenshots - screenshots com
video7390,video7390_frame_010.jpg,soccer,10,a soccer game with a player on the field
video7390,video7390_frame_011.jpg,soccer,11,fifa 18 - pst - screenshote
video8730,video8730_frame_000.jpg,soccer,0,a group of people playing soccer on a field
video8730,video8730_frame_001.jpg,soccer,1,a group of people playing soccer on a field
video8730,video8730_frame_002.jpg,soccer,2,a soccer goal with a ball and a net
video8730,video8730_frame_003.jpg,soccer,3,a soccer goal with a ball and net
video8730,video8730_frame_004.jpg,soccer,4,a group of people playing soccer on a field
video8730,video8730_frame_005.jpg,soccer,5,a group of people playing soccer on a field
video8730,video8730_frame_006.jpg,soccer,6,a group of people playing soccer on a field
video8730,video8730_frame_007.jpg,soccer,7,a group of people playing soccer on a field
video8730,video8730_frame_008.jpg,soccer,8,a group of men standing on top of a tennis court
video8730,video8730_frame_009.jpg,soccer,9,a group of men standing on top of a tennis court
video8730,video8730_frame_010.jpg,soccer,10,a group of young men standing on top of a tennis court
video8730,video8730_frame_011.jpg,soccer,11,a group of people standing on top of a soccer field
video8967,video8967_frame_000.jpg,soccer,0,a group of people playing a game of basketball
video8967,video8967_frame_001.jpg,soccer,1,a group of men playing a game of basketball
video8967,video8967_frame_002.jpg,soccer,2,a group of people playing a game of basketball
video8967,video8967_frame_003.jpg,soccer,3,a group of people playing a game of basketball
video8967,video8967_frame_004.jpg,soccer,4,a group of people playing a game of basketball
video8967,video8967_frame_005.jpg,soccer,5,two men are standing on a basketball court
video8967,video8967_frame_006.jpg,soccer,6,a man in a white shirt is giving the peace sign
video8967,video8967_frame_007.jpg,soccer,7,a man is trying to block a ball
video8967,video8967_frame_008.jpg,soccer,8,a man is playing a game of futsal
video8967,video8967_frame_009.jpg,soccer,9,a soccer player is trying to block the ball
video8967,video8967_frame_010.jpg,soccer,10,a group of men playing a game of basketball
video8967,video8967_frame_011.jpg,soccer,11,a basketball game with a player in the middle
video9182,video9182_frame_000.jpg,soccer,0,a soccer game with a player in the middle of the field
video9182,video9182_frame_001.jpg,soccer,1,fifa 2018 - ps4 - barcelona vs barcelona
video9182,video9182_frame_002.jpg,soccer,2,a soccer game with a player in the middle of the field
video9182,video9182_frame_003.jpg,soccer,3,a soccer player kicking a ball on a field
video9182,video9182_frame_004.jpg,soccer,4,a soccer player kicking a ball on a field
video9182,video9182_frame_005.jpg,soccer,5,a soccer player is playing a game on the field
video9182,video9182_frame_006.jpg,soccer,6,fifa 18 - screenshote - screenshote - screenshote - screenshote - screenshote - screenshote - screenshote - screens
video9182,video9182_frame_007.jpg,soccer,7,fifa 18 - screenshote - screenshote - screenshote - screenshote - screenshote - screenshote - screenshote - screens
video9182,video9182_frame_008.jpg,soccer,8,fifa 18 - screenshote - screenshote - screenshote - screenshote - screenshote - screenshote - screenshote - screens
video9182,video9182_frame_009.jpg,soccer,9,fifa 18 screenshote soccer game
video9182,video9182_frame_010.jpg,soccer,10,fifa 18 - screenshote - screenshote
video9182,video9182_frame_011.jpg,soccer,11,fifa 18 - screenshote - screenshote
video9183,video9183_frame_000.jpg,soccer,0,a baseball player is about to catch the ball
video9183,video9183_frame_001.jpg,soccer,1,a soccer player is playing with a ball
video9183,video9183_frame_002.jpg,soccer,2,a soccer game is shown on a screen
video9183,video9183_frame_003.jpg,soccer,3,a soccer game is shown on a screen
video9183,video9183_frame_004.jpg,soccer,4,a video of a soccer game being played by a man
video9183,video9183_frame_005.jpg,soccer,5,a video of a soccer game being played by a player
video9183,video9183_frame_006.jpg,soccer,6,a soccer player is seen on the screen
video9183,video9183_frame_007.jpg,soccer,7,a video of a volleyball match with people playing
video9183,video9183_frame_008.jpg,soccer,8,a young boy is seen in this image from the video
video9183,video9183_frame_009.jpg,soccer,9,a screen shot of a kid playing soccer
video9183,video9183_frame_010.jpg,soccer,10,a video of a young boy playing soccer
video9183,video9183_frame_011.jpg,soccer,11,a man is running on the beach with a ball
video1397,video1397_frame_000.jpg,swimming,0,a dog is playing in the pool with a ball
video1397,video1397_frame_001.jpg,swimming,1,a dog is playing in the pool with a ball
video1397,video1397_frame_002.jpg,swimming,2,a dog is playing in the pool with a ball
video1397,video1397_frame_003.jpg,swimming,3,a dog is jumping into a pool with a ball
video1397,video1397_frame_004.jpg,swimming,4,a man and his dog playing in the pool
video1397,video1397_frame_005.jpg,swimming,5,two dogs playing in a pool with a man
video1397,video1397_frame_006.jpg,swimming,6,a man is playing with two dogs in the pool
video1397,video1397_frame_007.jpg,swimming,7,a dog is playing with a ball in the pool
video1397,video1397_frame_008.jpg,swimming,8,a man and his dog are playing in the pool
video1397,video1397_frame_009.jpg,swimming,9,a man is playing with a dog in the pool
video1397,video1397_frame_010.jpg,swimming,10,a man and two dogs playing in a pool
video1397,video1397_frame_011.jpg,swimming,11,two men playing in the pool with a dog
video1437,video1437_frame_000.jpg,swimming,0,a dog is playing with a ball in the pool
video1437,video1437_frame_001.jpg,swimming,1,a dog is playing with a ball in the pool
video1437,video1437_frame_002.jpg,swimming,2,two dogs playing in a pool with a ball
video1437,video1437_frame_003.jpg,swimming,3,a dog is playing in the pool with a ball
video1437,video1437_frame_004.jpg,swimming,4,a dog is playing with a ball in the pool
video1437,video1437_frame_005.jpg,swimming,5,a man and his dog playing in the pool
video1437,video1437_frame_006.jpg,swimming,6,a woman and her dog playing in the pool
video1437,video1437_frame_007.jpg,swimming,7,a dog is playing with a man in the pool
video1437,video1437_frame_008.jpg,swimming,8,a man is playing with a dog in the pool
video1437,video1437_frame_009.jpg,swimming,9,a man and his dog are playing in the pool
video1437,video1437_frame_010.jpg,swimming,10,a man and a dog are playing in the pool
video1437,video1437_frame_011.jpg,swimming,11,two dogs playing in the pool
video1649,video1649_frame_000.jpg,swimming,0,a man in a suit and tie is dancing
video1649,video1649_frame_001.jpg,swimming,1,a man and woman kissing in front of a mirror
video1649,video1649_frame_002.jpg,swimming,2,a man and woman kissing in front of a mirror
video1649,video1649_frame_003.jpg,swimming,3,a man and woman standing in a room
video1649,video1649_frame_004.jpg,swimming,4,a man and a woman standing next to each other people
video1649,video1649_frame_005.jpg,swimming,5,a woman in a yellow bikini standing next to a pool
video1649,video1649_frame_006.jpg,swimming,6,a woman in a yellow bikini standing next to a pool
video1649,video1649_frame_007.jpg,swimming,7,a woman in a yellow dress standing next to a pool
video1649,video1649_frame_008.jpg,swimming,8,a woman in a yellow bikini standing next to a pool
video1649,video1649_frame_009.jpg,swimming,9,a woman in a yellow dress standing next to a pool
video1649,video1649_frame_010.jpg,swimming,10,a woman in a yellow dress standing next to a pool
video1649,video1649_frame_011.jpg,swimming,11,a woman in a yellow bikini standing next to a pool
video2028,video2028_frame_000.jpg,swimming,0,a woman standing in front of a pool
video2028,video2028_frame_001.jpg,swimming,1,a woman standing in front of a pool
video2028,video2028_frame_002.jpg,swimming,2,a woman in a black dress standing next to a pool
video2028,video2028_frame_003.jpg,swimming,3,a man standing on a stage with a guitar
video2028,video2028_frame_004.jpg,swimming,4,a man on stage with a guitar and a microphone
video2028,video2028_frame_005.jpg,swimming,5,a man and woman sitting in an airplane
video2028,video2028_frame_006.jpg,swimming,6,a person standing on the shore of a lake
video2028,video2028_frame_007.jpg,swimming,7,two people are standing near the water at sunset
video2028,video2028_frame_008.jpg,swimming,8,a woman standing next to a white horse
video2028,video2028_frame_009.jpg,swimming,9,a woman walking a white horse in a barn
video2028,video2028_frame_010.jpg,swimming,10,a woman is walking with a white horse
video2028,video2028_frame_011.jpg,swimming,11,a horse is standing in a barn with a person walking by
video2622,video2622_frame_000.jpg,swimming,0,a group of women dancing in a pool
video2622,video2622_frame_001.jpg,swimming,1,a group of women dancing in a courtyard
video2622,video2622_frame_002.jpg,swimming,2,a woman in a pink top and purple pants dancing
video2622,video2622_frame_003.jpg,swimming,3,a group of women dancing in front of a pool
video2622,video2622_frame_004.jpg,swimming,4,a group of women doing a dance routine
video2622,video2622_frame_005.jpg,swimming,5,a woman in a pink top is dancing in front of a pool
video2622,video2622_frame_006.jpg,swimming,6,a group of women dancing in a pool
video2622,video2622_frame_007.jpg,swimming,7,a group of women doing a dance routine
video2622,video2622_frame_008.jpg,swimming,8,a group of women dancing in a pool
video2622,video2622_frame_009.jpg,swimming,9,two women doing a dance routine in a pool
video2622,video2622_frame_010.jpg,swimming,10,a group of women are dancing in a pool
video2622,video2622_frame_011.jpg,swimming,11,a group of women dancing in a pool
video2714,video2714_frame_000.jpg,swimming,0,a man in a yellow life jacket is floating in the water
video2714,video2714_frame_001.jpg,swimming,1,a man in a yellow life vest is floating in the water
video2714,video2714_frame_002.jpg,swimming,2,a man in a yellow life vest is floating in the water
video2714,video2714_frame_003.jpg,swimming,3,a man in a yellow life vest is floating in the water
video2714,video2714_frame_004.jpg,swimming,4,a man in a yellow life vest is floating in the water
video2714,video2714_frame_005.jpg,swimming,5,a man floating in the water with a yellow raft
video2714,video2714_frame_006.jpg,swimming,6,a man floating in the water with his arms up
video2714,video2714_frame_007.jpg,swimming,7,a man floating in the water with his arms up
video2714,video2714_frame_008.jpg,swimming,8,a group of people swimming in the water
video2714,video2714_frame_009.jpg,swimming,9,a group of people swimming in the water
video2714,video2714_frame_010.jpg,swimming,10,a group of people swimming in the water
video2714,video2714_frame_011.jpg,swimming,11,a group of people swimming in the river
video3613,video3613_frame_000.jpg,swimming,0,a woman in a black outfit is dancing
video3613,video3613_frame_001.jpg,swimming,1,three women in wetsuits dancing and posing
video3613,video3613_frame_002.jpg,swimming,2,a woman in a pink dress is swimming with sharks
video3613,video3613_frame_003.jpg,swimming,3,a woman in a pink dress standing in a pool
video3613,video3613_frame_004.jpg,swimming,4,a woman in a pink dress standing in the water
video3613,video3613_frame_005.jpg,swimming,5,a woman in a pink dress standing on a white surface
video3613,video3613_frame_006.jpg,swimming,6,britney and the pussys
video3613,video3613_frame_007.jpg,swimming,7,a woman in a pink dress is floating in the water
video3613,video3613_frame_008.jpg,swimming,8,a woman in a pink dress is floating in the water
video3613,video3613_frame_009.jpg,swimming,9,a woman in a pink dress is floating in the water
video3613,video3613_frame_010.jpg,swimming,10,britney - i'm - official video
video3613,video3613_frame_011.jpg,swimming,11,lady gaga gaga gaga gaga gaga gaga gaga gaga gaga gaga gaga gaga gaga gaga gaga gaga gaga gaga gaga gaga
video3991,video3991_frame_000.jpg,swimming,0,a video of a pool in a building
video3991,video3991_frame_001.jpg,swimming,1,a 3d rendering of a swimming pool
video3991,video3991_frame_002.jpg,swimming,2,a pool with a man standing on it
video3991,video3991_frame_003.jpg,swimming,3,a man is jumping into a pool
video3991,video3991_frame_004.jpg,swimming,4,a man is playing with a pool in a backyard
video3991,video3991_frame_005.jpg,swimming,5,a rendering of a park with trees and a circular area
video3991,video3991_frame_006.jpg,swimming,6,a rendering of a house in the middle of a park
video3991,video3991_frame_007.jpg,swimming,7,a video of a driveway with a tree in the background
video3991,video3991_frame_008.jpg,swimming,8,a video of a house with a driveway
video3991,video3991_frame_009.jpg,swimming,9,a man kneeling in front of a building
video3991,video3991_frame_010.jpg,swimming,10,a rendering of the proposed park
video3991,video3991_frame_011.jpg,swimming,11,a rendering of a park with a fountain
video4075,video4075_frame_000.jpg,swimming,0,a woman is holding a bottle in her hand
video4075,video4075_frame_001.jpg,swimming,1,a man in a black tank top is standing near a swimming pool
video4075,video4075_frame_002.jpg,swimming,2,a man in a black tank top is sitting on a bench
video4075,video4075_frame_003.jpg,swimming,3,a man is sitting on a bench in front of a swimming pool
video4075,video4075_frame_004.jpg,swimming,4,a man is standing in front of a swimming pool
video4075,video4075_frame_005.jpg,swimming,5,a man is standing in front of a swimming pool
video4075,video4075_frame_006.jpg,swimming,6,a woman is sitting in front of a pool
video4075,video4075_frame_007.jpg,swimming,7,a man is dancing in the street while others watch
video4075,video4075_frame_008.jpg,swimming,8,a man in a black tank top is dancing
video4075,video4075_frame_009.jpg,swimming,9,a man is standing in front of a swimming pool
video4075,video4075_frame_010.jpg,swimming,10,a man is standing in front of a pool
video4075,video4075_frame_011.jpg,swimming,11,a man is standing in front of a pool
video4176,video4176_frame_000.jpg,swimming,0,a man is throwing a ball into a large green container
video4176,video4176_frame_001.jpg,swimming,1,a man and woman are in a large container
video4176,video4176_frame_002.jpg,swimming,2,a group of people are playing in a pool
video4176,video4176_frame_003.jpg,swimming,3,a group of people are playing in a pool
video4176,video4176_frame_004.jpg,swimming,4,a group of people playing in a pool
video4176,video4176_frame_005.jpg,swimming,5,a group of people playing in a pool
video4176,video4176_frame_006.jpg,swimming,6,a group of people playing in a pool
video4176,video4176_frame_007.jpg,swimming,7,a group of people are playing in the water
video4176,video4176_frame_008.jpg,swimming,8,a group of people are playing in a pool
video4176,video4176_frame_009.jpg,swimming,9,a group of people are playing in a pool
video4176,video4176_frame_010.jpg,swimming,10,a group of people are in a large container
video4176,video4176_frame_011.jpg,swimming,11,a group of people are in a pool
video4239,video4239_frame_000.jpg,swimming,0,a woman in a bikini is swimming in the water
video4239,video4239_frame_001.jpg,swimming,1,a woman in a bikini swimming in a pool
video4239,video4239_frame_002.jpg,swimming,2,two people are swimming in a pool
video4239,video4239_frame_003.jpg,swimming,3,two girls in a pool playing with each other girls
video4239,video4239_frame_004.jpg,swimming,4,a woman in a bikini is playing with a dog
video4239,video4239_frame_005.jpg,swimming,5,a woman in a bikini is swimming in the pool
video4239,video4239_frame_006.jpg,swimming,6,two girls in a pool playing with each other girls
video4239,video4239_frame_007.jpg,swimming,7,a man is standing in the water with his feet in the water
video4239,video4239_frame_008.jpg,swimming,8,a person is swimming in the water
video4239,video4239_frame_009.jpg,swimming,9,a woman swimming in a pool with a yellow shirt
video4239,video4239_frame_010.jpg,swimming,10,a woman is swimming in the water
video4239,video4239_frame_011.jpg,swimming,11,a dog swimming in the water with its head in the air
video4440,video4440_frame_000.jpg,swimming,0,a woman in a black shirt and glasses is standing in front of a blue screen
video4440,video4440_frame_001.jpg,swimming,1,the logo for the french league
video4440,video4440_frame_002.jpg,swimming,2,two men standing on a diving platform in a pool
video4440,video4440_frame_003.jpg,swimming,3,two men standing on a diving platform in a pool
video4440,video4440_frame_004.jpg,swimming,4,two men standing on a diving platform in a pool
video4440,video4440_frame_005.jpg,swimming,5,two men standing on a diving platform in a pool
video4440,video4440_frame_006.jpg,swimming,6,two men are standing on a diving platform
video4440,video4440_frame_007.jpg,swimming,7,two men standing on a diving platform in a pool
video4440,video4440_frame_008.jpg,swimming,8,two men are standing on a platform in a pool
video4440,video4440_frame_009.jpg,swimming,9,a person standing on the edge of a swimming pool
video4440,video4440_frame_010.jpg,swimming,10,a person standing on the edge of a swimming pool
video4440,video4440_frame_011.jpg,swimming,11,a person standing on the edge of a swimming pool
video4481,video4481_frame_000.jpg,swimming,0,a woman in a black swimsuit is swimming
video4481,video4481_frame_001.jpg,swimming,1,a woman in a black swimsuit is playing with a man
video4481,video4481_frame_002.jpg,swimming,2,a woman in a swim suit is holding a baby
video4481,video4481_frame_003.jpg,swimming,3,a woman in a black bikini is holding a baby
video4481,video4481_frame_004.jpg,swimming,4,a woman in a black bathing suit is holding a pink toy
video4481,video4481_frame_005.jpg,swimming,5,a woman in a swim suit holding a baby
video4481,video4481_frame_006.jpg,swimming,6,a woman holding a baby in the water
video4481,video4481_frame_007.jpg,swimming,7,a woman holding a baby in the water
video4481,video4481_frame_008.jpg,swimming,8,a woman in a swim suit is holding a baby
video4481,video4481_frame_009.jpg,swimming,9,a man and woman in the water
video4481,video4481_frame_010.jpg,swimming,10,a man is holding a woman in the water
video4481,video4481_frame_011.jpg,swimming,11,a man is holding a woman in the water
video4540,video4540_frame_000.jpg,swimming,0,a black background with a white and red flower
video4540,video4540_frame_001.jpg,swimming,1,two people in the water with one person in the water
video4540,video4540_frame_002.jpg,swimming,2,a group of people swimming in a pool
video4540,video4540_frame_003.jpg,swimming,3,a man in a swimming suit is in the water
video4540,video4540_frame_004.jpg,swimming,4,a man in a swimming suit is in the water
video4540,video4540_frame_005.jpg,swimming,5,a man in a swimming suit is in the water
video4540,video4540_frame_006.jpg,swimming,6,a man swimming in a pool with a camera
video4540,video4540_frame_007.jpg,swimming,7,a man is swimming in a pool with a woman
video4540,video4540_frame_008.jpg,swimming,8,a man swimming in the ocean with a red hat
video4540,video4540_frame_009.jpg,swimming,9,a man swimming in the water with his feet in the water
video4540,video4540_frame_010.jpg,swimming,10,a man swimming in the water with a shark
video4540,video4540_frame_011.jpg,swimming,11,a group of people swimming in a pool
video4558,video4558_frame_000.jpg,swimming,0,a cat is sitting in a tree
video4558,video4558_frame_001.jpg,swimming,1,a man is smiling and holding a cell
video4558,video4558_frame_002.jpg,swimming,2,a man is smiling while he holds a cell
video4558,video4558_frame_003.jpg,swimming,3,a man is holding a knife in his hand
video4558,video4558_frame_004.jpg,swimming,4,a man is holding a fish in his hand
video4558,video4558_frame_005.jpg,swimming,5,a man is holding a fish in his hand
video4558,video4558_frame_006.jpg,swimming,6,a person is opening a door with a key
video4558,video4558_frame_007.jpg,swimming,7,a person is pointing at a clock
video4558,video4558_frame_008.jpg,swimming,8,a yellow fire alarm is on the wall
video4558,video4558_frame_009.jpg,swimming,9,a man is playing with a hose in the pool
video4558,video4558_frame_010.jpg,swimming,10,a man is cleaning a pool with a hose
video4558,video4558_frame_011.jpg,swimming,11,a man is cleaning the pool with a hose
video4736,video4736_frame_000.jpg,swimming,0,a woman in a white bikini standing in a pool
video4736,video4736_frame_001.jpg,swimming,1,a woman in a white bikini is jumping into a pool
video4736,video4736_frame_002.jpg,swimming,2,a woman in a white bikini standing in a pool
video4736,video4736_frame_003.jpg,swimming,3,a woman in a bikini standing in a pool
video4736,video4736_frame_004.jpg,swimming,4,a woman in a bikini is sitting on the edge of a pool
video4736,video4736_frame_005.jpg,swimming,5,a woman laying on the ground next to a pool
video4736,video4736_frame_006.jpg,swimming,6,a woman in a white bikini standing in a blue pool
video4736,video4736_frame_007.jpg,swimming,7,a woman in a white bikini is floating in the water
video4736,video4736_frame_008.jpg,swimming,8,a woman in a white bikini standing in a pool
video4736,video4736_frame_009.jpg,swimming,9,a woman in a bikini is jumping into a pool
video4736,video4736_frame_010.jpg,swimming,10,a woman in a white bikini jumping into a pool
video4736,video4736_frame_011.jpg,swimming,11,a woman in a white bikini is standing in the water
video4950,video4950_frame_000.jpg,swimming,0,a pool with a view of the ocean
video4950,video4950_frame_001.jpg,swimming,1,a pool with a wooden walkway leading to the ocean
video4950,video4950_frame_002.jpg,swimming,2,a wooden dock in front of a swimming pool
video4950,video4950_frame_003.jpg,swimming,3,a wooden dock leading to a pool
video4950,video4950_frame_004.jpg,swimming,4,a pool with a wooden walkway leading to the ocean
video4950,video4950_frame_005.jpg,swimming,5,a wooden dock leading to a pool with a view of the ocean
video4950,video4950_frame_006.jpg,swimming,6,a pool with a wooden walkway leading to the water
video4950,video4950_frame_007.jpg,swimming,7,a pool with a gaze and a gaze in the middle
video4950,video4950_frame_008.jpg,swimming,8,a pool with a gaze and a gaze in the middle
video4950,video4950_frame_009.jpg,swimming,9,a pool with a gaze and a gaze in the middle
video4950,video4950_frame_010.jpg,swimming,10,a pool with a view of the ocean
video4950,video4950_frame_011.jpg,swimming,11,a pool with a view of the ocean
video513,video513_frame_000.jpg,swimming,0,a swimmer is diving in the pool
video513,video513_frame_001.jpg,swimming,1,a swimmer is jumping into the pool
video513,video513_frame_002.jpg,swimming,2,a swimmer is seen in the water as he dives
video513,video513_frame_003.jpg,swimming,3,a swimmer is seen in the water as he dives
video513,video513_frame_004.jpg,swimming,4,a swimmer is swimming in the water
video513,video513_frame_005.jpg,swimming,5,a video of a swimmer in the water
video513,video513_frame_006.jpg,swimming,6,a swimmer is jumping into the water
video513,video513_frame_007.jpg,swimming,7,a group of swimmers in a swimming pool
video513,video513_frame_008.jpg,swimming,8,a group of swimmers in a pool
video513,video513_frame_009.jpg,swimming,9,a video of a swimming event with people watching
video513,video513_frame_010.jpg,swimming,10,a video of swimmers competing in the olympic pool
video513,video513_frame_011.jpg,swimming,11,a swimming pool with swimmers in it
video5197,video5197_frame_000.jpg,swimming,0,a small house in the middle of a lake
video5197,video5197_frame_001.jpg,swimming,1,a small house in the middle of a lake
video5197,video5197_frame_002.jpg,swimming,2,a small house in the middle of a lake
video5197,video5197_frame_003.jpg,swimming,3,a small house in the middle of a lake
video5197,video5197_frame_004.jpg,swimming,4,a small house in the middle of a river
video5197,video5197_frame_005.jpg,swimming,5,minecraft how to build a minecraft house
video5197,video5197_frame_006.jpg,swimming,6,minecraft - minecraft - minecraft - minecraft - minecraft - minecraft - minecraft - minecraft - minecraft - minecraft - minecraft
video5197,video5197_frame_007.jpg,swimming,7,a room with a table and bookshels
video5197,video5197_frame_008.jpg,swimming,8,a room with a book shelf and a tv
video5197,video5197_frame_009.jpg,swimming,9,a man is standing in front of a bookcase
video5197,video5197_frame_010.jpg,swimming,10,a man is standing in front of a bookcase
video5197,video5197_frame_011.jpg,swimming,11,a man is standing in front of a bookcase
video5216,video5216_frame_000.jpg,swimming,0,the pool at the resort
video5216,video5216_frame_001.jpg,swimming,1,a pool with chairs and umbrellas next to a resort
video5216,video5216_frame_002.jpg,swimming,2,a pool with chairs and umbrellas next to a building
video5216,video5216_frame_003.jpg,swimming,3,a pool with chairs and umbrellas next to a building
video5216,video5216_frame_004.jpg,swimming,4,a pool with chairs and umbrellas next to a building
video5216,video5216_frame_005.jpg,swimming,5,a pool with chairs and umbrellas at night
video5216,video5216_frame_006.jpg,swimming,6,a pool with a house in the background
video5216,video5216_frame_007.jpg,swimming,7,a pool with a large blue pool and a white umbrella
video5216,video5216_frame_008.jpg,swimming,8,a pool with a large blue pool and a hotel in the background
video5216,video5216_frame_009.jpg,swimming,9,a pool with a view of the ocean
video5216,video5216_frame_010.jpg,swimming,10,a pool with a view of the ocean
video5216,video5216_frame_011.jpg,swimming,11,a pool with a view of the ocean
video5411,video5411_frame_000.jpg,swimming,0,a black background with a white and red light
video5411,video5411_frame_001.jpg,swimming,1,a man is filming a movie in the pool
video5411,video5411_frame_002.jpg,swimming,2,a man is standing on a boat in the water
video5411,video5411_frame_003.jpg,swimming,3,a man is standing in the water with a camera
video5411,video5411_frame_004.jpg,swimming,4,a man in the water with a camera
video5411,video5411_frame_005.jpg,swimming,5,a man in the water with a camera
video5411,video5411_frame_006.jpg,swimming,6,a man in a pool with a camera
video5411,video5411_frame_007.jpg,swimming,7,a man in a swimming suit is being filmed by a camera
video5411,video5411_frame_008.jpg,swimming,8,a woman swimming in the ocean with a dolphin
video5411,video5411_frame_009.jpg,swimming,9,a woman in a red bikini is swimming
video5411,video5411_frame_010.jpg,swimming,10,a woman in a red shirt is swimming
video5411,video5411_frame_011.jpg,swimming,11,a woman swimming in a pool with a man
video579,video579_frame_000.jpg,swimming,0,a man swimming in a pool with a camera
video579,video579_frame_001.jpg,swimming,1,a woman swimming in a pool with her arms outstretched
video579,video579_frame_002.jpg,swimming,2,a man in a swimming suit is swimming
video579,video579_frame_003.jpg,swimming,3,a man swimming in a pool with a hat on
video579,video579_frame_004.jpg,swimming,4,a man swimming in a pool with a camera
video579,video579_frame_005.jpg,swimming,5,a man swimming in a pool with a camera
video579,video579_frame_006.jpg,swimming,6,a man swimming in a pool with a camera
video579,video579_frame_007.jpg,swimming,7,a man swimming in a pool with a camera
video579,video579_frame_008.jpg,swimming,8,a man swimming in a pool with a camera
video579,video579_frame_009.jpg,swimming,9,a man in a swimming suit is swimming
video579,video579_frame_010.jpg,swimming,10,a man swimming in a pool with a camera
video579,video579_frame_011.jpg,swimming,11,a man swimming in a pool with a camera
video5820,video5820_frame_000.jpg,swimming,0,a man is jumping into the water from a boat
video5820,video5820_frame_001.jpg,swimming,1,a man is in the water with a surfboard
video5820,video5820_frame_002.jpg,swimming,2,a person is in the water with a surfboard
video5820,video5820_frame_003.jpg,swimming,3,a man is swimming in the water
video5820,video5820_frame_004.jpg,swimming,4,a man is swimming in the water with a surfboard
video5820,video5820_frame_005.jpg,swimming,5,a man is swimming in the water with a surfboard
video5820,video5820_frame_006.jpg,swimming,6,a man is swimming in the water
video5820,video5820_frame_007.jpg,swimming,7,a dog is playing in the water with a frc
video5820,video5820_frame_008.jpg,swimming,8,a man is swimming in the water
video5820,video5820_frame_009.jpg,swimming,9,a man is swimming in the water near a house
video5820,video5820_frame_010.jpg,swimming,10,a river with boats and houses on it
video5820,video5820_frame_011.jpg,swimming,11,a boat is floating down the river
video5862,video5862_frame_000.jpg,swimming,0,a group of people in a hot pool
video5862,video5862_frame_001.jpg,swimming,1,a woman is in the water with her mouth open
video5862,video5862_frame_002.jpg,swimming,2,a woman is in the water with her head in the air
video5862,video5862_frame_003.jpg,swimming,3,a man is taking a bath in a hot pool
video5862,video5862_frame_004.jpg,swimming,4,a man is taking a selfie in the air
video5862,video5862_frame_005.jpg,swimming,5,a man is in the water with his head in the air
video5862,video5862_frame_006.jpg,swimming,6,a man is standing in the water with his hands on his hips
video5862,video5862_frame_007.jpg,swimming,7,a group of men are in the water
video5862,video5862_frame_008.jpg,swimming,8,a group of people are in the water
video5862,video5862_frame_009.jpg,swimming,9,a man is swimming in the water with a camera
video5862,video5862_frame_010.jpg,swimming,10,a man is swimming in the water with a boat
video5862,video5862_frame_011.jpg,swimming,11,a man is jumping off a boat into the water
video6185,video6185_frame_000.jpg,swimming,0,a tv screen showing a group of women in swim suits
video6185,video6185_frame_001.jpg,swimming,1,a man is standing in front of a television screen
video6185,video6185_frame_002.jpg,swimming,2,a man is standing in front of a television screen
video6185,video6185_frame_003.jpg,swimming,3,a television screen showing a man in a suit and tie
video6185,video6185_frame_004.jpg,swimming,4,a television screen showing a man and woman on a television screen
video6185,video6185_frame_005.jpg,swimming,5,a television screen showing a man in a suit and tie
video6185,video6185_frame_006.jpg,swimming,6,a television screen showing a man and woman on a television screen
video6185,video6185_frame_007.jpg,swimming,7,a television screen showing a man on a television screen
video6185,video6185_frame_008.jpg,swimming,8,a television screen showing a man on a television screen
video6185,video6185_frame_009.jpg,swimming,9,a group of women standing on a stage
video6185,video6185_frame_010.jpg,swimming,10,a group of women in swim suits standing on a stage
video6185,video6185_frame_011.jpg,swimming,11,a group of women standing on a stage
video6551,video6551_frame_000.jpg,swimming,0,a man in a black suit
video6551,video6551_frame_001.jpg,swimming,1,a man holding an umbrella
video6551,video6551_frame_002.jpg,swimming,2,a man in a suit and tie is standing under an umbrella
video6551,video6551_frame_003.jpg,swimming,3,a man in a suit and tie is holding an umbrella
video6551,video6551_frame_004.jpg,swimming,4,the x factor's'the x factor'is a great show
video6551,video6551_frame_005.jpg,swimming,5,the x factor's x factor's x factor's x factor's x factor's x factor's x factor's x factor '
video6551,video6551_frame_006.jpg,swimming,6,two women are performing on a stage with a large screen
video6551,video6551_frame_007.jpg,swimming,7,a group of people are performing on a stage
video6551,video6551_frame_008.jpg,swimming,8,a group of people are performing on a stage
video6551,video6551_frame_009.jpg,swimming,9,a group of people are performing on stage
video6551,video6551_frame_010.jpg,swimming,10,a stage with a crowd of people watching
video6551,video6551_frame_011.jpg,swimming,11,a stage with a crowd of people watching
video6791,video6791_frame_000.jpg,swimming,0,a large screen with a woman in a bikini
video6791,video6791_frame_001.jpg,swimming,1,a large display with two women in red dresses
video6791,video6791_frame_002.jpg,swimming,2,the girls are in the water at the pool
video6791,video6791_frame_003.jpg,swimming,3,two women in bikinis are sitting on a stage
video6791,video6791_frame_004.jpg,swimming,4,two women in bathing suits are sitting on a stage
video6791,video6791_frame_005.jpg,swimming,5,the judges are clapping and clapping at the judges
video6791,video6791_frame_006.jpg,swimming,6,the x factor's'the x factor's '
video6791,video6791_frame_007.jpg,swimming,7,simon hagan and cheryl ballas perform'i'm'on'dancing with the stars '
video6791,video6791_frame_008.jpg,swimming,8,a group of people are on a stage
video6791,video6791_frame_009.jpg,swimming,9,a stage with a group of people on it
video6791,video6791_frame_010.jpg,swimming,10,a stage with a large screen and a crowd
video6791,video6791_frame_011.jpg,swimming,11,a stage with a large screen on it
video6829,video6829_frame_000.jpg,swimming,0,a woman in a bikini swims under water
video6829,video6829_frame_001.jpg,swimming,1,a woman in a black bikini swims in a pool
video6829,video6829_frame_002.jpg,swimming,2,a woman in a bikini diving in a pool
video6829,video6829_frame_003.jpg,swimming,3,a woman diving in a pool with a camera
video6829,video6829_frame_004.jpg,swimming,4,a woman diving in a pool with a camera
video6829,video6829_frame_005.jpg,swimming,5,a woman diving in a pool with a camera
video6829,video6829_frame_006.jpg,swimming,6,a woman diving in a pool with a camera
video6829,video6829_frame_007.jpg,swimming,7,a woman diving in a pool with a camera
video6829,video6829_frame_008.jpg,swimming,8,a woman in a bikini swims under water
video6829,video6829_frame_009.jpg,swimming,9,a woman in a bikini swims under water
video6829,video6829_frame_010.jpg,swimming,10,a dog is swimming in a pool with a ball
video6829,video6829_frame_011.jpg,swimming,11,a woman in a bikini swims under water
video6850,video6850_frame_000.jpg,swimming,0,the x factor's'the x factor'is a great show
video6850,video6850_frame_001.jpg,swimming,1,the x factor's x factor's x factor's x factor's x factor's x factor's x factor's x factor '
video6850,video6850_frame_002.jpg,swimming,2,a group of people are performing on a stage
video6850,video6850_frame_003.jpg,swimming,3,a group of people are performing on stage
video6850,video6850_frame_004.jpg,swimming,4,a stage with a crowd of people watching
video6850,video6850_frame_005.jpg,swimming,5,a stage with a man on it and a crowd watching
video6850,video6850_frame_006.jpg,swimming,6,the x factor's x factor's x factor's x factor's x factor's x factor's x factor's x factor '
video6850,video6850_frame_007.jpg,swimming,7,a woman in a bikini is standing on a stage
video6850,video6850_frame_008.jpg,swimming,8,a woman in a bikini is standing on a stage
video6850,video6850_frame_009.jpg,swimming,9,a group of people are performing on a stage
video6850,video6850_frame_010.jpg,swimming,10,a group of people standing on top of a building
video6850,video6850_frame_011.jpg,swimming,11,a large screen with a fish in it
video7951,video7951_frame_000.jpg,swimming,0,a man is standing on a table with a water bottle
video7951,video7951_frame_001.jpg,swimming,1,a man is standing in front of a table
video7951,video7951_frame_002.jpg,swimming,2,ellen and james's bathroom
video7951,video7951_frame_003.jpg,swimming,3,ellen and jay on ellen's ellen's big brother
video7951,video7951_frame_004.jpg,swimming,4,ellen and bill on ellen's ellen's ellen
video7951,video7951_frame_005.jpg,swimming,5,ellen and ellen on ellen's ellen's ellen
video7951,video7951_frame_006.jpg,swimming,6,ellen and bill on ellen's ellen's ellen
video7951,video7951_frame_007.jpg,swimming,7,ellen and bill on ellen's ellen's play
video7951,video7951_frame_008.jpg,swimming,8,a man is holding a large black drum
video7951,video7951_frame_009.jpg,swimming,9,a man in white gloves is putting something into a bucket
video7951,video7951_frame_010.jpg,swimming,10,ellen and bill on ellen's ellen's ellen
video7951,video7951_frame_011.jpg,swimming,11,ellen and bill on ellen's ellen's ellen
video8271,video8271_frame_000.jpg,swimming,0,a video game with a man on a boat
video8271,video8271_frame_001.jpg,swimming,1,a video of a man diving in the water
video8271,video8271_frame_002.jpg,swimming,2,a woman with long blonde hair and a microphone
video8271,video8271_frame_003.jpg,swimming,3,a girl sitting in a classroom with a microphone
video8271,video8271_frame_004.jpg,swimming,4,a group of people in a room with a microphone
video8271,video8271_frame_005.jpg,swimming,5,a man is seen in the air as he is seen by a camera
video8271,video8271_frame_006.jpg,swimming,6,a woman with long blonde hair and a microphone
video8271,video8271_frame_007.jpg,swimming,7,a man is swimming in the water with a fish
video8271,video8271_frame_008.jpg,swimming,8,a woman in a black jacket and black jacket
video8271,video8271_frame_009.jpg,swimming,9,a group of people swimming in a pool
video8271,video8271_frame_010.jpg,swimming,10,a girl sitting on a chair in a classroom
video8271,video8271_frame_011.jpg,swimming,11,a man in a black shirt is underwater
video835,video835_frame_000.jpg,swimming,0,a video screen showing a video of a wave crashing into the ocean
video835,video835_frame_001.jpg,swimming,1,a man is swimming in the ocean
video835,video835_frame_002.jpg,swimming,2,a man swimming in the ocean with a red object
video835,video835_frame_003.jpg,swimming,3,a man swimming in the ocean with a camera
video835,video835_frame_004.jpg,swimming,4,a tv screen with a picture of a man in the water
video835,video835_frame_005.jpg,swimming,5,a video of a man swimming in the ocean
video835,video835_frame_006.jpg,swimming,6,a man is swimming in the ocean
video835,video835_frame_007.jpg,swimming,7,a tv screen with a picture of a wave
video835,video835_frame_008.jpg,swimming,8,a whale is seen in the water near the shore
video835,video835_frame_009.jpg,swimming,9,a man is swimming in the ocean
video835,video835_frame_010.jpg,swimming,10,a man is pulled into the water by a rescue boat
video835,video835_frame_011.jpg,swimming,11,a man is in the water with a surfboard
video1388,video1388_frame_000.jpg,tennis,0,a man in a black shirt is hitting a ball
video1388,video1388_frame_001.jpg,tennis,1,a man in a black shirt is hitting a tennis ball
video1388,video1388_frame_002.jpg,tennis,2,a man is holding a tennis racket
video1388,video1388_frame_003.jpg,tennis,3,a table tennis player is hitting the ball
video1388,video1388_frame_004.jpg,tennis,4,a man is playing tennis on a court
video1388,video1388_frame_005.jpg,tennis,5,a man is playing table tennis on a court
video1388,video1388_frame_006.jpg,tennis,6,a man in a black shirt is playing ping
video1388,video1388_frame_007.jpg,tennis,7,a man in a black shirt is playing ping
video1388,video1388_frame_008.jpg,tennis,8,a man in a black shirt is holding a badminton racket
video1388,video1388_frame_009.jpg,tennis,9,a man in a black shirt is playing ping
video1388,video1388_frame_010.jpg,tennis,10,a young boy is standing on a court
video1388,video1388_frame_011.jpg,tennis,11,a man standing on top of a table with his arms up
video1536,video1536_frame_000.jpg,tennis,0,a table tennis player is about to hit the ball
video1536,video1536_frame_001.jpg,tennis,1,a table tennis player is about to hit the ball
video1536,video1536_frame_002.jpg,tennis,2,two men playing ping po in a ping po table tennis match
video1536,video1536_frame_003.jpg,tennis,3,two men playing ping po table tennis
video1536,video1536_frame_004.jpg,tennis,4,two people playing ping po game in a ping po game
video1536,video1536_frame_005.jpg,tennis,5,two people playing ping po game in a ping po game
video1536,video1536_frame_006.jpg,tennis,6,two men playing ping pos in a ping pos table tennis match
video1536,video1536_frame_007.jpg,tennis,7,a man in a red shirt is playing ping
video1536,video1536_frame_008.jpg,tennis,8,two men playing ping po table tennis
video1536,video1536_frame_009.jpg,tennis,9,two men playing ping po in a game
video1536,video1536_frame_010.jpg,tennis,10,two men playing ping po in a table tennis match
video1536,video1536_frame_011.jpg,tennis,11,two people playing ping po game in a ping po game
video1543,video1543_frame_000.jpg,tennis,0,a man is playing tennis on a court
video1543,video1543_frame_001.jpg,tennis,1,a man in green shirt playing tennis on a court
video1543,video1543_frame_002.jpg,tennis,2,a man in green shirt playing tennis on a court
video1543,video1543_frame_003.jpg,tennis,3,a man in green shirt playing tennis on a court
video1543,video1543_frame_004.jpg,tennis,4,a man in green shirt playing tennis on a court
video1543,video1543_frame_005.jpg,tennis,5,a man is playing tennis on a court
video1543,video1543_frame_006.jpg,tennis,6,a man is playing ping po
video1543,video1543_frame_007.jpg,tennis,7,a man in green shirt playing tennis on a court
video1543,video1543_frame_008.jpg,tennis,8,a man in green shirt playing table tennis
video1543,video1543_frame_009.jpg,tennis,9,a man is standing on a tennis court
video1543,video1543_frame_010.jpg,tennis,10,a man in green shirt playing tennis on a court
video1543,video1543_frame_011.jpg,tennis,11,a man in green shirt playing ping po
video1545,video1545_frame_000.jpg,tennis,0,a pink background with a white light
video1545,video1545_frame_001.jpg,tennis,1,a tennis player is playing a game on the court
video1545,video1545_frame_002.jpg,tennis,2,a tennis player is playing a game on the court
video1545,video1545_frame_003.jpg,tennis,3,a tennis match is being played on a court
video1545,video1545_frame_004.jpg,tennis,4,a tennis match is being played on a court
video1545,video1545_frame_005.jpg,tennis,5,two men playing badminton on a court
video1545,video1545_frame_006.jpg,tennis,6,two men playing badminton on a court
video1545,video1545_frame_007.jpg,tennis,7,two men playing badminton on a court
video1545,video1545_frame_008.jpg,tennis,8,a tennis match is being played on a blue court
video1545,video1545_frame_009.jpg,tennis,9,a tennis match is being played on a court
video1545,video1545_frame_010.jpg,tennis,10,a tennis player is hitting the ball on the court
video1545,video1545_frame_011.jpg,tennis,11,a tennis player is playing a game on the court
video1608,video1608_frame_000.jpg,tennis,0,a table tennis game is being played
video1608,video1608_frame_001.jpg,tennis,1,two people playing ping pong on a ping pong table
video1608,video1608_frame_002.jpg,tennis,2,a man is playing ping po in a ping po table tennis game
video1608,video1608_frame_003.jpg,tennis,3,a man playing ping pong on a ping pong table
video1608,video1608_frame_004.jpg,tennis,4,a man is playing ping po in a ping po table tennis game
video1608,video1608_frame_005.jpg,tennis,5,a man playing ping po in a ping po table tennis game
video1608,video1608_frame_006.jpg,tennis,6,a man playing ping po in a ping po table tennis game
video1608,video1608_frame_007.jpg,tennis,7,a man playing ping po in a ping po table tennis game
video1608,video1608_frame_008.jpg,tennis,8,a man playing ping po in a ping po table tennis game
video1608,video1608_frame_009.jpg,tennis,9,two people playing ping pong in a ping pong room
video1608,video1608_frame_010.jpg,tennis,10,two men playing ping pong in a ping pong game
video1608,video1608_frame_011.jpg,tennis,11,a man playing ping po in a ping po table tennis game
video19,video19_frame_000.jpg,tennis,0,a man playing table tennis on a television screen
video19,video19_frame_001.jpg,tennis,1,a man playing ping po in a game
video19,video19_frame_002.jpg,tennis,2,a man playing table tennis on a television screen
video19,video19_frame_003.jpg,tennis,3,a man playing ping po in a game
video19,video19_frame_004.jpg,tennis,4,a man playing table tennis on a television screen
video19,video19_frame_005.jpg,tennis,5,a man playing table tennis on a television screen
video19,video19_frame_006.jpg,tennis,6,a man playing table tennis on a television screen
video19,video19_frame_007.jpg,tennis,7,a man playing ping po in a video game
video19,video19_frame_008.jpg,tennis,8,a man playing ping po in a video game
video19,video19_frame_009.jpg,tennis,9,a man playing ping in a ping po game
video19,video19_frame_010.jpg,tennis,10,a video game of a table tennis match
video19,video19_frame_011.jpg,tennis,11,a video of a table tennis game being played
video2379,video2379_frame_000.jpg,tennis,0,a man playing table tennis on a blue court
video2379,video2379_frame_001.jpg,tennis,1,a man playing table tennis on a blue court
video2379,video2379_frame_002.jpg,tennis,2,a man playing table tennis on a blue court
video2379,video2379_frame_003.jpg,tennis,3,two people playing table tennis on a blue court
video2379,video2379_frame_004.jpg,tennis,4,a man playing table tennis on a blue court
video2379,video2379_frame_005.jpg,tennis,5,a man playing a game of table tennis
video2379,video2379_frame_006.jpg,tennis,6,a man playing table tennis on a blue surface
video2379,video2379_frame_007.jpg,tennis,7,a man playing table tennis on a blue surface
video2379,video2379_frame_008.jpg,tennis,8,a man playing table tennis on a blue court
video2379,video2379_frame_009.jpg,tennis,9,a man playing table tennis on a blue surface
video2379,video2379_frame_010.jpg,tennis,10,a man playing table tennis on a blue court
video2379,video2379_frame_011.jpg,tennis,11,a man playing table tennis on a blue court
video2608,video2608_frame_000.jpg,tennis,0,a man playing table tennis in a large room
video2608,video2608_frame_001.jpg,tennis,1,a man is playing table tennis in a gym
video2608,video2608_frame_002.jpg,tennis,2,a man playing table tennis in a gym
video2608,video2608_frame_003.jpg,tennis,3,a man is playing ping po in a gym
video2608,video2608_frame_004.jpg,tennis,4,a man is running on a blue court
video2608,video2608_frame_005.jpg,tennis,5,a man in an orange shirt is playing tennis
video2608,video2608_frame_006.jpg,tennis,6,a man is playing table tennis in a gym
video2608,video2608_frame_007.jpg,tennis,7,a man is playing table tennis in a gym
video2608,video2608_frame_008.jpg,tennis,8,a man is playing table tennis in a gym
video2608,video2608_frame_009.jpg,tennis,9,a man playing table tennis in a large room
video2608,video2608_frame_010.jpg,tennis,10,a man is playing table tennis in a gym
video2608,video2608_frame_011.jpg,tennis,11,a man is playing table tennis in a gym
video2860,video2860_frame_000.jpg,tennis,0,a man is playing tennis on a court
video2860,video2860_frame_001.jpg,tennis,1,a man is playing tennis on a court
video2860,video2860_frame_002.jpg,tennis,2,a man standing on a tennis court with a racket
video2860,video2860_frame_003.jpg,tennis,3,a man is playing tennis on a court
video2860,video2860_frame_004.jpg,tennis,4,a man is playing tennis on a court
video2860,video2860_frame_005.jpg,tennis,5,a man is playing tennis on a court
video2860,video2860_frame_006.jpg,tennis,6,a man is playing tennis on a court
video2860,video2860_frame_007.jpg,tennis,7,a man is playing tennis on a court
video2860,video2860_frame_008.jpg,tennis,8,a man is playing tennis on a court
video2860,video2860_frame_009.jpg,tennis,9,a man is playing tennis on a court
video2860,video2860_frame_010.jpg,tennis,10,a man is playing tennis on a court
video2860,video2860_frame_011.jpg,tennis,11,a man is playing tennis on a court
video3872,video3872_frame_000.jpg,tennis,0,a man in red shirt playing table tennis
video3872,video3872_frame_001.jpg,tennis,1,a man in red shirt playing ping po
video3872,video3872_frame_002.jpg,tennis,2,a man in red shirt playing tennis
video3872,video3872_frame_003.jpg,tennis,3,a man in red shirt playing ping
video3872,video3872_frame_004.jpg,tennis,4,a man in a red shirt is playing table tennis
video3872,video3872_frame_005.jpg,tennis,5,a man is playing ping po in a ping po game
video3872,video3872_frame_006.jpg,tennis,6,table tennis player is playing ping po
video3872,video3872_frame_007.jpg,tennis,7,table tennis players playing ping po
video3872,video3872_frame_008.jpg,tennis,8,table tennis player in action
video3872,video3872_frame_009.jpg,tennis,9,table tennis players playing a game of table tennis
video3872,video3872_frame_010.jpg,tennis,10,table tennis players playing a game of table tennis
video3872,video3872_frame_011.jpg,tennis,11,two men playing table tennis in a large arena
video4221,video4221_frame_000.jpg,tennis,0,a man playing ping po game on a television screen
video4221,video4221_frame_001.jpg,tennis,1,a table tennis game is being played
video4221,video4221_frame_002.jpg,tennis,2,a table tennis game is being played
video4221,video4221_frame_003.jpg,tennis,3,a table tennis game is being played
video4221,video4221_frame_004.jpg,tennis,4,a table tennis game is being played
video4221,video4221_frame_005.jpg,tennis,5,a table tennis game is being played
video4221,video4221_frame_006.jpg,tennis,6,a table tennis game is being played
video4221,video4221_frame_007.jpg,tennis,7,a table tennis game is being played
video4221,video4221_frame_008.jpg,tennis,8,a man in red shirt holding up a red and yellow flag
video4221,video4221_frame_009.jpg,tennis,9,a table tennis game is being played
video4221,video4221_frame_010.jpg,tennis,10,a ping - po game is shown in the video
video4221,video4221_frame_011.jpg,tennis,11,a table tennis game is being played
video4273,video4273_frame_000.jpg,tennis,0,a man playing tennis in a tunnel
video4273,video4273_frame_001.jpg,tennis,1,two people playing tennis in a tunnel
video4273,video4273_frame_002.jpg,tennis,2,a man is playing tennis on a tennis court
video4273,video4273_frame_003.jpg,tennis,3,a man is playing tennis on a tennis court
video4273,video4273_frame_004.jpg,tennis,4,a man is playing tennis in a tunnel
video4273,video4273_frame_005.jpg,tennis,5,a man is playing tennis on a tennis court
video4273,video4273_frame_006.jpg,tennis,6,a man is playing tennis on a tennis court
video4273,video4273_frame_007.jpg,tennis,7,a man is playing tennis in a tunnel
video4273,video4273_frame_008.jpg,tennis,8,a man is playing tennis in a tunnel
video4273,video4273_frame_009.jpg,tennis,9,a tennis court with a net and net
video4273,video4273_frame_010.jpg,tennis,10,a tennis court with a net and net
video4273,video4273_frame_011.jpg,tennis,11,a tennis court with a net and net
video4474,video4474_frame_000.jpg,tennis,0,a crowd of people holding flags and waving
video4474,video4474_frame_001.jpg,tennis,1,a woman is dancing in the crowd
video4474,video4474_frame_002.jpg,tennis,2,a table tennis player is about to hit the ball
video4474,video4474_frame_003.jpg,tennis,3,a table tennis player is about to hit the ball
video4474,video4474_frame_004.jpg,tennis,4,a table tennis player is about to hit the ball
video4474,video4474_frame_005.jpg,tennis,5,a table tennis player is about to hit the ball
video4474,video4474_frame_006.jpg,tennis,6,two men playing ping po in a game
video4474,video4474_frame_007.jpg,tennis,7,a table tennis player is about to hit the ball
video4474,video4474_frame_008.jpg,tennis,8,two people playing ping po in a ping po table tennis match
video4474,video4474_frame_009.jpg,tennis,9,a table tennis player is playing ping po
video4474,video4474_frame_010.jpg,tennis,10,a table tennis player is about to hit the ball
video4474,video4474_frame_011.jpg,tennis,11,a table tennis game with two players playing
video4769,video4769_frame_000.jpg,tennis,0,two people playing ping po table tennis
video4769,video4769_frame_001.jpg,tennis,1,two men playing ping po in a table tennis match
video4769,video4769_frame_002.jpg,tennis,2,two men playing ping po in a ping po table tennis match
video4769,video4769_frame_003.jpg,tennis,3,two people playing ping po game in a ping po game
video4769,video4769_frame_004.jpg,tennis,4,two men playing ping po in a ping po table tennis match
video4769,video4769_frame_005.jpg,tennis,5,two people playing ping po game in a ping po game
video4769,video4769_frame_006.jpg,tennis,6,a man playing ping po in a ping po table
video4769,video4769_frame_007.jpg,tennis,7,table tennis players are playing ping po
video4769,video4769_frame_008.jpg,tennis,8,two men playing ping po in a game
video4769,video4769_frame_009.jpg,tennis,9,a table tennis player is about to hit the ball
video4769,video4769_frame_010.jpg,tennis,10,a table tennis game is being played
video4769,video4769_frame_011.jpg,tennis,11,two men playing ping po in a ping po game
video5144,video5144_frame_000.jpg,tennis,0,a man holding a knife in front of a rack
video5144,video5144_frame_001.jpg,tennis,1,a man swinging a tennis racket on a tennis court
video5144,video5144_frame_002.jpg,tennis,2,a man swinging a tennis racket at a ball
video5144,video5144_frame_003.jpg,tennis,3,a man is playing tennis on a green court
video5144,video5144_frame_004.jpg,tennis,4,a man holding a tennis racquet
video5144,video5144_frame_005.jpg,tennis,5,a man is playing tennis on a court
video5144,video5144_frame_006.jpg,tennis,6,a man is playing tennis on a court
video5144,video5144_frame_007.jpg,tennis,7,a man playing tennis
video5144,video5144_frame_008.jpg,tennis,8,a man is playing tennis on a court
video5144,video5144_frame_009.jpg,tennis,9,a man is playing tennis on a court
video5144,video5144_frame_010.jpg,tennis,10,a man swinging a tennis racket
video5144,video5144_frame_011.jpg,tennis,11,a man is swinging a tennis racket
video5154,video5154_frame_000.jpg,tennis,0,a man in a suit and tie is holding a gun
video5154,video5154_frame_001.jpg,tennis,1,a man playing tennis on a court with a crowd watching
video5154,video5154_frame_002.jpg,tennis,2,a man playing tennis on a court with a crowd watching
video5154,video5154_frame_003.jpg,tennis,3,a video game of badminton in action
video5154,video5154_frame_004.jpg,tennis,4,a video game of badminton
video5154,video5154_frame_005.jpg,tennis,5,a video game of badminton in action
video5154,video5154_frame_006.jpg,tennis,6,a video game of badminton
video5154,video5154_frame_007.jpg,tennis,7,a video game of two men playing tennis
video5154,video5154_frame_008.jpg,tennis,8,a video game of badminton
video5154,video5154_frame_009.jpg,tennis,9,a video game of badminton
video5154,video5154_frame_010.jpg,tennis,10,a man playing tennis on a court with a crowd watching
video5154,video5154_frame_011.jpg,tennis,11,a video game of two men playing tennis
video522,video522_frame_000.jpg,tennis,0,a man is playing tennis on a court
video522,video522_frame_001.jpg,tennis,1,a man is playing tennis in a tunnel
video522,video522_frame_002.jpg,tennis,2,a man is playing tennis on a court
video522,video522_frame_003.jpg,tennis,3,a man is playing tennis on a court
video522,video522_frame_004.jpg,tennis,4,a man is playing tennis on a tennis court
video522,video522_frame_005.jpg,tennis,5,a man is playing tennis on a court
video522,video522_frame_006.jpg,tennis,6,a man is playing tennis on a court
video522,video522_frame_007.jpg,tennis,7,a man is playing tennis on a court
video522,video522_frame_008.jpg,tennis,8,a man is playing tennis on a court
video522,video522_frame_009.jpg,tennis,9,a man is playing tennis on a court
video522,video522_frame_010.jpg,tennis,10,a man is playing tennis on a court
video522,video522_frame_011.jpg,tennis,11,a man is playing tennis on a court
video5368,video5368_frame_000.jpg,tennis,0,a man playing tennis on a court
video5368,video5368_frame_001.jpg,tennis,1,a man playing tennis on a court with a ball
video5368,video5368_frame_002.jpg,tennis,2,a man playing tennis on a court
video5368,video5368_frame_003.jpg,tennis,3,a man playing tennis on a court
video5368,video5368_frame_004.jpg,tennis,4,a man playing tennis on a court
video5368,video5368_frame_005.jpg,tennis,5,a man playing tennis on a court
video5368,video5368_frame_006.jpg,tennis,6,a man playing tennis on a court with a ball
video5368,video5368_frame_007.jpg,tennis,7,a man playing tennis on a court
video5368,video5368_frame_008.jpg,tennis,8,a man playing tennis on a court with a ball
video5368,video5368_frame_009.jpg,tennis,9,a man playing tennis on a court with a ball
video5368,video5368_frame_010.jpg,tennis,10,a man playing tennis on a court with a ball
video5368,video5368_frame_011.jpg,tennis,11,a tennis player is playing a game on the court
video5845,video5845_frame_000.jpg,tennis,0,a woman is standing on a tennis court
video5845,video5845_frame_001.jpg,tennis,1,a tennis player is standing on the court
video5845,video5845_frame_002.jpg,tennis,2,a tennis player is standing on the court
video5845,video5845_frame_003.jpg,tennis,3,a tennis player is on the court with his racket
video5845,video5845_frame_004.jpg,tennis,4,a tennis player is playing tennis on a blue court
video5845,video5845_frame_005.jpg,tennis,5,a tennis player is playing tennis on a blue court
video5845,video5845_frame_006.jpg,tennis,6,a tennis player is playing a game on the court
video5845,video5845_frame_007.jpg,tennis,7,a tennis player is playing a game on the court
video5845,video5845_frame_008.jpg,tennis,8,a tennis player is playing a game on the court
video5845,video5845_frame_009.jpg,tennis,9,a tennis player is playing a game on the court
video5845,video5845_frame_010.jpg,tennis,10,a tennis player is playing tennis on a blue court
video5845,video5845_frame_011.jpg,tennis,11,a tennis player is playing tennis on a blue court
video5863,video5863_frame_000.jpg,tennis,0,a tennis player is hitting the ball
video5863,video5863_frame_001.jpg,tennis,1,a tennis player is being carried by a crowd
video5863,video5863_frame_002.jpg,tennis,2,a tennis player is hitting a ball at the net
video5863,video5863_frame_003.jpg,tennis,3,a tennis player is walking across the court
video5863,video5863_frame_004.jpg,tennis,4,a tennis player is being carried by a crowd
video5863,video5863_frame_005.jpg,tennis,5,a man is walking across the tennis court
video5863,video5863_frame_006.jpg,tennis,6,a tennis player is being carried off the court
video5863,video5863_frame_007.jpg,tennis,7,a man is kneeling in front of a crowd
video5863,video5863_frame_008.jpg,tennis,8,a man is kneeling in front of a crowd
video5863,video5863_frame_009.jpg,tennis,9,a tennis player is kneeling on the ground
video5863,video5863_frame_010.jpg,tennis,10,a tennis player is kneeling on the ground
video5863,video5863_frame_011.jpg,tennis,11,a tennis player is sitting on the bench
video5939,video5939_frame_000.jpg,tennis,0,a man in a purple shirt is playing a video game
video5939,video5939_frame_001.jpg,tennis,1,a man in a purple shirt is standing on a stage
video5939,video5939_frame_002.jpg,tennis,2,a man in purple shirt playing ping
video5939,video5939_frame_003.jpg,tennis,3,a logo for the world of music
video5939,video5939_frame_004.jpg,tennis,4,a man in a black shirt is playing ping
video5939,video5939_frame_005.jpg,tennis,5,a man is playing ping po in a ping po game
video5939,video5939_frame_006.jpg,tennis,6,a man in an orange shirt playing ping po
video5939,video5939_frame_007.jpg,tennis,7,a man playing ping po in a ping po table tennis game
video5939,video5939_frame_008.jpg,tennis,8,table tennis player is playing ping po
video5939,video5939_frame_009.jpg,tennis,9,a man playing ping po in a ping po table tennis game
video5939,video5939_frame_010.jpg,tennis,10,a man in a black shirt holding a racket
video5939,video5939_frame_011.jpg,tennis,11,a logo for the world tour
video6156,video6156_frame_000.jpg,tennis,0,a group of people playing tennis on a court
video6156,video6156_frame_001.jpg,tennis,1,a group of people playing tennis on a court
video6156,video6156_frame_002.jpg,tennis,2,a group of people playing tennis on a court
video6156,video6156_frame_003.jpg,tennis,3,a tennis game is being played on a court
video6156,video6156_frame_004.jpg,tennis,4,a tennis player is hitting the ball with his racket
video6156,video6156_frame_005.jpg,tennis,5,a man is playing tennis on a court
video6156,video6156_frame_006.jpg,tennis,6,two tennis players are playing on the court
video6156,video6156_frame_007.jpg,tennis,7,two men are playing tennis on a court
video6156,video6156_frame_008.jpg,tennis,8,a group of people playing tennis on a court
video6156,video6156_frame_009.jpg,tennis,9,a group of people playing tennis on a court
video6156,video6156_frame_010.jpg,tennis,10,a group of men playing tennis on a court
video6156,video6156_frame_011.jpg,tennis,11,a group of men playing tennis on a tennis court
video6187,video6187_frame_000.jpg,tennis,0,a group of people playing table tennis in a room
video6187,video6187_frame_001.jpg,tennis,1,a table tennis player is playing a game
video6187,video6187_frame_002.jpg,tennis,2,a table tennis game is being played
video6187,video6187_frame_003.jpg,tennis,3,a table tennis game is being played
video6187,video6187_frame_004.jpg,tennis,4,a table tennis game is being played
video6187,video6187_frame_005.jpg,tennis,5,a table tennis game is being played
video6187,video6187_frame_006.jpg,tennis,6,a table tennis game is being played
video6187,video6187_frame_007.jpg,tennis,7,a table tennis game is being played
video6187,video6187_frame_008.jpg,tennis,8,a table tennis game is being played
video6187,video6187_frame_009.jpg,tennis,9,a table tennis game is being played
video6187,video6187_frame_010.jpg,tennis,10,a table tennis game is being played
video6187,video6187_frame_011.jpg,tennis,11,a table tennis game is being played
video671,video671_frame_000.jpg,tennis,0,a man playing ping po in a ping po game
video671,video671_frame_001.jpg,tennis,1,a table tennis player is playing a game
video671,video671_frame_002.jpg,tennis,2,a video of a table tennis game
video671,video671_frame_003.jpg,tennis,3,a man playing ping in a ping po game
video671,video671_frame_004.jpg,tennis,4,a man playing table tennis on a television screen
video671,video671_frame_005.jpg,tennis,5,a woman playing table tennis on a television screen
video671,video671_frame_006.jpg,tennis,6,a man playing ping in a ping game
video671,video671_frame_007.jpg,tennis,7,a man playing table tennis on a television screen
video671,video671_frame_008.jpg,tennis,8,a man playing table tennis on a television screen
video671,video671_frame_009.jpg,tennis,9,a woman playing table tennis on a television screen
video671,video671_frame_010.jpg,tennis,10,a man playing table tennis on a television screen
video671,video671_frame_011.jpg,tennis,11,a man playing table tennis on a television screen
video6867,video6867_frame_000.jpg,tennis,0,a woman is walking down the street in a white dress
video6867,video6867_frame_001.jpg,tennis,1,a woman in a white dress is standing on a stage
video6867,video6867_frame_002.jpg,tennis,2,a woman in a white dress is dancing
video6867,video6867_frame_003.jpg,tennis,3,a woman in a white dress and red panties
video6867,video6867_frame_004.jpg,tennis,4,a woman in red shorts is holding a tennis racket
video6867,video6867_frame_005.jpg,tennis,5,a woman in a blue dress is playing tennis
video6867,video6867_frame_006.jpg,tennis,6,a woman in blue shirt and shorts playing tennis
video6867,video6867_frame_007.jpg,tennis,7,a woman in a blue shirt is standing on a tennis court
video6867,video6867_frame_008.jpg,tennis,8,a woman in a blue top is standing on a tennis court
video6867,video6867_frame_009.jpg,tennis,9,a woman in blue shirt and white shorts holding a tennis racket
video6867,video6867_frame_010.jpg,tennis,10,a woman in blue shirt playing tennis
video6867,video6867_frame_011.jpg,tennis,11,a woman holding a tennis racket on a court
video6973,video6973_frame_000.jpg,tennis,0,two men playing ping pos on a court
video6973,video6973_frame_001.jpg,tennis,1,a man is playing ping po in a game
video6973,video6973_frame_002.jpg,tennis,2,a man is standing next to another man on a table
video6973,video6973_frame_003.jpg,tennis,3,a man in blue shirt playing ping po
video6973,video6973_frame_004.jpg,tennis,4,a man is playing ping po in a game
video6973,video6973_frame_005.jpg,tennis,5,a table tennis player is playing ping po
video6973,video6973_frame_006.jpg,tennis,6,a table tennis player is playing ping
video6973,video6973_frame_007.jpg,tennis,7,a man is being restraineded by a referee
video6973,video6973_frame_008.jpg,tennis,8,a tennis player is hitting the ball with his racket
video6973,video6973_frame_009.jpg,tennis,9,a man is standing on a gymnastics court
video6973,video6973_frame_010.jpg,tennis,10,a basketball player is standing on the court
video6973,video6973_frame_011.jpg,tennis,11,a woman is running on a track
video6979,video6979_frame_000.jpg,tennis,0,a woman playing tennis
video6979,video6979_frame_001.jpg,tennis,1,a woman is playing tennis on a court
video6979,video6979_frame_002.jpg,tennis,2,a woman in a red shirt playing tennis
video6979,video6979_frame_003.jpg,tennis,3,a woman is playing tennis on the court
video6979,video6979_frame_004.jpg,tennis,4,a woman in a red shirt is playing tennis
video6979,video6979_frame_005.jpg,tennis,5,a woman is playing tennis on a court
video6979,video6979_frame_006.jpg,tennis,6,a woman is playing tennis on a court
video6979,video6979_frame_007.jpg,tennis,7,a woman in a bikini playing tennis
video6979,video6979_frame_008.jpg,tennis,8,a woman is playing tennis on a court
video6979,video6979_frame_009.jpg,tennis,9,a woman is playing tennis on a court
video6979,video6979_frame_010.jpg,tennis,10,a woman in a red shirt is playing tennis
video6979,video6979_frame_011.jpg,tennis,11,a woman is playing tennis on a court
video7190,video7190_frame_000.jpg,tennis,0,table tennis - table tennis - table tennis - table tennis - table tennis - table tennis - table tennis - table tennis - table tennis - table
video7190,video7190_frame_001.jpg,tennis,1,table tennis player is playing ping po
video7190,video7190_frame_002.jpg,tennis,2,table tennis players are playing ping po
video7190,video7190_frame_003.jpg,tennis,3,table tennis players playing a game of ping
video7190,video7190_frame_004.jpg,tennis,4,table tennis players playing a game of ping
video7190,video7190_frame_005.jpg,tennis,5,table tennis is a popular sport in china
video7190,video7190_frame_006.jpg,tennis,6,a table tennis game with two people playing
video7190,video7190_frame_007.jpg,tennis,7,a table tennis player is about to hit the ball
video7190,video7190_frame_008.jpg,tennis,8,a table tennis game with two people playing
video7190,video7190_frame_009.jpg,tennis,9,table tennis players playing a game of ping
video7190,video7190_frame_010.jpg,tennis,10,table tennis players playing a game on a court
video7190,video7190_frame_011.jpg,tennis,11,a table tennis game with two players playing
video787,video787_frame_000.jpg,tennis,0,a man is standing on a ladder with a red shirt
video787,video787_frame_001.jpg,tennis,1,a man is standing in front of a tv screen
video787,video787_frame_002.jpg,tennis,2,a man standing on top of a wooden floor
video787,video787_frame_003.jpg,tennis,3,a man is playing tennis on a court
video787,video787_frame_004.jpg,tennis,4,a man with a black shirt and a black shirt
video787,video787_frame_005.jpg,tennis,5,a man is playing tennis on a court
video787,video787_frame_006.jpg,tennis,6,a person is holding their hands in the air
video787,video787_frame_007.jpg,tennis,7,a man in a blue shirt is looking up
video787,video787_frame_008.jpg,tennis,8,a man in a black shirt is standing in front of a wooden wall
video787,video787_frame_009.jpg,tennis,9,a man in a blue shirt is standing in front of a wooden wall
video787,video787_frame_010.jpg,tennis,10,a man in a black shirt is standing in front of a wooden wall
video787,video787_frame_011.jpg,tennis,11,a man in a black shirt sitting down
video8104,video8104_frame_000.jpg,tennis,0,a video of a tennis player holding a ball
video8104,video8104_frame_001.jpg,tennis,1,a man in yellow shirt playing tennis on a court
video8104,video8104_frame_002.jpg,tennis,2,a man in yellow shirt playing tennis on a court
video8104,video8104_frame_003.jpg,tennis,3,a man in yellow shirt playing tennis on a court
video8104,video8104_frame_004.jpg,tennis,4,a man playing tennis on a court with a crowd watching
video8104,video8104_frame_005.jpg,tennis,5,a man playing tennis on a court with a crowd watching
video8104,video8104_frame_006.jpg,tennis,6,a man playing tennis in a large arena
video8104,video8104_frame_007.jpg,tennis,7,a man playing tennis in a large arena
video8104,video8104_frame_008.jpg,tennis,8,a tennis player is about to hit the ball
video8104,video8104_frame_009.jpg,tennis,9,a man in yellow shirt playing tennis on a court
video8104,video8104_frame_010.jpg,tennis,10,a man playing badminton in a large arena
video8104,video8104_frame_011.jpg,tennis,11,a tennis player is playing tennis on a court
video8699,video8699_frame_000.jpg,tennis,0,a man is playing table tennis with a woman
video8699,video8699_frame_001.jpg,tennis,1,two women playing badminton on a court
video8699,video8699_frame_002.jpg,tennis,2,a man playing tennis on a court with a ball
video8699,video8699_frame_003.jpg,tennis,3,two women playing badminton on a court
video8699,video8699_frame_004.jpg,tennis,4,a man playing badminton on a court
video8699,video8699_frame_005.jpg,tennis,5,a man playing tennis on a court at night
video8699,video8699_frame_006.jpg,tennis,6,a man playing tennis on a court with a crowd watching
video8699,video8699_frame_007.jpg,tennis,7,a man playing tennis on a court with a crowd watching
video8699,video8699_frame_008.jpg,tennis,8,a man is playing tennis on a court
video8699,video8699_frame_009.jpg,tennis,9,a man playing tennis on a court with a crowd watching
video8699,video8699_frame_010.jpg,tennis,10,a man playing tennis on a court with a crowd watching
video8699,video8699_frame_011.jpg,tennis,11,a man playing tennis on a court with a crowd watching
video8706,video8706_frame_000.jpg,tennis,0,a man in a white shirt and sunglasses is holding a cell
video8706,video8706_frame_001.jpg,tennis,1,a woman playing tennis on a court
video8706,video8706_frame_002.jpg,tennis,2,a woman playing tennis on a court
video8706,video8706_frame_003.jpg,tennis,3,a woman is playing tennis on a court
video8706,video8706_frame_004.jpg,tennis,4,a tennis player is playing a game on a court
video8706,video8706_frame_005.jpg,tennis,5,a woman playing tennis on a court
video8706,video8706_frame_006.jpg,tennis,6,a tennis player is playing a game on a court
video8706,video8706_frame_007.jpg,tennis,7,a man playing tennis on a court with a crowd watching
video8706,video8706_frame_008.jpg,tennis,8,a woman playing tennis on a court
video8706,video8706_frame_009.jpg,tennis,9,a woman is playing tennis on a court
video8706,video8706_frame_010.jpg,tennis,10,a man is playing tennis on a court
video8706,video8706_frame_011.jpg,tennis,11,a tennis player is playing a game on the court
video9363,video9363_frame_000.jpg,tennis,0,a woman in white shirt standing in front of a crowd
video9363,video9363_frame_001.jpg,tennis,1,a woman walking through a crowd of people
video9363,video9363_frame_002.jpg,tennis,2,a man in white shirt and black pants walking through crowd
video9363,video9363_frame_003.jpg,tennis,3,a crowd of people are gathered in a crowd
video9363,video9363_frame_004.jpg,tennis,4,a man holding a tennis racket in his hand
video9363,video9363_frame_005.jpg,tennis,5,a man in a white shirt and tie is holding a microphone
video9363,video9363_frame_006.jpg,tennis,6,a man in a red uniform is playing basketball
video9363,video9363_frame_007.jpg,tennis,7,a man is being carried by a woman
video9363,video9363_frame_008.jpg,tennis,8,a man in a suit and tie sitting on a bench
video9363,video9363_frame_009.jpg,tennis,9,a video of a man being thrown from a building in the city
video9363,video9363_frame_010.jpg,tennis,10,a crowd of people are gathered in a stadium
video9363,video9363_frame_011.jpg,tennis,11,a man is being filmed by a crowd
