sport,score,video_id,video,url,start_time,end_time,category,captions
basketball,23,video5208,video5208.mp4,https://www.youtube.com/watch?v=vRy5Ayt8xPk,672.15,695.34,3,in a basketball court players are trying to put the ball through a hoop ||| there is a man scoring in a basket ball game ||| two teams of basketball players are playing a game on a basketball court ||| superb basketball game is going on in the court before a large group of spectators ||| a short compilation of nba basketball highlights from two different games ||| a basketball sequence is displayed with a particularly fast paced action ||| a player runs bounces the basketball once leaps in the air dunks the ball in the hoop squats down and straightens up ||| a basketball player dunks on another player while one member of the other team hits a buzzer-beater ||| several men are throwing a basketball into a hoop and then running down a court to throw the ball in another hoop ||| players passing ball and scoring a point in a basket ball match ||| players passing the ball and shooting it in the basket in a basket ball match ||| in a basket ball match a player tackles the oponent and shoot a goal ||| a turnover turns into a nice dunk in transition during a basketball game ||| in the nba slam dunk in somebody s face can really hurt their feelings ||| a tall basketball player dunking and scoring a good three-point shoot ||| a blue and white color dress players playing game basket ball inside a stadium audience watching displaying on screen ||| a group of young men play an exciting game of basketball ||| various young men play an exciting game of basketball ||| a basketball game is played between two nba teams ||| some men on a court are playing basket ball
basketball,23,video3986,video3986.mp4,https://www.youtube.com/watch?v=8rTh9VJ6E_Y,156.31,167.15,3,a basketball player makes a slam dunk ||| a basketball team is playing a match ||| a man describes a video game ||| a man dunks a basketball in a video game ||| a player is jumping and putting the basketball into the basket ||| a replay of a basketball video game play ||| a video replay of a slam dunk during a video basketball game ||| a young man discusses and demonstrates the way to play a video game ||| baseket ball players by the basketball hoop ||| gameplay footage of nba live ||| gameplay footage of someone playing a basketball game ||| nba video game players competing with each other ||| playing a basket ball game ||| somebody scores while playing a basketball video game ||| the basketball game is only a video game ||| the man wearing jersey 22 made a basket in that game ||| video game characters are playing basketball on a court ||| somebody scores while playing a basketball video game ||| the man wearing jersey 22 made a basket in that game ||| baseket ball players by the basketball hoop
basketball,20,video4177,video4177.mp4,https://www.youtube.com/watch?v=3ZKs4adQB8M,35.72,50.9,3,a basketball game is occurring ||| a basketball game is shown and talked about ||| a basketball player is dunking the ball ||| a basketball player slam dunks the ball ||| a basketball player slam dunks the ball ||| a man dunks a basketball ||| a man is jumping ||| a man is performing a slam dunk in basketball ||| basketball players making dunk shots ||| clips of players during nba games ||| highlights from a spurs and lakers game ||| highlights from basketball games ||| in a backetball game a player scores a slam dunk ||| men are playing basketball on the court ||| people playing professional basketball ||| some guy s are playing basket ball in a basket ball court ||| teams are playing basketball ||| video of athletes performing amazing plays ||| in a backetball game a player scores a slam dunk ||| teams are playing basketball
basketball,20,video2161,video2161.mp4,https://www.youtube.com/watch?v=A2IMbbRdlsI,345.19,359.91,3,a basket ball game between the lakers and the heat ||| a basketball game with a replay of a slam dunk ||| a basketball match and a player is putting a ball into the basket ||| a basketball player is putting the ball into the basket from distance ||| a couple of slam dunk highlights from nba games ||| a man makes a basket ||| a man performs a slam dunk in a basketball game ||| a man scores a goal in basketball ||| a player dunks the ball in a basketball game ||| a professional basketball game is taking place ||| an announcer briefly talks about a basketball star ||| basketball player slam dunking ||| commentary of a basket ball match ||| commentators talk about a basketball game ||| gerald green of the phoenix suns is going up for an extraordinary dunk ||| guys running up a court ||| player dunked the basketball ||| teams are playing basketball ||| the phoenix suns play basketball ||| the players played ball
basketball,20,video3802,video3802.mp4,https://www.youtube.com/watch?v=8_-f7-Q2l88,367.79,377.97,3,a basketball player shoots a layup ||| a group of men are playing a game of basketball ||| a gym full of men playing basketball ||| a man explains how he fought his way on to the team ||| a man gives commentary for a basketball game ||| a man makes a slam dunk on a basketball court ||| a man shoots a basketball ||| a player is placing the basketball into the basket in training ||| a short clip showing a basketball player practicing ||| basket ball game is progressing ||| bunch of guys playing basketball ||| guys playing basketball on court ||| he did a slam dunk ||| matt barnes is still in the nba ||| men practicing basketball in a gymnasium ||| people are playing basketball ||| people are playing sports in the ground ||| players playing basket ball in basket ball ground ||| someone is playing video game ||| a man gives commentary for a basketball game
basketball,20,video3997,video3997.mp4,https://www.youtube.com/watch?v=rJkr3zT9RTo,152.31,164.28,3,a basketball player goes up for a dunk but gets rejected by the other team ||| a man saves a ball in basketball ||| a player blocks a shot and a different player dunks in two different nba games ||| a vine is shown of different sport highlights ||| basketball players play on a court ||| highlights of a basketball game are playing ||| people are playing basket ball ||| people are playing sports ||| people are playing sports ||| playing volley ball and they keeping goal ||| professional basketball teams play a basketball game at a stadium ||| rap music plays as two basketball teams (one in blue and one in white) play and the camera cuts to another game ||| short replays of basketball games ||| some guy s are playing a basketball in a basket ball court ||| the basket ball match between the two teams ||| various basketball clips shown randomly of different games ||| video of a basketball player getting completely blocked by his opponent while going for a layup ||| highlights of a basketball game are playing ||| short replays of basketball games ||| highlights of a basketball game are playing
basketball,20,video8091,video8091.mp4,https://www.youtube.com/watch?v=llWUlDyPWQM,164.45,176.88,3,a basketball game being played on a court ||| a basketball player gets blocked ||| a bunch of sports clips ||| a clip from a sports vines compilation playing basketball ||| a highlight reel of sports videos are playing ||| a man scores a goal in basketball ||| a special songs for the game ||| a vine shows different sporting highlights ||| an nba bulls player is going up for the dunk ||| basket ball is going on ||| basketball players like michael jordan free throw line dunk and make other plays ||| basketball vine sports clips ||| clips from a basketball are being shown ||| official sports video shows different sports activities ||| people are playing sports ||| sports are being played ||| sports highlight video of big plays ||| sports man playing on a field ||| young players are playing handball ||| an nba bulls player is going up for the dunk
basketball,20,video880,video880.mp4,https://www.youtube.com/watch?v=5gdq0bGSGZ0,11.36,22.37,0,a basketball player runs on court ||| a basketball team is celebrating a winning game ||| a group is playing football ||| a group of athletes celebrate together ||| a slow motion clip of a basketball team s pregame celebration plays ||| an athlete is going onto a basketball court ||| basketball players are shown playing basketball ||| basketball players congratulating each other ||| basketball players get excited before a game before it cuts to a player scoring a point after dunking the ball ||| footage of a basketball team preparing to play ||| it is a montage of the clippers with music playing ||| men are playing basketball in a nba game ||| men in track suits on basketball court ||| men playing basketball ||| players are playing basket ball ||| slow motion basketball while music plays ||| some guys are playing basketball ||| the los angeles clippers basketball team is shown ||| two group of players playing basket ball ||| players are playing basket ball
basketball,19,video3541,video3541.mp4,https://www.youtube.com/watch?v=_EosQ8gZWHk,104.92,116.6,3,three basketball players in orange shirts perform fantastic moves ||| a team of skilled basketball players are demonstrating their skills on the court ||| basketball players are all practising in indoor stadium ||| there are some people playing basket ballwith tricks ||| there are some people playing basket ballwith tricks ||| several people are doing wild stunts using a basketball in front of a crowd of people ||| young men try to dunk the ball with help from a spring board ||| the men fly in the air and do a trick on the goal ||| different men doing tricks while putting a basketball in the hoop ||| few guys showing a show on how differently they basket the ball ||| few persons makes some tricks on how they basket ball people watching them around ||| people completing amazing shots with basketballs outside with people watching ||| young athletic men are preforming very creative slam dunks on a basketball court ||| men in orange jerseys are participating in a dunk competition ||| men jump on trampolines while throwing a basketball ball at the loop ||| a man runs and leaps off a trampoline and dunks a basketball ||| some guys do some big crazy jumps while playing basketball ||| a boys in yellow dresses jumping and playing basket ball game audience watching displaying on screen ||| a boys in yellow dresses jumping and playing basket ball game audience watching displaying on screen ||| a group of players are playing with ball in a ground
basketball,19,video7453,video7453.mp4,https://www.youtube.com/watch?v=w8Wiq-POmFA,102.05,112.51,3,a basketball player is jumping ||| a basketball player jumping and touching a backboard ||| a basketball player jumps and touches the backboard ||| a basketball player jumps to the top of the hoop board ||| a basketball player test his vertacle jump ||| a basketballer touches the top of the board ||| a guy jumping to touch basketball goal ||| a man is jumping and touching a basket ball post in a basket ball court ||| a man is practicing sports ||| a man is trying to touch the top of a basketball backboard ||| a man jumps high ||| a man touches the backboard ||| a sports man is doing excise ||| someone making a jump shot ||| sports science basketball dunk ||| video of a basketball player touching the backboard ||| a basketball player test his vertacle jump ||| a sports man is doing excise ||| someone making a jump shot ||| a man is practicing sports
basketball,19,video5926,video5926.mp4,https://www.youtube.com/watch?v=nU7znKgnkW0,292.64,303.35,3,a basketball player is dunking ||| a clip of a basketball player football play and soccer play set to music ||| a man dunks a basketball in a hoop a football player slams into another player and a soccer goalie deflects a ball from the goal ||| a mash of sports and football clips ||| a sports clip about soccer ||| a team is playing a basketball game ||| a vine video of football clips both soccer and american football ||| athletes are doing sports like football and basketball ||| blooper clips are showing while music is playing in the background ||| clips from various sports games ||| men are playing sports ||| people are playing sports ||| players playing on the ground ||| scenes from a basketball game football game and soccer game provided by vine video ||| short sports clipsfootball and soccer ||| some guy s are playing basket ball in a basket ball court ||| some people are playing sports ||| sports vine clips of basketball football and soccer ||| the foootball players on a ground ||| various sports vines are shown
basketball,19,video9650,video9650.mp4,https://www.youtube.com/watch?v=w8Wiq-POmFA,120.25,132.11,3,a athlete testing his jump on a backboard ||| a basketball court is shown ||| a basketball player demonstrating that he can jump higher than the net ||| a basketball player in a video game jumps high ||| a basketball player jumping to touch to top of the backboard ||| a basketball player jumping ||| a basketball player leaps and touches the top of the backboard ||| a basketball player shoots a layup ||| a basketball playing showing his dunking skills ||| a man is jumping and reaching up high ||| a man is jumping and touching a basket ball post in a basket ball court ||| a man is playing basketball ||| a man jumping and touching the upper side of a backboard ||| a man jumps clear to the top of the board behind a basketball hoop ||| a man on a basketball court running and jumping to touch the backboard to the basketball hoop ||| a professional basketball player shooting hoops in a basketball court ||| dwight howard almost touches the top of the backboard ||| a basketball playing showing his dunking skills ||| a basketball player leaps and touches the top of the backboard ||| a man jumps clear to the top of the board behind a basketball hoop
basketball,18,video2994,video2994.mp4,https://www.youtube.com/watch?v=AphM9UNdhgY,14.73,31.15,3,a basketball game is played and commentated ||| a basketball player (kobe bryant) runs toward the basket and dunks it in ||| a basketball player dunking the ball ||| a basketball player dunks the ball ||| a basketball player shoots a basket ||| a basketball player shoots a slam dunk into a hoop ||| a clip of a kobe bryant basketball play ||| a pro basketball game ||| a woman talking on talkshow ||| coby bryant slam dunks a ball during a basket ball game ||| guy in a purple jersey scores a basket in a basketball game ||| kobe bryant dunks between two other players ||| kobe bryant makes a slam dunk ||| kobe bryant making a slam dunk ||| kobe is playing basketball ||| players playing basket ball ||| the player shoots the ball perfectly ||| a woman talking on talkshow ||| coby bryant slam dunks a ball during a basket ball game ||| a clip of a kobe bryant basketball play
basketball,18,video8881,video8881.mp4,https://www.youtube.com/watch?v=w8Wiq-POmFA,84.25,96.05,3,a basket ball player is laughing ||| a commentator is showing the height of a basketball backboard ||| a man describing a dunking contest record ||| a man is doing some scientific calculations on how to break shaq s record ||| a man narrates something about basketball while a video plays showing a basketball hoop ||| a person explaining a basketball competition rules ||| a sports science video about basketball ||| a video that shows descriptions of basketball facts ||| an announcer describes how difficult it is to shoot and beat shaq s records ||| basketball player attempts to break shaqs jump record ||| basketball players are getting ready to play basketball ||| footage from the sports science show ||| illustrations are shown on a basketball backboard showing how high someone will need to jump to break a record ||| man talking about breaking shaq s record ||| narrator discussing the height above a basketball hoop needed to break shaq s dunk record ||| people are talking about the height of a basketball rim ||| scene from a reality tv show ||| sports science basketball ||| the camera is rotating around a basketball hoop ||| a man is doing some scientific calculations on how to break shaq s record
basketball,17,video3764,video3764.mp4,https://www.youtube.com/watch?v=aInOK6T6n1w,51.77,63.24,3,a basketball player dunking ||| a basketball player dunks the basketball into the basket ||| a basketball player making a dunk ||| a basketball player slam dunks the ball ||| a basketball player slam dunks the basket ||| a woman talking on talkshow ||| andrew wiggins slam drunks on omer asik in a nba game ||| commentators speak over a basketball game ||| footage of anthony wiggins playing ball ||| guy makes a basket in a basketball game ||| men are playing basketball ||| men are playing professional basketball ||| players are playing basketball ||| scene from a baseball game ||| the player dunks on the other man ||| two basketball teams face off while one player slam dunks the ball into the hoop ||| young men play college basketball ||| a basketball player dunking ||| a basketball player dunks the basketball into the basket ||| the player dunks on the other man
basketball,16,video5436,video5436.mp4,https://www.youtube.com/watch?v=A2IMbbRdlsI,364.28,376.49,3,a basketball player celebrates with his team ||| a basketball player does a slam dunk ||| a basketball player is amped up during a game ||| a basketball player showing his anger ||| a basketball player slam dunking a ball ||| a boys basketball game ||| a clip from a basketball game ||| a magnificent basket ball play is continuing ||| a man dunks a basketball ||| a man is playing basketball ||| a man looks ticked during a clip from a basketball game ||| a player saying something very angry ||| basketball players are shooting basketball at a game ||| men are playing basketball ||| norris cole getting hype when teammate dunks on wizard player ||| some guy s are playing basket ball in a basket ball court ||| the man dunks on his opponent ||| two players are playing volley ball ||| some guy s are playing basket ball in a basket ball court ||| men are playing basketball
basketball,16,video5261,video5261.mp4,https://www.youtube.com/watch?v=WQTCD1_wbA0,50.43,63.98,3,a volley ball player in yellow is performing basic basic playing skill crossing 2 players ||| a clip giving you tips on altering your speed in order ot play better basketball ||| it was a basket ball show where the yellow team made a goal ||| it was a reply of the match which played to see that they are some times slow and sometimes very fast ||| an offense basketball player makes a move to get around a defenseman passes the ball and gives his teammate a chance to shoot ||| a team wearing yellow playing basketball against a team wearing blue ||| basketball players are wearing yellow uniforms the other men are wearing blue the man talking is describing defence ||| a basketball game is going on a commentator is explaining how the players on the screen can help increase your skill ||| a basketball game is occuring the yellow team is performing very well ||| some tips to make your basketball game more effective to help win that game ||| a yellow dress player and blue dress player playing volley ball ||| basketball player fools the player guarding him and goes to make a basket ||| a man explains techniques for playing basketball over a slow-motion video of a professional basketball game ||| a man talks about different ways to make plays in a basketball game ||| a few men on a basketball court play against each other and one dunks ||| two teams playing basket ball on a court with one wearing yellow and other wearing blue jersey ||| a man is tallking about the way you play basketball and the effects it will have ||| basketball players wearing yellow and blue uniforms play basketball and a man talks ||| the players in yellow are scoring points in the game ||| a group of young men play a game of basketball
basketball,16,video1667,video1667.mp4,https://www.youtube.com/watch?v=cpCrFn7MQ8k,200.45,213.49,1,a basketball player does a slam dunk ||| a man does basketball trick shots ||| a man is dunking ||| a man preforms a slam dunk ||| a video clip showcasing basketball dunks ||| a video shows men performing athletic and impressive basketball dunks ||| different people doing tricks with a basketball ||| man does backflips then a slam dunk ||| men are dunking a basketball ||| men are jumping over each other to dunk a basketball ||| men are shown in different places playing basketball ||| men dunking basketball clips ||| men slam dunking a basketball ||| people are playing basket ball ||| people make basketball dunks ||| people playing basketball ||| the men are doing dunking tricks on the courts ||| this is a sporting video depicting basketball ||| this video is all about basketball ||| people playing basketball
basketball,16,video1623,video1623.mp4,https://www.youtube.com/watch?v=1IIDthMD09M,107.89,119.0,3,a basketball game being played ||| a basketball player runs down the court and scores ||| a basketball player shoots a layup ||| a clip of basketball game dunk ||| a person is explaining something ||| a team members scores in a basketball match ||| athletes score points for their teams ||| commentary of a basket ball match ||| guy slam dunks and scores a point ||| men are playing basketball ||| men are playing basketball ||| people are playing basketball ||| people play basketball ||| person playing a game ||| players playing basketball and someone dunking ||| the people are playing basket ball ||| the person is dunking a basketball ||| the players are playing basket ball ||| there are men playing basketball ||| a basketball player runs down the court and scores
basketball,16,video8859,video8859.mp4,https://www.youtube.com/watch?v=7xtB9hcl1R4,100.81,112.36,3,a basketball player dunks the ball and another falls ||| a basketball player dunks the ball ||| a clip of basketball dunk ||| a man dunks a basketball ||| a man is making a slam dunk in basketball ||| a man performs a dunk while the defending player falls to the ground ||| a man slam dunks on his opponent ||| a man taking a shot in a basketball game ||| a player is putting the basket ball into the basket ||| a replay of a good basketball play to music ||| basketball player manages to score ||| basketball players are making dunks over music ||| boys are playing basketball ||| footage of guy dunking basketball ||| it is about a basket ball competition ||| men play basketball on a court ||| people are playing basketball ||| scene from a basketball game ||| the player dunks on the other man ||| scene from a basketball game
basketball,15,video2877,video2877.mp4,https://www.youtube.com/watch?v=8vvdcViBv_M,154.33,167.33,3,a basketball player shoots a layup ||| a man shoots a basketball ||| a player trickly taking the ball to put a goal ||| a terrific basket ball play ||| basket ball players playing a tournament ||| it is a clip of chicago bulls basketball players ||| it is about a basket ball competition ||| michael jordan is clowning on other players during a game ||| michael jordan is playing basketball ||| micheal jordon playing basketball ||| people are playing basket ball ||| people are playing basketball ||| player dunked the basketball ||| popular highlights of micheal jordan ||| scene from a basketball game ||| the video contains classic basketball games from the past ||| there is a professional basketball game and someone is making a basket ||| this is basketball video ||| video of athletes performing amazing plays ||| people are playing basketball
basketball,15,video4561,video4561.mp4,https://www.youtube.com/watch?v=aInOK6T6n1w,66.65,79.23,3,a basketball player does a slam dunk ||| a basketball player dunking ||| a basketball player scores points ||| a basketball player shoots a basket ||| a basketball player slam dunks the ball into the goal ||| a clip showing a basketball dunk ||| a commentator does a play by play of a basketball game ||| basketball players playing basketball in a stadium ||| basketball players put on a show ||| cartoons are laughing ||| compilation of popular sports clips ||| guy makes a basket ||| james harden dunks in a basketball game ||| men are playing basket ball ||| people are playing basketball ||| people are watching a sports game ||| professionals are playing basketball ||| a commentator does a play by play of a basketball game ||| a basketball player scores points ||| a basketball player does a slam dunk
basketball,15,video2390,video2390.mp4,https://www.youtube.com/watch?v=9fdkdWncKI4,130.78,142.89,3,a basketball game is played ||| a basketball player performs two slam dunks ||| a highlight reel shows several sports clips ||| a man is dribbling ||| a man is jumping and putting the basketball in the basket ||| a man is speaking to a reporter ||| a man is standing ||| basket ball playing by players ||| basketball player making dunk shots during a game ||| grown men are playing basketball ||| highlight of basketball game with exciting dunk by player ||| hip hop music playing as a basketball game is shown ||| people are playing basketball ||| people are playing basketball ||| player dunked the basketball ||| players playing basket ball ||| several views of a basketball player dunking a ball are shown ||| shows the crowd then basketball players playing basketball ||| there are different clips of a basketball game ||| hip hop music playing as a basketball game is shown
basketball,15,video3050,video3050.mp4,https://www.youtube.com/watch?v=1IIDthMD09M,843.22,859.94,3,a basketball player hitting a last second shot ||| a basketball player is scoring a basket ||| a basketball player lands a shot from half court ||| a basketball player makes a long shot at the last second ||| a man describing a basketball shot ||| a man is playing basketball ||| a man makes a basket ||| a man throws a basketball into a hoop ||| a person shoots basketball in to the ring ||| a sportscaster talks about an exciting end of game play ||| basketball player makes a full court shot ||| basketball player throws ball to the basket ||| many people are playing a game ||| men playing basketball ||| people are playing basketball ||| players playing basketball ||| someone is commentating basketball ||| the man makes the buzzer beater ||| the people are playing basket ball ||| a basketball player is scoring a basket
basketball,15,video4337,video4337.mp4,https://www.youtube.com/watch?v=S3TUHBRW76A,163.41,173.59,3,a basketball player is missing a shot ||| a basketball player is scoring a hoop ||| a basketball player performs a 3-pointer ||| a basketball player scoring ||| a three pointer is made in basketball ||| a three-point shot is scored in basketball ||| basket ball players playing a tournament ||| basketball coach walks away from court looking disappointed ||| basketball player are playing basketball ||| compilation of popular sports clips ||| man commenting about a basketball game ||| new orleans won the basketball game ||| people play a basketball game ||| scenes from a sports game ||| sports highlights are displayed ||| teams are playing basketball on the court ||| basketball coach walks away from court looking disappointed ||| scenes from a sports game ||| compilation of popular sports clips ||| a basketball player scoring
basketball,15,video3628,video3628.mp4,https://www.youtube.com/watch?v=56bpnRkVfrQ,57.94,68.72,3,a basketball highlight reel shows good and funny shots ||| a basketball player shoots a basket ||| a basketball players are having problems ||| a clip showcasing bloopers taking place during basketball games ||| a man is jumping ||| a professional basketball game with some audience members in costume ||| a video montage of basketball plays with music ||| basket ball players are running in the ground ||| basketabll players are being shown in short clips ||| basketball bloopers are shown ||| basketball players are shown falling and making mistakes during a game ||| basketball players fall during the game while some constumed fans in attendance dance ||| bloopers from basketball games and fan footage ||| the basketball failed at dunking ||| the basketball player falls on his butt ||| the funny incidents of grounds ||| various clips of basketball bloopers ||| basketball players are shown falling and making mistakes during a game ||| a video montage of basketball plays with music ||| the funny incidents of grounds
basketball,15,video5987,video5987.mp4,https://www.youtube.com/watch?v=aV3ZpJveSZE,222.97,241.79,3,a basketball player makes a basket in a video game ||| a basketball video game where a player scores ||| a game is being played ||| a game is being played ||| a man playing video games ||| a person is playing a computer online game ||| a person is playing a video game ||| a video game of basketball ||| a video game of basketball ||| gameplay footage of someone playing a game ||| men are playing a game of basketball ||| people are playing basket ball ||| somebody playing a basketball video game ||| someone is playing a basketball game ||| someone is playing nba in the video and scores ||| two teams playing basketball on a video game ||| a game is being played ||| a person is playing a video game ||| a basketball player makes a basket in a video game ||| a basketball player makes a basket in a video game
basketball,15,video2305,video2305.mp4,https://www.youtube.com/watch?v=TEcetaiAZKQ,132.08,143.59,3,a man with red shorts on is trying to hit some hoops ||| a man shoots a series of basketball trick shots from long range ||| two guys practicing basket ball and trying stunts ||| basket ball players are playing ball ||| a bearded teenager stands away from the side of a gym hoop under a slanted and gridded ceiling and throws a basketball through the hoop ||| in the basketball indoor stadium the black and red shirt player and black shirt and black pant players are taking practice ||| a man is practicing a volley ball game ||| guy putting the basketball into the basket ||| a basketball player in an indoor court along with his friend demonstrates a perfect side court basket shot ||| guy with ball in hands the he dropped on box another man standing on same place ||| two boys one in black and one in red shorts are playing basketball ||| a man looks into the camera before he and a friend take very far three point shots ||| two guys showing side shots of baskeball while the other watches ||| a young man demonstrates a basketball shot in a school gym ||| a man wearing red shorts soots a ball into a hoop then another man does the same ||| a blue color dress cloth boy holding ball in hand explayning how to position ball throwing and putting in net displaying on screen ||| a boy in blue dress color wearing cloth standing inside ground and putting ball into net playing basket ball game displaying on screen ||| a boy in blue color dress standing holding a ball in hand and throwing into net basket ball speaking displaying on screen ||| a man shooting basketball into a hoop on an indoor basketball court ||| some people in a court are doing something
basketball,15,video9150,video9150.mp4,https://www.youtube.com/watch?v=x9XxzFXNbZE,20.85,32.41,3,in a gym a young kid is shooting hoops while the commentator is asking the questions about why he can t be the best ||| a man dribbles a basketball and shoots and ponders why he can t win an award ||| a young man dribbles a basketball down the court and makes a shot ||| a player alone practices dribbling of basket ball in the court ||| a young boy with glasses in red shorts and a t-shirt dribbles and shoots a basket ball ||| a boy playing basketball by himself in a gym ||| in the cort the boy is perfome their handball skill in individually ||| a person is practising basket ball lonely with great interest ||| a man is playing with a ball in the room ||| a boy dribbling a basket ball across a gym floor and then shooting it into the hoop ||| a young man does dribbling moves with a basketball ||| a narrator questions himself on why he cannot be a great basketball player while footage of a young basketball player is showing ||| there is a young kid with considerable basketball skills making his way down the court he is able to make a shot into the net ||| a lone man practices basketball hoops in a gymnasium while the narrator talks about being a great basketball player ||| a boy ounces and shoots a basket ball on a basketball court ||| person in red shorts in showing his skills in basketball ||| a young kid playing basketball which is his dream to pursue ||| a boy in ash color dress wearing cloth practicing basketball inside stadium displaying on screen ||| a young boy dribbles a basketball in a gym alone and shoots and makes a goal ||| a young man practices basketball in the gym alone
basketball,15,video2101,video2101.mp4,https://www.youtube.com/watch?v=9fdkdWncKI4,57.54,68.05,3,a basketball player shoots a basket ||| a clip of basketball highlights ||| a man shoots a basketball ||| a montage of basketball players dunking the ball ||| a player bounces the a basketball off the headboard while another player swoops in and throws it in ||| a rap song plays over a basketball game ||| a scene from a basket ball game ||| a video of a professional basketball game ||| basketball game set to music ||| basketball gameplay is shown ||| basketball player playing in a game ||| basketball players make successful baskets while music plays ||| its a basket ball game ||| people are playing basketball ||| people playing pro basketball ||| several basketball clips with a music background ||| some men are playing basketball ||| several basketball clips with a music background ||| people playing pro basketball ||| a basketball player shoots a basket
basketball,15,video760,video760.mp4,https://www.youtube.com/watch?v=cWZ3EDhq4Tc,277.76,298.51,4,a basketball player is about to slam dunk ||| a basketball player jumping to dunk a ball ||| a man is describing michael jordans last dunk ||| a man is dunking a basketball ||| a man is playing basketball ||| a man is talking about michael jordan the basketball player ||| a man is talking about michael jordan ||| a man narrates a program about michael jordan ||| a man talking about michael jackson s last basket ||| a narrarator talks about michael jordan s last score ||| a still image of michael jordan shooting his final basket while a voice lists off his stats and career achievements ||| a still image shows a basketball player slam dunking the ball ||| guy talking about backetball player micheal jordan ||| man describing michael jordan basket ||| people are playing sports ||| sports clips are being shown about basketball ||| the player is jumping to make a basket ball goal ||| the sports images are going on ||| the star is in the air with the balll ||| a basketball player jumping to dunk a ball
basketball,14,video4420,video4420.mp4,https://www.youtube.com/watch?v=BxPWPQf13S8,76.57,87.21,12,a basketball player dunks a basketball and is evaluated by a voiceover ||| a basketball player dunks the ball ||| a basketball player s wingspan is examined ||| a clip of a basketball player and davinci s vitruvian man are shown ||| a commentator talks about the wingspan of a basketball player ||| a man cooking food ||| a man is discussing the height of a particular basketball player ||| a man is jumping high above to put the ball ||| a narrator is speaking about the proportions of the human body ||| a team is playing a basketball game ||| basketball game highlights and advertisement ||| documentary about the basketball player ||| highlight from nba game ||| people are watching a movie ||| person talking about athlete ||| some men are playing a basketball game ||| some people are playing basketball ||| sports man playing in the ground ||| a clip of a basketball player and davinci s vitruvian man are shown ||| person talking about athlete
basketball,14,video3661,video3661.mp4,https://www.youtube.com/watch?v=WkpSJFYtKls,117.3,130.91,3,a basketball player does a dunk ||| a basketball player is making a dunk ||| a basketball player performs a slam dunk ||| a basketball player slam dunks the ball ||| a black man is performing a slam dunk in basketball ||| a clip of a basketball game is depicted ||| a man in a slamdunk contest ||| a man makes a slam dunk ||| a man slam dunks ||| a nba clip of a slam dunk ||| an nba player is making a slam dunk ||| announcers are talking about a basketball game ||| reactions at a basketball game are being shown ||| sports highlights are displayed ||| the crowd is cheering during a basketball game ||| this is a basketball game video ||| vince carter is participating in a dunk contest ||| this is a basketball game video ||| reactions at a basketball game are being shown ||| sports highlights are displayed
basketball,14,video3075,video3075.mp4,https://www.youtube.com/watch?v=ymoMfSDga2Q,190.87,211.86,3,a man points at the concrete driveway and a man attempts a long shot to a basketball goal and misses ||| there is a man playing with a ball lonely ||| a person is showing a black car and a man is playing basketball ||| two friends play a game of h ||| a young man throws a very long basketball shot and misses ||| a kid attempts a very long basketball shot from a driveway ||| the boy throws the basket ball in to the basket from a very far distance ||| a man attempts a free throw shot from a driveway in a suburban neighborhood to a basketball hoop in a cul-de-sac at an impressive distance ||| man points at sidewalk and another man shoots a ball towards a hoop and misses ||| a person is standing in a driveway and shoots a basketball into a hoop from a far distance ||| two friends take a challenge of throwing the ball into the basket some distance away and one wins ||| a young man makes a long distance shot with a basketball ||| a kid shoots and makes the ball from far away ||| a guy shoots a basketball from the driveway at a far distance from the basketball hoop ||| man is showing his basketball skills outdoors ||| person is having fun with other person and playing basketball ||| a couple of boys are playing basketball trick shots in the driveway ||| the boys play basketball in the driveway of the house ||| a person is throwing a ball out side ||| a person points to a basketball court in the street from his driveway another young man comes on the screen and in a tshirt
soccer,22,video6066,video6066.mp4,https://www.youtube.com/watch?v=bzqy_viVJss,109.56,125.94,3,a clip taken from a soccer game ||| a female soccer player just missing a goal and being upset ||| a soccer player kicks a goal ||| a soccer player misses a goal ||| a womans fifa soccer game ||| football game showing goal scored ||| football match is going on and one team wins ||| highlights from girls soccer ||| people are playing soccer ||| people are watching a soccer match ||| players are playing soccer ||| soccer game and footage of that ||| soccer players are celebrating on the field ||| someone is playing a video game ||| there are different clips of soccer players on a soccer field ||| woman s soccer/football footage from the end of a match ||| a womans fifa soccer game ||| a female soccer player just missing a goal and being upset ||| a clip taken from a soccer game ||| someone is playing a video game
soccer,22,video1327,video1327.mp4,https://www.youtube.com/watch?v=a03PND1Vyvo,145.83,162.6,3,a clip of a soccer match ||| a group of men are playing soccer ||| a male soccer game ||| a soccer player kicks the ball ||| a soccer player misses the goal ||| a team missed the golf ||| one of the soccer players almost gets a goal ||| people are performing at a soccer game ||| people are playing soccer ||| scene from a football match ||| scenes from a soccer game ||| they are playing foot ball ||| two teams are playing soccer ||| two teams play a soccer game ||| two teams playing a game of soccer (football) ||| two teams playing soccer ||| video of a soccer player making an amazing play ||| women are playing soccer outside ||| people are performing at a soccer game ||| scenes from a soccer game
soccer,22,video1103,video1103.mp4,https://www.youtube.com/watch?v=BEsAuvfr6h8,206.79,217.03,3,a man cooking food ||| a man is playing soccer ||| a man missing a goal in soccer with his team mate assisting and making the goal ||| a professional soccer game with music playing in the background ||| a professional soccer game ||| a soccer player kicks a goal ||| a soccer player making a goal in a soccer game ||| a soccer player scores a goal ||| cheer leaders are entertaining audience ||| compilation of popular soccer clips ||| it is about a football match and scoring a goal ||| men are playing professional soccer ||| men play soccer on a field ||| people are playing soccer ||| people are playing sports ||| soccor match goal scoring ||| some people are playing soccer ||| two teams playing soccer ||| a soccer player making a goal in a soccer game ||| a professional soccer game
soccer,22,video247,video247.mp4,https://www.youtube.com/watch?v=a03PND1Vyvo,37.33,52.53,3,a man kicks a ball ||| a player is putting a goal with his head in a football game ||| a professional soccer player makes a goal ||| a replay of a soccer game ||| a soccer game is taking place ||| a soccer player is scoring a goal ||| a soccer player kicks a goal ||| a soccer player scores a goal ||| a women is kicking a goal in soccer ||| clips of women playing soccer ||| men are playing professional soccer ||| people are playing soccer ||| soccer mach between barcelona and spain ||| the football match is going on and one person make the gaol ||| the soccer game has two female teams ||| these are highlights from a barcelona football match ||| video of a soccer player kicking in a goal ||| women are playing in a soccer match ||| women scoring goals during a soccer match ||| clips of women playing soccer
soccer,22,video6743,video6743.mp4,https://www.youtube.com/watch?v=32ygQ6DoylY,14.29,31.69,3,2 players missed to put a goal in football game ||| a man is kicking a ball ||| a man is talking about soccer ||| a miss and a goal in soccer ||| a soccer player kicks the ball across the field ||| a soccer player misses a shot on an open goal ||| a team is playing soccer ||| commenting on a soccer game ||| footage of a soccer player ||| football match where guy misses easy goal shots ||| men are playing soccer ||| men play soccer ||| people are playing soccer ||| people playing soccer ||| soccer players kicking ball ||| some guys are playing football ||| the people are playing football ||| two teams are playing soccer ||| two teams playing soccer ||| people are playing soccer
soccer,22,video4158,video4158.mp4,https://www.youtube.com/watch?v=9D2BRZN7FN0,321.17,334.65,18,a man heads a soccer ball ||| a man is playing soccer ||| a man misses goal with his head ||| a soccer montage video ||| a soccer player celebrates ||| a soccer player is celebrating on the field ||| a soccer player kicks a goal ||| a soccer player running around on the field ||| a team is playing soccer ||| it is about football match and scoring a goal ||| its a football show ||| men are playing ball ||| scene from a soccer game ||| soccer game highlights are showcased ||| soccer player luis suarez s goal is being highlighted ||| soccer players run across a field and point in victory1 ||| superb goal shots of football matches ||| the player heads in the goal ||| there are different clips of a soccer game set to music ||| there is a professional soccer game
soccer,21,video6474,video6474.mp4,https://www.youtube.com/watch?v=7dCmTCxw1PE,20.37,31.13,3,a celebratory video during a soccer match ||| a crowd cheering as their team win a soccer game ||| a goal has just been scored ||| a group of fans are celebrating ||| a group of soccer fans celebrate ||| athletes and sports fans are celebrating a victory ||| fans and players celebrating at a soccer game ||| fans celebrate a goal in a soccer game ||| fans cheering at a sports event ||| players and the announcer celebrate a goal in a soccer game ||| footage of fans as a futbol game with commentator ||| it shows the enjoyment on scoring a goal in a football match ||| people are enjoying the victory celebration in ground ||| people celebrating after a goal in soccer ||| rejoicing team after the play ||| soccer players and fans celebrating a goal ||| soccer players are celebrating a goal ||| the audience watched the game ||| the crowd celebrates the goal ||| the crowd in a soccer/football stadium is cheering after a goal is scored
soccer,21,video2347,video2347.mp4,https://www.youtube.com/watch?v=2CEHGKsl7A0,46.39,56.67,3,a female soccer goalie being interviewed by the press ||| a female soccer player talks about dedication ||| a goal keeper interview to media ||| a goal keeper is giving an interview ||| a person is explaining something ||| a soccer goaltender discusses why she enjoys the sport ||| a woman is speaking into a microphone ||| a woman is talking about playing soccer into a microphone ||| a woman is talking about sport ||| a woman kicks a soccer ball ||| a woman player is talking to a reporter ||| a woman talks ||| soccer players being interviewed on the news ||| the news interviewing an athlete ||| us female goalkeeper is being interviewed ||| woman being interviewed ||| woman being interviewed ||| woman speaking into microphone ||| women giving interview ||| the news interviewing an athlete
soccer,21,video5503,video5503.mp4,https://www.youtube.com/watch?v=YaSFVeXVUes,137.75,149.2,3,a girl that s playing soccer claps her hands ||| a goal keeper is getting ready to defend a goal ||| a professional soccer game with some commentary ||| a soccer game is being played ||| a woman gets a penalty in soccer ||| a womens soccer game is shown ||| blonde soccer player stands at sideline clapping for her teammates ||| highlights of a soccer game ||| sports highlights are displayed ||| teams are playing soccer on the field ||| women s soccer team is playing a game against mexico ||| the women were playing soccer ||| the women s football match ||| there is a soccer game being played ||| this is a video from a soccer game ||| two woman soccer teams are playing a important game in the stadium ||| women play a soccer game ||| women playing in a soccer match ||| the women were playing soccer ||| a professional soccer game with some commentary
soccer,19,video5929,video5929.mp4,https://www.youtube.com/watch?v=1QvPruYu0CQ,181.81,193.45,3,a couple of soccer teams playing soccer ||| a football match ||| a person is explaining something ||| a professional soccer game is played ||| a replay of a soccer game to music ||| a soccer match video ||| a video of people playing soccer set to music ||| footage of a soccer game ||| football is playing by men ||| people are playing soccer ||| people are playing soccer ||| people are playing soccer ||| people playing soccer ||| soccer player score a goal ||| soccer teams playing on a field ||| this is a clip from a soccer game ||| a soccer match video ||| a video of people playing soccer set to music ||| a person is explaining something ||| footage of a soccer game
soccer,19,video7390,video7390.mp4,https://www.youtube.com/watch?v=5utb4p77bN8,154.47,166.78,3,a facebook icon is shown on the top corner ||| a man discusses long shots in a soccer video game ||| a man explains how to play a soccer game ||| a man is discussing playing a soccer video game ||| a man is giving running commentary of soccer ||| a man is playing a soccer video game ||| a man playing a soccer video game ||| a person describing how to play a soccer video game ||| a person is playing a video game ||| a person playing fifa soccer and showing how to score goals ||| a soccer game being played ||| gameplay footage of someone playing a game ||| it is about a football match ||| man giving tips on how to play a soccer video game ||| mana talking about ways to score in a football video game ||| people are playing soccer ||| players are playing in the football ground ||| someone playing a soccer game while giving commentary ||| the soccer game looks very realistic ||| a person playing fifa soccer and showing how to score goals
soccer,19,video1734,video1734.mp4,https://www.youtube.com/watch?v=R5I5g-_YKJ0,49.73,65.05,3,a football match is going on ||| a man scores a goal in soccer and celebrates ||| a player is putting a goal from long distance in a football game ||| a soccer game is being played ||| a soccer player celebrates a goal ||| amazing soccer plays caught on video ||| people are playing sports in the ground ||| people cheer after guy makes goal ||| people playing soccer and cheering ||| soccer highlights of a mens soccer game ||| soccer highlights play with a song playing in the background ||| soccer players celebrating wins ||| sports highlights are displayed ||| teams are playing soccer on the field ||| the crowd cheers as soccer players work hard to gain control of the ball ||| the crows cheers as the player makes a goal ||| the football player are made a goal ||| various clips of a soccer game showing excellent ball handing skills ||| the football player are made a goal ||| a player is putting a goal from long distance in a football game
soccer,19,video2586,video2586.mp4,https://www.youtube.com/watch?v=8kwpxthBF6g,6.42,21.94,3,a group of soccer fans cheer while watching a game ||| a large crowd watches a soccer match ||| a man is speaking to a reporter ||| a man kicks a soccer ball ||| a video from a soccer match ||| children playing soccer and celebrating making a goal ||| fans cheer for a soccer game ||| goals are missing two times in a football match ||| in a food ball game a man put a goal ||| japan scores in women s soccer match ||| japan versus the netherlands playing soccer out on the soccerfield ||| japan vs usa soccer match ||| people are playing soccer ||| people are watching a soccer game ||| people are watching a sports game ||| scene from a soccer match ||| soccer match with japan ||| two soccer teams are playing in a large stadium with many people watching ||| two teams are playing soccer ||| woman are playing professional soccer
soccer,19,video9183,video9183.mp4,https://www.youtube.com/watch?v=Ij4LTqSQaVM,212.41,223.61,3,a man kicks the ball and dribbles past other soccerplayers ||| a poorly recorded soccer and volleyball-like game is shown where groups of people are kicking balls ||| a professional soccer game set to pop music ||| a soccer game then there was a volleyball game with a pink ball on the white sand with a white new with a couple players ||| a soccer player in white scores a goal ||| a sports montage to loud music ||| clips of different sports with music playing ||| people are playing different types of sports ||| people are playing football ||| people are playing soccer in a stadium and at a beach ||| people play soccer on a field and a sandy court ||| sports are being played ||| sports athletes are playing in professional matches ||| sports clips are set to electronic music ||| sports clips at least one was soccer ||| sports vine clips of soccer ||| this is a vine compilation ||| video shows various sports clips ||| videos are shown of different sport highlights ||| sports vine clips of soccer
soccer,19,video3160,video3160.mp4,https://www.youtube.com/watch?v=6fjmBo-kkWk,7.78,18.91,3,a clip from a football match ||| a clip showing a soccer game ||| a group of soccer players run on the field ||| a man is playing soccre ||| a man talking while others play soccer ||| a soccer goalie is dressed in all black ||| a soccer player walking from the sidelines where the coach is shown and replay footage ||| a soccer team is playing a game ||| a star of a professional soccer team is being shown ||| athletes perform at a soccer match ||| football match is going on in the ground ||| manchester united plays soccer ||| men are watching a soccer game ||| players on a field are playing soccer ||| scene from a soccer game ||| some of the soccer players are sitting on a bench ||| someine is making something from paper ||| team wearing red is playing soccer with team wearing white ||| tv video of a soccer game ||| a star of a professional soccer team is being shown
soccer,17,video7261,video7261.mp4,https://www.youtube.com/watch?v=y5WURCsVAxQ,93.94,119.33,3,a guy dressed in black is practising football and trying to make a goal ||| a thin man in black tries to kick balls into a soccer net a different man comes on and kicks another ball ||| men shoot soccer balls at a goal from distance and react to the results of their shots ||| a boy in black clothing and yellow sneakers is playing soccer in a field ||| a man plays soccer on a field and attempts to make several goals ||| man misses his first goal and scores second while other goals in first shot ||| a guy is kicking a soccer ball he made a goal ||| a guy is trying to shoot soccer balls in a goal ||| a young man wearing a black outfit with yellow sneakers kicks a yellow soccer ball toward a white-framed net on a green field by low buildings ||| some football players are kicking a football to the goal post ||| a man is practicing a foot ball in the ground ||| men are kicking soccer balls into a soccer net ||| three persons on a football field try their skills at shooting a long shot goal on the foot ball ground ||| boys in black track suits play soccer and try to make a goal ||| a soccer player is teased by teammates for missing the easy goal kick ||| a guy wearing black kicks soccer balls towards the goal ||| a football field with young men trying to place a goal ||| person in black shirt is scoring goal on training ||| a man in black fails to kick a soccer ball into a goal ||| a person with black dress playing football in the ground
soccer,17,video3540,video3540.mp4,https://www.youtube.com/watch?v=9D2BRZN7FN0,382.57,394.85,18,a football player is making a goal into the goal post ||| a soccer player kicks a goal ||| a soccer player makes an amazing goal ||| a soccer player scored a goal in a soccer game ||| a soccer player scores a goal ||| a soccer player scores a goal ||| footage of a soccer player scoring a goal ||| men are playing soccer ||| men are playing soccer in a professional match ||| men celebrating after soccer goal ||| music plays over a soccer game ||| number 10 scored a goal ||| people are playing soccer while music plays ||| people are playing soccer ||| soccer clip of a people scoring and their celebrations ||| sports highlights are displayed ||| the team celebrates a win ||| there are a group of men playing soccer and a goal was scored ||| men are playing soccer ||| men are playing soccer in a professional match
soccer,17,video2545,video2545.mp4,https://www.youtube.com/watch?v=-8QXU4M8Q68,315.03,327.88,3,a car flips in the air after a crash ||| a car is doing doughnuts ||| a man is playing soccer ||| a montage of sports highlights ||| a play from a soccer game is shown followed by a car with hydraulics ||| a soccer game is being played ||| a soccer player kicks a goal ||| a soccer player making a nice pass ||| a vine video of some sporting events ||| football players pass the ball to each other ||| people are playing soccer ||| people are playing sports ||| plays of different sports show with music in the background ||| soccer players playing soccer ||| soccer players score a goal ||| sports are being played ||| team playing soccer one player scores ||| video clips of soccer and low rider car ||| vine compilation of sport and automobile videos set to music ||| vine of a soccer clip and a clip of cars
soccer,17,video7125,video7125.mp4,https://www.youtube.com/watch?v=7837USykoVQ,61.61,78.09,3,a man making an amazing soccer goal ||| a man scores goals on a goalie in slow motion ||| a man talks about a really good soccer player ||| a newsanchor is voicing over multiple scenes such as sports players rubbing each other s heads a soccer field and teams playing soccer while speaking about a specific player ||| a soccer player celebrates with his team ||| a soccer player kicks the ball ||| a soccer player makes an impressive goal from down field ||| a sports cast of a soccer game ||| a sports commentator is discussing soccer matches ||| a video of a soccer goal celebration as well as a brief soccer clip ||| highlights from soccer matches ||| highlights of a men s soccer game ||| men celebrating soccer goals ||| people are playing soccer ||| people are playing soccer ||| people are playing soccer ||| some man s are playing football in a football ground ||| two teams are playing football ||| a soccer player kicks the ball ||| people are playing soccer
soccer,17,video5960,video5960.mp4,https://www.youtube.com/watch?v=nU7znKgnkW0,275.99,288.9,3,a clip of a soccer goal followed by a clip of a soldier coming home ||| a soccer player is scoring a goal ||| a soccer player kicks a ball high into the air which lands a goal then a soldier hugs a child ||| a soccer player makes a dunk ||| a soccer player scores a goal and a soldier comes home ||| a soccer player scores an incredible goal ||| a sports reel shows a soccer player kicking a ball ||| athletes are playing in profession sports ||| clips of various sporting events and a man reunites with his son ||| it is a vine compilation ||| people are playing soccer ||| people are playing sports ||| people are playing sports ||| players playing different games ||| showing best soccer goals in the tv ||| soccer players play on a field and then a little boy see his soldier father and runs to him ||| this is a clip about soccer goals ||| video of athletes performing amazing plays ||| vine videos of sports including soccer and basketball ||| people are playing sports
soccer,17,video5435,video5435.mp4,https://www.youtube.com/watch?v=un2AbrK62Zw,114.69,130.57,3,there is a man is doing some tricks with ball ||| there is a man is doing some tricks with football ||| there is a red tshirt guy is kicking a ball ||| two soccer players wearing red and black advertise their social media platforms ||| men demonstrate different soccer strategies like how to kick a soccer ball ||| different videos of men engaged in sundry activities like playing running etc ||| sportsmen are training then they ask for a youtube channel subscription ||| a man kicks a soccer ball into a goal and another balances one on his head ||| three rectangles with people in them under the words more videos ||| a videos are playing in the above screen ||| two men are running on the grass three images with text are shown ||| a title card asks the user to subscribe follow them on social media or view more videos ||| the people are on the grass and having training ||| boys playing football game inside ground practicing displaying on screen ||| a compilation of men playing sports from soccer to football on a facebook page ||| the ending of a sports related video allowing the user to connect via social media ||| a game channel advertising subscribe to our social media ||| learn how new soccer tricks from how-to videos with an amateur pro ||| a competion of flexibilty with multiple contesestants on multimedia ||| two men are working out on a football field showing their prowess
soccer,17,video302,video302.mp4,https://www.youtube.com/watch?v=sYzs02otPZc,220.9,248.8,3,a man in a black uniform and bright orange tennis shoes kicks a soccer ball into a goal ||| people practising volley ball game in the play ground ||| several men are kicking a soccer ball through a goalpost outdoors ||| several men in all black kick a soccer ball in to the goal ||| goals are being smashed into the net and finally the goalie is down to earth ||| a man hitting a ball and he fallen ||| a man is centered in front of a white soccer net on a green field while other men take turns kicking colorful balls toward him ||| soccer players taking practice shots into a goal with a goalie ||| men kick a soccer ball at a goal tender who has his back turned to them ||| a black dress man forcefully hits the ball in the ground ||| some football players practicing to goal on a green ground ||| a man is kicking a soccerball into a large net on a field of grass ||| players taking turns and hitting ball into goal post ||| a man is playing a football game on green land ||| a guy in all black shoots the soccer ball into the goal while another white guys does it and they all get it knocking down the goalie ||| a man kicks multiple soccer balls at a goalie ||| some player are trying to goal by colorful foot ball where a goal keeper is standing to save the goal ||| several people are kicking soccer balls at a person who is standing in front of the goal ||| man in black shirt is shooting the ball on training ||| some men practicing soccer trying to make goals
soccer,17,video8967,video8967.mp4,https://www.youtube.com/watch?v=39-bZQvoMAc,84.68,95.0,3,a goal in indoor soccer is scored ||| a group of men are playing indoor soccer ||| a guy scores a goal inside an indoor soccer arena ||| a man is kicking a soccer ball into the goal ||| a man is playing soccer ||| a man scores a goal ||| a player of a soccer team scores and is replayed ||| a short clip of an indoor soccer game ||| a soccer game is shown with the player making a goal ||| a soccer player kicks a goal ||| a soccer player shoots a goal during a soccer game ||| guys play indoor soccer ||| guys playing soccer inside ||| men playing indoor soccer ||| people are playing soccer ||| soccer players playing soccer and kicking ball into goal ||| video of people playing soccer ||| a soccer game is shown with the player making a goal ||| a soccer player shoots a goal during a soccer game ||| men playing indoor soccer
soccer,17,video8730,video8730.mp4,https://www.youtube.com/watch?v=UZA0reTq01Y,135.65,146.65,3,a coach gives some practice tips to a soccer team ||| a coach swears at players ||| a group of people cheer on a player s goal ||| a guy kicking a ball into a goal ||| a man is kicking a foot ball in a ground and put goal ||| a man is kicking a soccer ball into the goalpost ||| a man kicked a soccer ball ||| a man scoring in a soccer game ||| a man throwing a tantrum during a soccer game ||| a video is shown of soccer players messing around ||| guys play soccer and one guy gets mad ||| people are playing soccer ||| people outside playing soccer ||| people play soccer in a park ||| people playing soccer and laughing ||| players are playing soccer ||| soccer players taking turns kicking in the goal ||| a man scoring in a soccer game ||| a man throwing a tantrum during a soccer game ||| a man is kicking a foot ball in a ground and put goal
soccer,17,video1241,video1241.mp4,https://www.youtube.com/watch?v=bzqy_viVJss,23.57,36.62,3,a game of soccer is being played ||| a group of girls is playing soccer game ||| a replay of a penalty kick during a soccer match ||| a soccer player heads the ball in a video game ||| a soccer player rushes for the ball ||| a woman soccer game in fifa tv ||| a women s soccer game is being played ||| highlights from a soccer game ||| penalty shot in a soccer match ||| people are playing soccer ||| people are playing sports ||| soccer players on the field during a match ||| someone scores a goal in soccer ||| the game is being played up and down the field ||| two teams of women playing soccer on a field ||| two teams playing a game of soccer as the crowd cheers ||| women are playing soccer ||| women are playing soccer ||| women play an international soccer match ||| young women are playing soccer
soccer,17,video6632,video6632.mp4,https://www.youtube.com/watch?v=32ygQ6DoylY,31.69,52.13,3,a couple of soccer teams playing soccer ||| a football/soccer blooper video ||| a person is explaining something ||| a soccer player kicks the ball across the field ||| clips of different soccer games ||| in football goal was missed twice ||| men are playing soccer ||| people are playing a soccer game ||| people are playing soccer ||| people playing soccer ||| players are playing soccer ||| soccer goal misses are shown ||| soccer players missing easy kicks ||| soccer players playing soccer ||| the men are playing soccer ||| two teams play soccer ||| clips of different soccer games ||| soccer players missing easy kicks ||| people playing soccer ||| a football/soccer blooper video
soccer,16,video7247,video7247.mp4,https://www.youtube.com/watch?v=XbNHfZjXuVM,38.09,48.53,3,rugby being played with music playing in the background ||| a big brawl at a soccer match one of the plays runs away with the ball in his hand ||| people gathered in the stadium to watch some sports competition ||| there is a young man running with rugby ball ||| two rugby teams scrum then the team in blue steals the ball ||| two teams of rugby players are playing a rugby game ||| the through ball players play in the playground ||| a two team are playing a rugby game in the ground ||| several men are running aon a field and passing ball to one another ||| a group of men on two different teams are involved in a very intense rugby match ||| a huddle for the ball a quick dodge and a missed pass resulting in the opposite team player dashing for the post with the ball ||| an amazing display of superb ball handling passing and final run to the post by players in a football match on the ground ||| a soccer game with teams in yellow and teams in white as a man desperately tried to make a goal ||| men play an intense game of rugby against one another ||| men are playing a professional game of rugby together ||| men in blue jerseys and yellow jerseys play rugby as the crowd cheers in the background a man in blue gets the ball and runs ||| the players are running and fighting for the ball ||| a yellow and blue color dress players playing game inside stadium running and catching ball dashing audience watching displaying on screen ||| rugby players begin to form a scrum when the ball is passed to an opponent who runs the ball in ||| a football match between the two opponent team
soccer,16,video341,video341.mp4,https://www.youtube.com/watch?v=JFc7HlLL6hQ,74.86,88.5,3,a hockey player scores a goal ||| a man plays sports ||| a montage of sporting events is presented ||| a montage of video clips showcasing sports highlights ||| a person is playing a sport ||| a person shoots the puck through the goal ||| a swedish player scores a goal in icehockey ||| a variety of short sports videos ||| a video compilation of different sports ||| advertisement for football show subscription on face book ||| athletes are playing different sports ||| different types of players are playing ||| people are playing sports ||| players are playing hockey in the stadium ||| soccer players playing soccer ||| sport vine clips of soccer hockey and basketball ||| sports are being played ||| the goalie blew the save ||| these are clips of various sports highlights edited together with hip-hop music ||| video of athletes performing amazing plays
soccer,15,video9182,video9182.mp4,https://www.youtube.com/watch?v=waxQIFLo5Aw,220.15,233.41,10,in a stadium a man in a soccer jersey playing soccer without passing the ball ||| a soccer player in pink shorts manipulates the ball down a grassy field ||| a man is kicking a soccer ball down a soccer field ||| there is a man doing some tricks with a football ||| several computer generated soccer players kick around a soccer ball on a soccer field ||| a video game showing soccer players perform tricks and manuevers on the field ||| a male character in a football video game runs around the field and does ball tricks ||| a player trying out new movies in a soccer video game ||| men dressed in shorts and jerseys kick a ball across a field while music plays ||| some virtual soccer players in a video game perform movement tricks ||| one in red and one in blue are kicking a soccer ball ||| a soccer player in a blue jersey dribbles the ball ||| soccer players kick the ball in a soccer stadium in fifa ||| there are a couple of players kicking a soccer ball ||| a soccer player from barcelona kicks the ball to his teammate ||| a soccer player controls the soccer ball on the field ||| two boys one in pink dress while other in blue is playing football ||| man in red-blue shirt is showing his skills on the game ||| practicing foot ball requires good stamina and high physical and mental endurance ||| player playing video game and trying to get more points
soccer,15,video3410,video3410.mp4,https://www.youtube.com/watch?v=yq0hPdIOH7Y,108.99,126.71,3,the players wearing green and white t-shirts playing the ball in the grassland ||| two soccer teams pass and kick the ball down a grassy field ||| the two teams playing some game in the ground ||| a man in black running with a ball ||| a man in white tshirt is walking on the ground ||| there is a man is running with a ball ||| people are outside playing in a soccer game ||| in a groundmany players play hand ball match ||| in black uniforms coordinate when one player catches a football and throws it to a second player who then throws the ball to a third player who runs with the ball over the green field ||| a black dress players and green dress players were playing foot ball ||| soccer teams are playing soccer with crowds watching ||| players passing ball and running to score a point in a ruby match ||| on a soccer field a team of black players vs green players are playing a game of soccer ||| rugby players play a game of rugby against one another ||| man in blue shorts is having a training on the grass ||| a yellow and blue color dress players playing game inside stadium running and catching ball dashing audience watching displaying on screen ||| there is a rugby team in black at the beginning then it shows the same game from a different camera angle ||| a foot-ball match is being played and the players are very energetic in the field ||| enthusiastic male soccer players in green uniforms battle for the ball ||| what not to do in a soccer game
soccer,14,video5589,video5589.mp4,https://www.youtube.com/watch?v=vsrxsWAF3Nk,161.29,172.85,3,two rugby teams play and the team in the red uniform carries the ball down the ball toward the goal ||| two rugby teams tackle one another kick and catch the ball on a grassy field ||| two soccer teams playing soccer on a large green soccer field with a sportscastor describing the game ||| a team wearing red playing football against guys wearing green ||| a sports game where the red team is performing really well one player has ran an exceptionally long distance ||| in the stadium the people are engaged in a variet item the stadium inside is green colour ||| a team of rugby players in red shirts and white shorts coordinates passing the white ball between four running teammates ||| the two teams dressed red and green are rushed in their goal ||| two rugby teams play a match in a large stadium in front of a big crowd ||| a bunch of men are running across the field playing rugby ||| a team of red shirt rugby players compete against a team of green shirt players ||| two teams one in red color t-shirt and other in green t shirt are playing basket ball ||| a rugby game is showing with a man in red running the field with the ball ||| rugby players wearing red shirts pass a ball and the opposing team is wearing green shirts ||| group of players in red shirts are celebrating the point ||| the players in red are running fast to score point ||| superb scoring by the red tea shirt party aims the goal pos very speedily ||| a group of young men play a tough game of rugby ||| a man catches and runs with a ball as men play soccer on a field in a stadium in red or green uniforms ||| commentator has english accent for rugby game played back in 1999
soccer,14,video6103,video6103.mp4,https://www.youtube.com/watch?v=_5wCIUpe7Z8,244.51,255.48,3,a highlight reel of scores during sporting events is rolling ||| a hockey player scores a goal ||| a hockey player scores a goal ||| a man is running on a soccer field ||| a soccer player is running ||| interesting sports moments are displaying ||| people are playing sports ||| people are playing sports ||| plays of different sports show with music in the background ||| professional athletes celebrating victories ||| several athletes making amazing moves in their respective games ||| several different songs are played while showing sports highlights ||| some clips of sports shown here ||| sports are being played ||| team are playing hockey ||| the baseballer climbs the outfiled wall to make a spectacular catch ||| there are various clips of sports and athletes ||| video of athletes performing amazing plays ||| a man is running on a soccer field ||| people are playing sports
soccer,14,video3396,video3396.mp4,https://www.youtube.com/watch?v=YRJGcLvfmss,622.01,650.09,3,two teams playing rugby game and people watching the same ||| all persons are playing a ruby game in a ground ||| a man in black jersey running with a ball ||| a rugby play is shown where a man is tackled to the ground ||| a sports announcer explains plays and official calls made during a rugby game ||| the stout player moves with ball and is beaten by the opponents in the rugby ||| more players are playing ball ||| the rugby match clashes between the men players are seen ||| a rugby player continues to score a try even though two opponents attempt to take him down ||| a soccer player in a white uniform runs toward a player in a black uniform falls to his knees ||| two australian rules football teams competing on the field against each other ||| its championship trophy where the players who win game get trophy ||| a replay from a men s rugby match on tv ||| a male voice over describes a soccer game between england and new zealand as it is being played ||| two teams playing rugby on a green ground with one wearing white and other wearing black jersey ||| a couple of teams playing a game of soccer on a lush green field ||| the player in white is falling on the grass to catch the ball ||| a sports announcer describes a play in which a player struggles to pull an opponent toward the goal line and succeeds ||| a group of young men play an exciting game of rugby ||| two teams are playing rugby a man runs the ball and just makes it across the line with other trying to take him down
tennis,23,video787,video787.mp4,https://www.youtube.com/watch?v=SvSs-otsIaM,52.45,64.21,3,a person is playing a badminton game ||| there is a man playing with a badminton ||| two men are playing bat mintin in a gym ||| tennis played by a player ||| tennis players playing tennise ||| a shuttle player in practice and also explains about his career ||| a man is talking about wanting to achieve more in his badminton career ||| a professional badmitton player hitting the object over a net ||| a man hits the ball in the tennis match and talking something ||| a player talking about his game play to someone ||| an indian man hits a tennis ball in shorts and blue tee-shirt ||| a guy plays badminton and talks about playing the game ||| a guy serves a birdie up in a game of badminton and talks ||| handsome man is having a training in the gym ||| a young man in a gym swinging a racket and hitting a tennis ball ||| badminton shuttle practicing in the indoor stadium the long shots preparing for smashing ||| a man in a purple shirt is playing tennis and talking about it ||| man in a blue shirt playing an indoor game of tennis ||| a man in a blue shirt and white shorts is playing sports ||| a guy with a shirt is hitting a badminton birdie
tennis,21,video4273,video4273.mp4,https://www.youtube.com/watch?v=XYfLbkEy3ZE,333.98,345.66,3,two people with blue shirts are practising game of tennis ||| a blue jacket man hitting a tennis ball hard ||| there is a tennis player hitting hard on the ball ||| there is someone smashing tennis ball in a indoor court ||| two players are playing long tennis one plyer hits the ball with his racket ||| a man in a blue shirt and white pants lunges for the ball during a tennis match ||| a guy with blue shirt is running trying to hit the ball with his racket ||| two men play tennis on a green court in slow motion ||| man practicing tennis with his trainer in indoor stadium ||| slow motion video of a man in a blue jacket playing tennis ||| a sport highlight video shows two men demonstrating a tennis shot ||| a man plays tennis on a tennis court against another man ||| a boy with blue shirt and sandal pant plays badminton under the bright light ||| a tennis court is being played on by people ||| man running in slow motion to hit a tennis ball ||| a player try to hit the ball out of stadium ||| guy in blue t shirt and grey track pant is playing tennis ||| a slow motion replay of a tennis match is being played ||| a man hits a tennis ball on a lit up court at night in slow motion ||| the man in the blue hoodie swings at the tennis ball as it comes toward him
tennis,21,video6979,video6979.mp4,https://www.youtube.com/watch?v=_taSyMYPX3o,426.01,445.93,3,a woman wearing black shorts and a red t-shirt is playing tennis ||| there is a woman in red is playing tennis ||| there is a woman in red is playing tennis ||| a young girl dressed in pink and black plays tennis ||| a female tennis player is shown in the middle of a play where neither her nor her opponent lose ||| a woman in a pink top and black shorts plays tennis with an unseen opponent as classical music plays ||| a woman with large breasts is playing tennis with another person and volleying the ball ||| girl running and playing tennis at a high level ||| a lady in red and black dress playing tennis hitting ball running then wins the set ||| a lady in red tshirt and black underwear playing tennis on the court ||| a tennis player hits her shots from behind a white baseline in a form-fitting outfit of pink and black ||| a women tennis player returns the ball in fashion on either side of the court very comfortably ||| the two women s are playing the shuttle game very actively ||| a person in red hits the tennis ball to the other side ||| a girl wearing black shorts hits a tennis ball with a tennis racket ||| girl with red shirt and black shorts playing tennis she does not miss ||| a woman on a tennis court in a pink shirt and black shorts strafes and swings at oncoming tennis balls ||| a woman playing tennis while classical music plays in the background ||| a woman wearing a red shirt and black shorts plays tennis while classical music plays ||| a women is playing table tennis match and she is very excited and thrilled to receive the match
tennis,21,video5939,video5939.mp4,https://www.youtube.com/watch?v=X0LNJEqobJQ,57.53,71.49,3,two young men playing table tennis while audience watching them ||| trick shots seem to make up the entirety of this ping pong match ||| a red jersey man is playing table tennis in a court ||| two professional athletes play table tennis at a high level ||| two players are playing the table tennis and the game is replayed ||| the men s table tennis match rally is going on between players ||| a slow motion replay of an exciting point between two table tennis players ||| a ping pong ball is served in a strange way but backfires for the server ||| a two men are playing a table tennis game ||| a two men are playing a table tennis game ||| two men play a ping pong match in a stadium in front of a large crowd ||| two men play a ping pong match in a stadium ||| a table tennis player in black serves under arm but is scored on by opponent in purple ||| two asian men play table tennis in a tournament ||| two men play a game of table tennis against one another ||| professional ping pong match between two men while a reporter talks about the game ||| two men are playing table tennis in in the gym ||| a pair of young asian men play a game of ping pong ||| a table tennis match with one competitor starting the match with a trick shot ||| ping pong players in red and blue tshirt playing against each other
tennis,21,video8104,video8104.mp4,https://www.youtube.com/watch?v=wQ5zTH69dv0,261.11,271.55,3,there is a yellow jersey man playing badminton with balance ||| two men is hitting a ball back and forth in a game ||| two men are playing badminton in a competition while a commentator talks over what is happening ||| an exciting tennis match is being played in a very populated arena with a commentator speaking in the background ||| two men playing tennis in a stadium while a man talks and music plays ||| two men hitting a ball back and forth across a net ||| a professional tennis match the players are hitting the ball very high in the air the ball does not touch the ground ||| two man play bad-mitten indoors while a crowd cheers ||| two men are hitting an object back and forth over a net ||| two people are hitting a shuttle cock back and forth over a net there is an audience watching the two people ||| a black screen with blue dots on the bottom the blue dots move in a regular pattern from left to right ||| two men playing bad mitten and another man broadcasting it ||| a couple of guys having a tennis match in front of a medium sized crowd ||| a tennis player plays against his opponent in an outdoor arena ||| a volleyball player serves the ball over the net ||| two men dressed in shorts play a badminton match against each other ||| tennis players playing in slow motion and voice over talks about the match ||| a couple of people are playing a game of badminton ||| a couple of players are on a badminton court ||| some people are playing tennis outside on a court
tennis,21,video5845,video5845.mp4,https://www.youtube.com/watch?v=y_8y1dAEkNE,421.67,434.82,3,there are two males playing a singles tennis match against each other ||| two men compete in a game of tennis by volleying balls across a net on a court ||| a red tshirt man is playing tennis with a man ||| it was match where the two players tennis and all the peoples are cheering them up ||| a man in orange serves a tennis ball on an all blue court ||| man serves the ball in men s singles of tennis ||| a man is hitting a ball in the bat ||| footage of a tennis match between two men with no narration ||| the men play tennis on a blue court as the audience watches ||| a tennis match between mexico and someone else and then one of the teams loses ||| two male tennis players competing against each other on a blue court ||| a singles tennis match in mexico between 2 men ||| a two men are playing a table tennis game ||| two men playing tennis on a blue court one man is from mexico ||| a man in an orange shirt is serving a tennis ball to the player on the other side of the net ||| a game of badminton is played between two men ||| professional tennis players in orange shirts stand on a blue layout ||| presentation of some great shots in a tennis match on hard surface ||| tennis player in red and orange shirt playing against each other in a match ||| some people on a blue court are playing tennis
tennis,21,video522,video522.mp4,https://www.youtube.com/watch?v=XYfLbkEy3ZE,135.85,149.16,3,a young man playing tennis with a person ||| two people are playing tennis together in a competitive manner ||| two men were playing tennis on the stadium ||| kid in slow motion hitting a tennis ball and hitting it again over the net ||| two men playing tennis in slow motion ||| a two men are playing a tennis game ||| a man in a blue sweater and man in a brown sweater play in door tennis ||| two men are playing indoor tennis when one them make a mistake ||| a man hitting a tennis ball with the wrong end of the racket ||| two men play tennis in a dome in slow motion ||| two men are playing tennis at a court in the evening ||| slow motion video captured of man tipping tennis ball ||| a tennis player who is in blue shirt hit a tennis ball reliable approach shot to his opposite player but he couldn t catch take it ||| a man in blue hits a ball to a man in red who hits it back with the end of the handle of a tennis racket ||| two players are playing table tennis in the indoor stadium ||| slow motion video of tennis play between two men ||| a player hit the ball coming from opponent in a tennis match ||| a man in a red sweater plays tennis with a friend ||| two people are playing an intense game of tennis ||| two men are playing tennis on a court at night
tennis,21,video4918,video4918.mp4,https://www.youtube.com/watch?v=wwY2fxlYZDg,28.13,44.21,3,a man makes an incredible save during a tennis game ||| the two players play tennis in the tennis court ||| two tennis players hit a tennis ball back and forth between each other ||| a heated tennis match is being narrated from a replay ||| two men hitting a ball with a racket in slow motion ||| in the cort the shuttle single players are played in very well ||| one in a green shirt and one in a white shirt play an exciting game of badminton ||| a badminton court scene where two male players play singals match ||| scene from a tennis match where two male player fight with each other ||| two people are hitting a yellow ball back and forth over a net using tennis raquets ||| two men play a highly competitive badmitton match in a stadium ||| slow motion game of tennis game then players trying to hit ball ||| a bad-mitten player in yellow spikes the birdie and opponent makes a diving save on indoor court ||| a couple of men playing a game of tennis in front of a crowd ||| backgammon players hit a ball over a net to each other ||| a yellow and white color dress players playing game inside stadium batmanton game audience watching clapping hands displaying on screen ||| a yellow and white color dress players playing game inside stadium batmanton game audience watching clapping hands displaying on screen ||| beautiful techniques of placing in men single tournament the white t shirt man takes all balls placed ||| two people are diving across a court to hit a badminton ||| two men are playing professional tennis game challenge
tennis,21,video6867,video6867.mp4,https://www.youtube.com/watch?v=_taSyMYPX3o,40.69,55.07,3,a long blonde hair girl is on a tennis court in one shot she pulls up her skirt and shows her panties ||| a blonde tennis player pulls her skirt up in an intermission ||| there is a woman in white is showing ass ||| there is a woman with brown hair showing her ass ||| female tennis players wander around the court preparing for the next round ||| a girl with white jersey and another one with blue jersey are playing tennis ||| two women are playing tennis and then one woman lifts her skirt to show off a very nice butt ||| the women in the the short skirts play tennis as the people watch ||| two women are prepared to play a game of tennis on the court outdoors ||| sharapova takes ball and her red panty is visible on the camera ||| sharapova pics the ball from her skirt and she in blue sleeveless starts to serve ||| blonde girl in tennis outfit lifts up her skirt showing orange underwear ||| the shuttle player in blue t - shirt is rounding the court ||| professional athletes are playing tennis in different matches ||| blonde woman is walking and playing tennis match ||| lady in a white dress being caught by the camera wearing red panties ||| the tennis ball is taken from the low skirt and the tension mounts with the opponent ||| a girl with long blond hair playing tennis and taking a ball out of her shorts ||| an attractive tennis player with blond hair taking a tennis ball from her backside showing the undergarments ||| a female tennis player with long blond hair showed every one her red undies
tennis,19,video1388,video1388.mp4,https://www.youtube.com/watch?v=Youn_lyV-RM,223.53,235.49,3,a young man talking about his play ||| there is a man playing with a table tennis bat ||| slowed footage of a focused ping pong player is shown ||| a man is prepared to serve a ping pong ball in a match the video is in slow motion ||| a table tennis player hits the ball lifts his hand and shows excitment ||| a man raises his hands in the air after hitting a tennis ball over a net ||| a ping pong ball flies over the net in slow motion as the player celebrates his winning shot ||| a slow motion ping pong commercial is played with someone winning ||| man hits a ping pong ball and puts his hands in the air to celebrate ||| a man is playing a table tennis game ||| a man hits a ping pong ball in a table tennis tournament and celebrates his score ||| a table tennis player rejoices at an indoor stadium where he successfully hits a perfect spin shot ||| a man in a colored t shirt talks to a camera crew ||| person in black shirt is celebrating the point and the win ||| a black and red color dress wearing boy playing table tennis game audience watching speaking how to play displaying on screen ||| a man in black shirt playing tennis and he won the match ||| a table tennis player with black shirt explains about his fantastic short ||| a table tennis match where a german is getting victorious ||| two players are playing tennis with red and black colour dress ||| slow motion of a table tennis tournament
tennis,19,video5863,video5863.mp4,https://www.youtube.com/watch?v=Wv_uJYbPRYM,76.93,88.25,3,there is a tennis player broken his bat emotionally ||| there is a tennis player hitting his bat on a seat ||| an audience watches a man in a blue shirt and black shorts who had been playing tennis sit down in a chair ||| an angry tennis player hits the chair with his raquet and sits down ||| the tennis player bangs the bat against the kit bag in frustration ||| during a tennis match when a young tennis player hits his racket at the players bench and items fly up at his face before he takes a seat ||| tennis player is having a rage fit and smashes the racket into a bench ||| a man angrily smashes his tennis racket against an object ||| a player in blue t shirt is hitting his chair with his racket on an us open match ||| a tennis player slams his tennis racket against a bench in frustration ||| play ground after playing player takes rest and wipes his sweat ||| a large audience looks on as a tennis player sits down for a break from match ||| a man is swinging a tennis racket in frustration ||| a man in a blue shirt sitting down in front of a very large crowd ||| a badminton player angrily hit his rackets on as he sat down ||| a blue color dress wearing cloth man holding tennis bat sitting on chair audience watching displaying on screen ||| tennis player gets angry and smashes raquet against bench ||| a tennis player smashes his racket on a bench before sitting down ||| a man in a purple shirt hits his tennis racket against a bench and then sits on the bench ||| an audience is watching a man in a chair
tennis,19,video4474,video4474.mp4,https://www.youtube.com/watch?v=YQNLyJ8SApk,177.49,196.61,3,two men compete in a game of table tennis by vigorously volleying the ping pong ball over the net ||| a red tshirt guy is playing table tennis ||| a man in black is playing ping pong with a man in red ||| two table tennis players one wearing black play an intense game of ping pong while onlookers watch ||| a crowd cheers a professional ping pong-match the player in black wins a very long volley after his opponent in red overshoots with a shot ||| table tennis players are playing tennis ||| table tennise player with black and red shirt are playing ||| fans cheer in the stands two men play ping pong in a competition ||| tamble tennis match the play was very fast and the player in black won ||| two players at a ping pong contest with people cheering after one of them wins ||| a gray ping-pong table is supported by a curved base where a player wearing black-and-white serves the ball and then wins the point ||| a red dress player and black dress player playing match ||| two men are playing table tennis in front of an enthusiastic crowd ||| a game of table tennis is being played between two men ||| a couple of men having a ping pong match in front of a large crowd ||| two men play a game of table tennis against one another while music plays ||| two boys on wearing red t-shirt and other black are playing table tennis ||| a very competitive ping pong game is being played ||| crowd cheering the two skilled ping-pong players ||| two players are playing ping pong and celebrating the point
tennis,17,video2379,video2379.mp4,https://www.youtube.com/watch?v=wRdBrwEDq-U,17.01,40.21,3,two people playing table tennis game in front of the audience ||| a heated table tennis match is underway containing multiple additional plays ||| a man in red shirt is playing table tennis with his friend ||| two men are playing against each other in an intense game of professional table tennis ||| in the cort the table tennis players are played in very well the colour of the back ground is blue ||| two men play a ping pong ball match while a male voice does commentary ||| two people playing table tennis and someone was talking about the game ||| one in blue and one in red play ping pong ||| two men are hitting a small white ball back and forth over a small table using paddles ||| two people are standing across at long table and throwing a small ball between them with paddles ||| two professional table tennis players superbly competing against each other in a match at an indoor stadium ||| two men are competing in a ping-pong match on a blue court ||| a man in a blue shirt and a man in a red shirt are playing a competitive game of table tennis ||| a red and blue color dress players playing game table tennis inside a stadium audience watching displaying on screen ||| men in red and blue shirts playing a professional game of ping pong ||| a pair of young men play a challenging game of ping pong ||| a pair of young people play a challenging game of ping pong ||| a man in a blue shirt and a man in red shirt playing tennis on a table ||| two men playing in a table tennis tournament on a small table ||| two men playing table tennis competitively on a blue table
tennis,17,video4769,video4769.mp4,https://www.youtube.com/watch?v=TdEBIXpeDHQ,65.81,87.69,3,the men wearing the black shorts hits the ball over the net with a paddle ||| the men wearing the shorts hit the ball over net with a paddle ||| two tennis players from china are playing an a proffesional ping pong match the commentator is american ||| tow table tennis players are playing table tennis ||| a person in a purple shirt is playing ping pong against a person in a red shirt ||| a two persons are playing table tennis in the playing court ||| in a tv sports channel table tennis match is being shown the match is between red shirt player vs ||| two men play a very competitive match of professional ping pong ||| two ping pong players are hitting the ball back and forth ||| two players playing table tennis ||| an amazing rally of deft moves and superb hitting by the players in a table tennis match in an indoor stadium ||| a man in a red shirt and a man in a blue shirt play ping pong competitively ||| a game of table tennis is being played between two men ||| two men playing a ping pong match while a crowd is cheering them on ||| table tennis players hit a ball back and forth on a blue tennis table ||| two players are playing table tennis match ||| two men playing ping-pong professionally one wearing black the other wearing red the player in the black steps very far back from the table ||| two people are playing intense professional table tennis together ||| some people are playing badminton on a red court ||| some people are playing ping pong on a court
tennis,17,video367,video367.mp4,https://www.youtube.com/watch?v=sqwWFyGK1GE,103.61,116.05,3,a person wearing yellow and a person wearing blue are playing badminton ||| a man in blue and the man in yellow compete in a tennis tournament ||| tennis player celebrating her victory in front of the audience ||| a woman in a pink outfit is celebrating a victory in tennis ||| a female tennis player dressed in pink raises her arms in celebration right before two males one in yellow and one in blue ||| the woman badminton player is raising her hands while the men s singles match is going on ||| a female badminton player in a magenta dress raises her arms overhead and turns to different sides of the court to acknowledge the crowd ||| a ladies badminton player is seen acknowledging the crowd during a win while another men singles match also is seen in progress in an indoor stadium ||| a woman in dark pink tennis skirt and top celebrates a win ||| a tennis player in maroon dress holds arms up in celebration during match ||| people compete in a badminton match against one another and music plays ||| pro tennis players face ||| woman is celebrating the point on badminton match ||| in the beginning of the video a girl in pink appears to be winning a tennis match then ||| a yellow and blue color dress players playing game inside stadium batmanton game audience watching clapping hands displaying on screen ||| different scenes of shuttle badminton women single tournament very fast smash bot taken by the opponenet ||| a man in a blue shirt scores against a man in a yellow shirt in a game played on a mini tennis court ||| a men s single tennis match is being shown and it is in the auditorium ||| men s single table tennis is being played and the people are watching very curiously ||| some people are playing badminton on a court
tennis,17,video8706,video8706.mp4,https://www.youtube.com/watch?v=xwCFtMOPW_c,180.85,195.01,3,two females playing table tennis game in the stadiuum ||| two females playing tennis game in the tennis court ||| there is a woman playing badminton in a court ||| two people playing an indoors singles tennis match ||| two girls were playing the tennis match in stadium ||| the play ground in the teams play and watch fans vedio ||| a two girls are playing shuttle cock game ||| women s single tennis match video showing a small part of the match ||| two people playing tennis at a tennis competition ||| two women play badminton on a green court with a purple border ||| two women play a hotly contested badmitton game in a stadium ||| two women playing playing shuttle cock game ||| two women playing tennis in on an indoor tennis court ||| two people play a game of badminton against one another ||| two women tennis players in an intense match ||| group of people are standing while two women play badminton ||| a red and blue color dress players playing game batmanton inside a stadium audience watching displaying on screen ||| a pair of athletes play a challenging game of tennis ||| two women are playing badminton match in an indoor stadium ||| some people are playing tennis outside on a court
tennis,17,video5368,video5368.mp4,https://www.youtube.com/watch?v=YH6zJpW4yfo,50.33,66.49,3,there are two ladies playing foot ball and one missed the ball ||| there is a woman in violet dressing playing badminton ||| two women are playing a terrific rally of shuttle badminton ||| two players are playing tennis ||| two tennins players are competing in a tennis match one player makes an unbelievable play ||| wearing purple plays against a woman wearing blue and black during a rally where both players end up at the net ||| two tennis players are hitting the ball back and forth then one of them scores on the other ||| two people playing an intense game of tennis ||| two women playing playing a shuttle cock game ||| two women are playing against each other in a game of badminton ||| two women play tennis on an inside tennis court ||| a couple of people playing a game of tennis at night on a tennis court ||| people play an exciting game of badminton against one another as music plays in the background ||| breathtaking mini-tennis match between two ladies ||| two players are playing badminton on the court ||| two women are playing badminton in the gym ||| two woman playing professional tennis match ||| two women playing in an intense tennis match ||| a couple guys are competing in the badminton sport ||| some people are playing badminton on a court
tennis,17,video2860,video2860.mp4,https://www.youtube.com/watch?v=W4oIrtzDIcQ,7.62,33.18,3,two players wearing black and white dress playing the tennis well in the tennis court ||| a man playing tennis outside trades volleys with a competitor ||| two men compete in a game of tennis by volleying balls across a net on a court ||| two people are on a tennis court playing a round of tennis ||| two men play a game of tennis on a partly cloudy day ||| two men are training in a tennis match it is in the broad daylight ||| two players are playing tennis the man is using both hands to hit the tennis ball ||| the view pro tennis star alex slabinsky sees as he plays for a training video ||| two men training in the game of tennis on a clear sunny day ||| atp pro tennis player alex slabinsky is hitting back and forth with another player on a tennis court ||| guy in cap hitting ball hard on a tennis court ||| an outdoors tennis field with 2 men playing tennis viewed from the back of one of the men ||| two people are playing tennis in a court on a cloudy afternoon ||| a man trains for tennis returning volleys powerfully from the back of the court ||| two men training in tennis together while playing it ||| two men are playing tennis on a sunny day ||| two men hit a tennis ball back and forth vigorously in an attempt to score a point ||| the two players are volleying back and forth on an out door tennis court ||| two men are playing tennis on a out door court one in white one in black ||| some people are playing tennis outside on a court
tennis,17,video5832,video5832.mp4,https://www.youtube.com/watch?v=Youn_lyV-RM,40.77,60.97,3,a man ina brown and green shirt describes the body type needed to professionally play table tennis ||| a jersey man is playing table tennis in a court ||| a man discusses the advantages of having long arms during table tennis ||| a man in a striped green shirt talks about the benefits and disadvantages of having long arms during a table tennis match ||| a tennis player is talking about his experience during the game ||| in the athens olympics a sportsman is describing the advantages of a long arm reach in the ping pong battle between all countries in the olympics ||| the table tennis player talks about the advantage of having long having long forehands for playing table tennis ||| a man is slowly playing table tennis ball ||| table tennis is slowly on the ball ||| two players are playing tennis on the ground ||| a twentysomething ping pong player talks about how long arms can be both a benefit and a hindrance in ping pong ||| a slow motion replay of two table tennis players competing against each other ||| a table tennis professional explains how having long arms can help a medium height player do well on the table tennis court ||| a ping pong player discusses how having long arms helps when playing ping pong while clips are shown of ping pong players with long arms ||| a player is explaining how to keep your body fit to play table tennis ||| a man wearing colorful t-shirt is describing how to play table tennis ||| man in blue shirt is catching the ball and winning point ||| a red and blue dress color wearing t shirt players playing table tennis game and explayning how to position bat speaking displaying on screen ||| a man talks about the advantages of long arms in ping pong ||| ping pong player explaining about some tricks to win matches
tennis,17,video8699,video8699.mp4,https://www.youtube.com/watch?v=UUtI2drxxKs,199.05,213.85,3,a man in a british accent talking while a tenis match is being shown ||| people are gathered in the stadium to watch tennis match ||| women s singles semi final and men s doubles game of badminton are progressing ||| the man in shorts hit the birdie over the net on the court ||| a man has reflected the tennis ball back very well in a professional tennis match ||| in the cort the table tennis players are played in very well the colour of the back ground is red ||| two female tennis players performing a match on the court ||| in a tv sports channel a badminton singles semifinal is shown and then doubles match is also shown ||| two dress players and two blue dress players were playing tennis ||| a two men are playing a table tennis game semi final ||| two players wearing red play a game of badminton against two players wearing blue ||| team tennis is played by four males on an inside court ||| women playing professional badminton while commentator states semifinal women s single ||| two players are playing badminton match in the gym ||| woman singles tennis match won on a wide shot ||| two teams of young people play a game of badmitton ||| the players are wearing different uniforms and playing tennis and they enjoy the game ||| a group of people play a rough game of badminton ||| women s single table tennis match is being played this is the semi final match ||| badminton players playing against each other in a match
tennis,17,video6583,video6583.mp4,https://www.youtube.com/watch?v=XdrzfRnA8FI,22.49,48.53,3,a doubles game of tennis is being played during a competition ||| there is mixed table tennis competition going on ||| four asian people in red uniforms play badminton in a tournament ||| two pairs of men are playing tennis on a wide green court ||| indoor tennis match is displayed with a particularly furious set on exhibition ||| a very competitive professional doubles tennis match is occurring in front of a huge audience ||| shuttle game of mixed singles the team in red lost the game ||| two teams of tennis players are playing a tennis ||| two people wearing red shirts are playing tennis against two people wearing pink shirts ||| two teams of two players are playing a badmitten game ||| two doubles teams play a point in a badminton match ||| a tennis match between two pairs and the tea on the back wins ||| tennis players go back and forth on the tennis courts ||| different badminton players compete against one another in a match ||| four badminton players are playing a match in the gym ||| a professional badminton match is being played 2 on 2 both teams are in red ||| professional badminton players compete against each other in an arena ||| ping pong players in red and white tshirt playing against each other ||| appears to be a indoor tennis tournament in japan or china ||| there are two teams of two badminton players both in red uniforms playing in a match
tennis,17,video7190,video7190.mp4,https://www.youtube.com/watch?v=XVClORjb4io,325.71,336.63,3,two persons are playing table tennis game ||| table tennis game is going to start and the player are walking in the court ||| table tennis players are playing tennis ||| the basket ball player is playing in very well in the cort ||| the table tennis match of single s men is going on ||| a seems to be walking around the ping pong table ready to battle ||| two atletic men are inside a court playing ping pong for 2015 world championships ||| a man walks in front of a ping pong table while commentators speak about the match ||| two men get ready to play in a big ping pong match ||| two table tennis player playing a very serious game without giving any chance to each other ||| two people compete in a ping pong match ||| a sports announcer talks about a point in a championship table tennis match ||| two guys wearing shorts prepare to play a table tennis match ||| two men in shorts are walking around a room with a ping pong table the ping pong table is purple ||| man in blue shirt is playing match with someone ||| ping pong players of the 2015 world championships after walking around the court ||| two athletes take a break from a table tennis match ||| two sports players are pacing on the floor where they are to compete ||| seems to be a ping pong tournament ||| some people are playing ping pong on a court
tennis,17,video6156,video6156.mp4,https://www.youtube.com/watch?v=Vc5mMQ0kGVU,80.83,94.81,3,there are some tennis players practicing in a court ||| two teams are playing doubles tennis one side has blue shirts and one has red ||| men s double of tennis is taking place in the court ||| two men in blue face off against two men in red in a doubles tennis match ||| the men wearing shorts and hats hit the ball over the net ||| the men s doubles tennis match rally is going on while the audience is enjoying it ||| a team in blue and red playing while peoples watching it ||| a small group watches from tiered benches a men s-doubles tennis match played on a green court enclosed in a black chain-link fence ||| two guys in red shirts play doubles tennis against two men in red shirts ||| a two on two match has team in blue scoring an easy point against opposing red team ||| there are several men playing tennis while a crowd watches ||| active play during a doubles tennis match between men ||| two teams having two player each one is red t-shirt and other in blue are playing lawn tennis ||| a blue and red color dress wearing clothes playing game table tennis audience watching clapping hands displaying on screen ||| four people play tennis there is a team wearing red shirts and the other wearing blue shirts ||| tennis match between two guys wearing green shirts and two wearing red shirts ||| two players wearing blue shirt playing tennis with two players wearing pink shirt ||| men s doubble tennis match is being conducted and the match is going smoothly and the audience were thrilled to watch the ||| a doubles tennis match where one team wears blue shirts and the other team wears red shirts ||| players hit the balls coming from opponents in a tennis match
tennis,17,video1545,video1545.mp4,https://www.youtube.com/watch?v=xF2fHrslLf4,13.05,37.65,3,two doubles teams play badminton by volleying the birdie across a net ||| a men s tennis game one team is wearing yellow and the other is wearing blue and red ||| there is a yellow jersey team playing badminton in a green court ||| a badminton doubles match is being played on a green court surrounded by a blue floor ||| mixed doubles of shuttle badminton is going on ||| an epic battle between tennis players they are running ||| two teams of tennis player are playing a tennis game ||| two teams of two face off in a high level tennis match ||| a doubles shuttle match is played between two teams with referre beside ||| doubles team plays tennis one team yellow the other blue and red ||| tennis players swing the tennis ball back and forth ||| a couple of points from an international badminton doubles match with two men in blue and two men in yellow ||| athletes compete in pro tennis game in front of audience ||| four players are playing a badminton match on the court ||| fierce competetion in dual tennis match from players in yellow ||| the players are wearing different uniforms and playing tennis happily ||| a group of people play a rough game of badminton ||| four young people play an exciting game of tennis ||| a group of players are playing badminton in a court ||| the badminton teams battle each other on the court to find out which team is best
tennis,17,video1608,video1608.mp4,https://www.youtube.com/watch?v=XD4CccRdfCA,44.63,73.67,3,there is going on a table tennis game between two people one is in yellow and the other is in red dressing ||| two players wearing red and yellow t-shirts and play the table tennis with full of energy ||| a red jersey man is playing table tennis in a court ||| the three purple dots are moving left to right and end up with one dot ||| table tennise player with red and orange shirt are playing ||| in the cort the table tennis players are played in very well the colour of the back ground is red ||| in the cort the table tennis players are played in very well the colour of the back ground is red ||| table tennis match in which a yellow dress player won the set ||| two people compete in a fast-paced game of table tennis ||| a two men are playing a table tennis game ||| table tennis players playing the game with out loosing the point ||| two men play table tennis one in orange and the other in yellow ||| two men compete in an intense game of table tennis ||| two players are playing table tennis match in the gym ||| a yellow and red color dress players playing game inside stadium table tennis game audience watching displaying on screen ||| dramatic music plays as two men battle in a table tennis match ||| two men battle in an intense and close table tennis match as thematic music plays ||| two men one in yellow shirt and one in red shirt playing ping pong ||| a pair of young people play a challenging game of ping pong ||| men are playing table tennis in a room with spectators watching them
tennis,17,video4221,video4221.mp4,https://www.youtube.com/watch?v=xyvjf2C0DCc,11.48,38.96,3,two men are playing pingpong in a refered competision the man in red won the point ||| a red tshirt boy is playing table tennis ||| there is a red tshirt man playing table tennis in a court ||| two ment compete in a table tennis match and one man uses his foot ||| at a professional ping-pong match a player in red wins a point against his opponent in black by making a shot with his foot ||| in the cort the table tennis players are played in very well ||| chineese ping pong championship ||| two men playing ping pong professionally and aggressive ||| two ping pong players are smacking the ball back and forth and then the red player pulls a trick and wins the game ||| a ping pong match between a red team and a black team with a referee blowing whistle ||| two men are playing ping pong as the man in red scores ||| two men are playing ping pong one player uses his foot in place of the paddle ||| two men play ping pong in a stadium in front of lots of people ||| player raising his hand after hitting tt ball with leg ||| a red and black dress color wearing t shirt players playing table tennis game running in stadium audience watching displaying on screen ||| a red and blue dress color wearing t shirt players playing table tennis game running in stadium audience watching displaying on screen ||| a pair of young people play a challenging game of ping pong ||| a pair of young people play a challenging game of ping pong ||| two men in red and black are playing table tennis together ||| two players are playing table tennis in the indoor stadium
tennis,17,video671,video671.mp4,https://www.youtube.com/watch?v=sG2aDu9wD_0,865.29,881.05,3,two persons are playing table tennis game ||| there is a man in red is playing with a man ||| two people playing table tennis concentrating well ||| a match of ping pong is being played in a gym ||| two professional ping pong players are playing to win ||| two tennis players playing ping pong on a red floor show off their masterful skills ||| the men hits the ball over the net with a pedal ||| a professional ping pong match is under way both players are even ||| two men in a ping pong match on a red floored court ||| three rectangles of blue light are placed under a blue ping-pong table as players use gentle and hard strokes to hit the ball ||| two people playing table tennis and people were cheering ||| two ping pong players duel in a competition ||| ping pong match and very exciting to watch these two guys ||| two people are engaged in an intense table tennis match in front of a crowd of spectators in a large arena ||| two table tennis player playing a very serious game without giving any chance to each other ||| on a court two male table tennis players are engaged in a game and there is a male voice over ||| two men play ping pong in front of a crowd of people ||| two men are playing against each other while a crowd watch ||| two table tennis athletes performing a great volley ||| a man in a red shirt is up against a man in a white shirt in a ping pong tournament with an asian announcer talking in the background
tennis,16,video5144,video5144.mp4,https://www.youtube.com/watch?v=VV3vlI5ssBw,22.57,39.32,3,a man is talking about how to measure swing rate ||| the swing rate of a tennis racket is measured by a bald man in a blue shirt ||| swing rate is a measure of how heavy a racket will feel when swung ||| a man is returning a tennis ball that was hit towards him in a slow motion speed ||| the man wearing a purple shirt hits the ball over the net ||| person playing tennis and someone was explaining how to play it ||| in the tennis practice the blue shirt player is swinging the rocket gently on left and right side ||| a bald man in a purple shirt plays tennis while someone talks about swing weight ||| a bald man wearing blue tshirt returning a tennis shot ||| a lawn tennis professional explains with some strokes what he means by swing-way in terms of weight of the racket ||| tennis coach giving a demonstration of a tennis shot for his students ||| a tennis player swings a racket and hits a tennis ball in slow motion ||| a man in a blue shirt hitting a tennice ball in slow motion ||| a man holds a tennis racket and swings it to hit balls ||| man in blue shirt is hitting the ball with his racket ||| a man talks about the science of a tennis racket ||| a blue and green color dress speaking players playing game tennis inside a stadium displaying on screen ||| a bald man demonstrates how to play a game of tennis ||| a person is playing the tennis and a person describes about the tennis racket quality and its size and comfortness etc ||| some people are playing tennis outside on a court
tennis,16,video5027,video5027.mp4,https://www.youtube.com/watch?v=YaCPCWyxcLo,362.13,373.77,3,a tennis match is won by two players in yellow against a team in blue ||| the moment following a win by a doubles team in a racquet sport ||| a badminton team celebrates and shakes hands with opponents after a match ||| asian men celebrating a win at their tennis match ||| the teams shake hands as the audience watch them ||| professional badmitton players are celebrating a victory in the stadium ||| the badminton men s doubles match is over and the people are clapping for them ||| a grinning man wearing a two-tone yellow shirt shakes his extended arms while holding a racket and hugs a teammate similarly dressed ||| asian men get excited and congratulate each other with tennis rackets in their hands ||| a pair of badmitton players celebrate wining a big championship ||| men playing badminton and score as the audience claps ||| crowd cheering and clapping at the end of a match of shuttle tennis ||| men s doubles badminton competition draws to a close with the contestants congratulating each other for the good game that was played ||| a yellow and blue color dress players playing game inside stadium batmanton game audience watching clapping hands displaying on screen ||| a yellow and blue color dress players playing game inside stadium batmanton game audience watching clapping hands displaying on screen ||| young athletes embrace each other after a challenging game ||| in a tennis match yellow colour shirt team has won the match ||| a doubles tennis match with one pair in yellow and the other in blue ||| an audience is watching something in a room ||| some people on a badminton court are cheering and hugging
tennis,16,video3872,video3872.mp4,https://www.youtube.com/watch?v=YWpB0HlPXuA,186.21,197.49,3,two men compete in a game of table tennis by vigorously volleying the ping pong ball over the net ||| players are busy and actively involved in the game of table tennis ||| a man is shown making a serve during a table tennis match ||| two men engaged in a game of table tennis while a background voice explains some basic rules ||| two men play in a ping pong competition while a large arena of people watch ||| the table tennis match between the men s singles is going on while the audience is watching it ||| the play ground in the teams play and watch fans vedio ||| a player in red serves ball from underneath against opponent in black during indoor table tennis ||| a man talks about how improving your serve in table tennis will improve other aspects of your game ||| ping pong instructional video as two men are playing in a match ||| a guy speaking about rotation of the ping pong ball ||| man in red shirt is serving in the table tennis match ||| person in red shirt is playing ping pong with other person ||| a red and black color dress players playing game table tennis inside a stadium audience watching displaying on screen ||| professional ping pong game and educating on ping pong ||| a man serving a ping pong ball in slow motion ||| improving you serve in table tennis will also help your receiving get better ||| two players are playing table tennis in a court ||| a couple of men are playing ping pong on a place ||| some people are playing ping pong on a court
tennis,16,video1543,video1543.mp4,https://www.youtube.com/watch?v=ZPiI7VFsD1k,11.97,23.69,3,a man in green t-shirt is practising his table tennis skills ||| man in green t-shirt is showing his skill in balancing with table tennis ball ||| two persons are playing table tennis game ||| there is a man doing some techniques in a court ||| a table tennis player is trying to bounce and balance a ping pong ball on the handle of his racket for as long as he can ||| a table tennis player balances the ball on his racket ||| a man holding a ping racket and bouncing the ball on the handle ||| a man in a green shirt turns a ping pong paddle so the butt side of the handle is facing up and bounce a ping pong ball on it ||| the player is playing tricks with his board ||| a man in a green shirt and black shorts repeatedly bounces a white ping pong ball on the bottom edge of his paddle handle ||| hip hop music plays as a pale man in a green and red shirt warms up to play table tennis ||| two table tennis players play a competitive match ||| table tenis players holding paddles with a song playing in the back ground ||| a green and blue t shirt player playing with bat in ground displaying on screen ||| two expert ping pong players take a momentary pause at the ittf world tour ||| a table tennis performs a trick with his paddle ||| a badminton player in green dress is showing this badminton tricks ||| young men do funny tricks while playing ping pong ||| the man bounces a ping pong ball on the end of his paddle ||| some people are playing ping pong on a court
tennis,15,video6973,video6973.mp4,https://www.youtube.com/watch?v=upji-kezT3w,334.61,353.49,3,two men compete in a game of table tennis by vigorously volleying the ping pong ball over the net ||| two people watching table tennis match in the indoor stadium ||| two persons are playing table tennis game on the stadium ||| two men are playing table tennis in a room full of people ||| a game of table tennis between two asian opponents is won when one hits the ball completely over the opponents head ||| the table tennis player in black jumps with joy after winning the game ||| table tennise player with blue and red shirt are playing ||| the table tennis match rally of men s singles is seen ||| a ping-pong player wins a point runs away from the blue table jumps with knees high runs to gym mats ||| a televised ping pong championship is won by the guy in the black shirt ||| two men play ping pong in a stadium with people watching ||| a man plays table tennis with another man at a tournament ||| a table tennis match between two chinese players and the winner celebrating the victory ||| two asian men playing ping pong in a tournament as the man in the blue shirt won ||| the player in blue shirt is celebrating the point and requiring a break ||| two players are playing table tennis match in the gym ||| a blue and black color dress wearing clothes playing game table tennis audience watching clapping hands displaying on screen ||| a red and black color dress players playing game table tennis inside a stadium audience watching displaying on screen ||| a red and black color dress players playing game table tennis inside a stadium audience watching displaying on screen ||| a couple of men are playing ping pong inside
tennis,15,video2608,video2608.mp4,https://www.youtube.com/watch?v=XD4CccRdfCA,31.84,44.38,3,two men playing ping pong there is a crowd watching to the left ||| two men dressed in red are playing ping-pong in slow motion ||| the men in shorts hit the ball over the net with a paddle ||| in the cort the shuttle single players are played in very well ||| in the cort the table tennis players are played in very well the colour of the back ground is blue ||| in the cort the table tennis players are played in very well the colour of the back ground is red ||| slow motion of two male table tennis players competing ||| a guy in a uniform is trying to win his pingpong competition ||| two men play a match of table tennis indoors while spectators look on ||| ping pong match between two people both in red shirts and shows the one guy running onto other side ||| two men run around playing a game of table tennis as music plays ||| a ping pong match between 2 men while a crowd is watching ||| two players one in red t-shirt and other in red and black t-shirt are playing table tennis in a stadium ||| the player in red shirt is hitting the ball so hard ||| ping pong player shows his effort and struggle in returning the ball ||| an extra ordinary table tennis match is being played by two young players ||| a table tenis mens single match is played and the player beautifully service the opponent ||| men s single table tennis is being played and the people are watching very curiously ||| a very intense table tennis match being played in front of a crowed ||| ping pong tournament in slow motion of a guy doing an incredible move to save the ball
tennis,15,video1536,video1536.mp4,https://www.youtube.com/watch?v=TdEBIXpeDHQ,9.89,36.09,3,two extremely talented athletes are vying for the win in a table tennis match ||| two men are facing off in a ping pong tournament ||| two men playing table tennis where one guy wearing red and other black shirt ||| two players dressed in black and red are playing table tennis ||| this is a very intense table tennis match between two athletes in outstanding form ||| table tennis players are playing tennis ||| two people are playing ping pong or table tennis and volleying the ball back and forth ||| a ping-pong player wearing black shirt and shorts leans his extended arm on the blue table while holding the white ball in his upturned palm ||| two men are playing ping pong the man in the red shirt wins the match quickly ||| two men play ping pong in an arena hitting the ball back and forth very fast scoring points ||| intense ping pong action is being shown on display ||| at a ping pong tournament you see two men competing ||| two men play table tennis one wears a red shirt one wears a black shirt ||| two men play a ping pong match in a large stadium ||| two ping pong player playing a very serious game without giving any chance to each other ||| two asian men are playing ping pong and one of them scores ||| man in black shirt is playing match with man in red shirt ||| a red and black color dress players playing game table tennis inside a stadium audience watching displaying on screen ||| two asian men playing a professional game of ping pong ||| tabile tennis game
tennis,15,video9363,video9363.mp4,https://www.youtube.com/watch?v=3jT_q7dt-cM,171.51,181.98,3,a man stabs monica seles ||| a person is explaining something ||| a tea break during a tennis match ||| a tennis player is sitting in a chair ||| a tennis player sits down after a match ||| a tennis player sits down in a match while audience watches her in panic ||| a tennis player sitting down ||| a woman is sitting down after making tennis ||| a woman recovers from a game of tennis ||| a woman takes a break from playing tennis ||| a women playing tennis is injured ||| an injured tennis player is attended to ||| some people playing tennis ||| some tennis players engage in a match ||| tennis player sitting on bench ||| this is a clip from a tennis game ||| woman playing tennis ||| women are playing sports ||| an injured tennis player is attended to ||| a tennis player sits down after a match
tennis,14,video19,video19.mp4,https://www.youtube.com/watch?v=tkyX9RU3FDw,5.05,21.41,3,two men during a tenis match the commentator is speaking french ||| two men compete in a fast paced table tennis match ||| table tennis is being played by two men and finishes the ball ||| the player with red t-shirt smashes the ball well and wins a point ||| two ping pong players are in active competition against each other ||| the table tennis match of men s singles is going on ||| the player with black dress starts the serve then lost the set ||| a green dress man and red dress man playing badminton ||| in a ping pong stadium two men play a game ||| a two men are playing a table tennis game ||| a two men are playing a table tennis game ||| the computer is not giving me access to the video ||| two men play ping pong in a large stadium ||| a very skillful ping pong rally in a professional tournament match ||| two young men face off in an organized table tennis match ||| two ping pong players match off and the red player wins ||| professional game indoors of ping pong played by 2 men watched by a crowd ||| tennis table players hit a ball back and fourth on a green tennis table ||| a mens single table tennis is being shown and it is the semi-final match ||| ping pong players in red and green tshirt playing against each other
tennis,12,video6187,video6187.mp4,https://www.youtube.com/watch?v=XD4CccRdfCA,132.38,156.42,3,two young men are playing a very competitive game of table tennis ||| two men compete in a game of table tennis by vigorously volleying the ping pong ball over the net ||| table tennies court playing two players well ||| two boys playing ping pong one is wearing a blue shirt and the other is wearing a red shirt ||| a green tshirt man is playing table tennis ||| ping pong match is played between a man in a blue shirt and a man in a red shirt ||| two men play table tennis and the one in blue wins ||| a two men are playing a table tennis game ||| two players playing table tennis match in a competition ||| two men volley a ping pong ball back and forth at a tournament ||| two players play table tennis in an indoor arena before an audience ||| pro players in a ping pong tournament game ||| two players are in the gym and playing table tennis ||| two boys playing ping pong in a competition with music ||| a man in blue tshirt playing very wellboth player playing good ||| a man in blue and a man in red playing professional ping pong against each other ||| there is video of two players in a professional ping pong tournament with a slow motion replay ||| a person looking at the camera and talking ||| two boys are playing an intense game of ping pong ||| some people are playing ping pong on a court
tennis,12,video5154,video5154.mp4,https://www.youtube.com/watch?v=XgzUuc3CvRc,52.77,75.13,3,two on each side of this tennis match and both sides doing very well ||| two teams in men s doubles tennis competing to win a match ||| all persons are playing badmintion game in a ground ||| two players in black oppose two players in blue separated by a white net on a green court with white lines ||| four people of two sports teams are playing tennis ||| chinese people are playing doubles badminton and the blue team appears to be winning ||| four players were playing a tennis on the stadium ||| four people are hitting a shuttlecock back and forth over a net an audience in watching ||| two teams of men play a badmitton match in a large stadium ||| teams of doubles play tennis one team in blue and the other in black ||| teams of two men each play tennis against each other in a professional tournament ||| a badminton doubles match between chinese and vietnamese players ||| a point in a doubles badminton match is played ||| two doubles teams competing in a badminton match sponsored by yonex a japanese manufacturer of sporting goods ||| group of four players are playing a badminton match in a gym ||| shuttle bat tournament doubles played enthusiastically by both team ||| a group of athletes play an exciting game of tennis ||| a group of young people play a tough game of badminton ||| two men are playing against two other men in a game of badminton in a professional court with spectators ||| some people in some blue shirts are playing a game
tennis,12,video413,video413.mp4,https://www.youtube.com/watch?v=YH6zJpW4yfo,3.05,15.61,3,a man in black playing badminton on the court ||| there is a man playing with tricks in a court ||| two man playing table tennis very aggressively ||| here the two players are playing a match which was very interesting where one of them lost the game point ||| two men engage in a rapid and tense game of tennis on a green court ||| two men play tennis with some great moves on this green court ||| the men play badmitton on the green court ||| a red dress player and green dress player were playing tennis ||| two men hit a ball back and forth across a net in a tennis match ||| two men are moving and jumping on a green court while hitting a small yellow ball back and forth over a net with raquets ||| two men compete in indoor bad-mitten match and man in black scores point ||| two men play a badminton match against each other ||| two people paying tennis on a green surface ||| man in blue shirt is playing badminton with other person ||| two men are playing badminton match on the court ||| two players are playing badminton match in the gym ||| a pair of young people play a rough game of tennis ||| young people play a rousing tennis match as people cheer ||| players playing the tennis match and hit the ball each other to get the points ||| some people are playing badminton on a court
swimming,19,video513,video513.mp4,https://www.youtube.com/watch?v=2alP2ZlmmFA,360.61,372.13,3,a competitive swimming match ||| a man gives commentary for swimming in the olympics ||| a man is swimming ||| a swimming contest showing people swimming at the olympics ||| guys swimming in the swimming competition ||| many men are swimming competitively ||| men are swimming in a swimming competition ||| men compete in swimming ||| michael phelps competes against other swimmers ||| michale phelps is swimming in the olympics against others ||| olympic swimmers competing in a large pool ||| olympic swimmers race in london ||| people are competing in a swimming race ||| people swimming the length of a pool ||| swimmers are racing in a pool ||| the swim meet was very competitive ||| the swimmers are participating the tournament ||| underwater view of swimmers in competition ||| a competitive swimming match ||| people are competing in a swimming race
swimming,19,video4540,video4540.mp4,https://www.youtube.com/watch?v=txH2pVgNDww,129.34,145.4,7,people are playing in water while some of them watch them ||| two persons playing with dolphin ||| there is some one swimming with dolphins ||| one man in a blue wetsuit and one woman in a red wetsuit are in a swimming pool then a dolphin comes up to them and the three of them duck underwater simultaneously ||| a man and woman are seeing swimming in fish tank and they are being shot with the help of a camera hanging there through a crane ||| one boy and girl swimming near dolphin in a swimming pool ||| children play together in a pool that has a dolphin in it ||| the boy and girl were playing with the dolphin in the swimming pool ||| a camera records some swimmers in the pool ||| a camera films trainers interacting with a dolphin in a pool ||| it match live telecast programmed and rather then news now easy ||| two people are showing off a dolphin from the pool while a crowd watches on ||| two people make a dive on a swimming pool with a dolphin while the moving camera is capturing the moment ||| kids are being filmed swimming in a pool with a dolphin ||| two kids are swimming with a dolphin in a pool ||| blue and red dress girl and boy swimming in water whale moving up and down ||| young boys and girls are swimming in the pool when big fishes entered ||| bunch of people swimming with the dolphins at an aquarium ||| the man and woman were rehearsing the scene in the pool ||| some people are swimming around in a pool with a dolphin
swimming,19,video4440,video4440.mp4,https://www.youtube.com/watch?v=VL12nbnCg9Y,175.86,187.33,3,a man is standing next to a pool ||| a man is talking about swimming ||| a man near a pool ||| a person is talking about water polo while men goof around in a pool ||| people are standing near a pool and someone else is splashing around in the pool in a comedic video clip ||| people go for a swim ||| swimmers are shown by the pool ||| two boys comment comically on the disturbance in their local pool ||| two guys stand on the edge of a pool and watch someone splashing around in the water ||| two kids standing on edge of pool with someone splashing inside of the pool ||| two man s are standing near swimming pool and looking at something ||| two men stand by a pool and lok down into it while something splashes around ||| two men standing beside the swimming pool ||| two men watch as someone is struggling in the pool ||| two men watch as someone treads water in a pool ||| two people standing by a pool watching someone ||| two shirtless men stand beside a pool ||| two teens watch someone splashing in the pool ||| two people standing by a pool watching someone ||| two men standing beside the swimming pool
swimming,19,video579,video579.mp4,https://www.youtube.com/watch?v=WTAF3OFhzdA,1172.85,1192.29,10,a man is swimming on one side of his body using only one hand and moving forward with his legs ||| a balding swimmer does a side stroke in a swiiming pool ||| a man does a side stroke in a a swimming pool underwater ||| a man wearing a dark swimsuit is swimming in a pool on his side with one arm at his waist and the other out in front ||| a man swims sideways below the surface of the water while extending one arm overhead and kicking his legs in a pool of reflections ||| a person in swimming pool show secret swim under the water ||| man swimming on his side through water in a pool ||| a person in a pair of black bathing shorts is swimming in crystal blue water ||| someone is swimming in the pool while a narrator instructs on swimming methods ||| a man does a side stroke swimming in a pool ||| a man swims in a swimming pool as a man describes it ||| man in black shorts is swimming underwater in the pool ||| the man is swimming underwater in the swimming pool ||| a man swims under the water in the pool ||| a man swimming in water with one hand displaying on screen ||| a person swimming inside water with one hand displaying on screen ||| a person wearing black swim trunks is swimming in a pool ||| a person in trunks shows how to swim in a pool ||| a person showing swimming techniques in front of camera ||| a man wearing black swim shorts is swimming on his side back and forth in a swimming pool
swimming,16,video4759,video4759.mp4,https://www.youtube.com/watch?v=CDXxURPagpM,148.53,159.67,18,a bodybuilder lifts some weights outside ||| a couple of people strength exercising ||| a muscular man is lifting weights ||| a person is exercising outdoors ||| a person is swimming ||| a scene from a tv show ||| a series of people in various sports ||| a video clip shows various sports activities ||| a woman is climbing a rope ||| a woman runs in a race ||| athletes train for various sports ||| body builders and swimmers are showing off their bodys ||| intro of some games festival ||| montage of athletes competing ||| multiple athletes performing intense athletic feats ||| muscular people doing different physical activities to dramatic music ||| people are lifting weights ||| people are shown to be doing assorted exercises like swimming ||| several athletes are showing off their abilities ||| the man was lifting a lot of pounds for weights
swimming,14,video6850,video6850.mp4,https://www.youtube.com/watch?v=34ZTxQaNfis,146.16,164.0,3,a group of judges watching a performance on stage ||| a panel of judges are watching women perform in water ||| a talent show where the contestants are performing in water ||| a team of athletes is doing synchronized actions in a small tank of water while being judged ||| a woman is balanced above water ||| an aquatic group is performing on a talent show ||| contestants perform for judges on a talent show ||| four women are performing on top of water containers while judges are watching them ||| four women perform an act in water while a panel of judges watch ||| four women perform on the talent show ||| girls doing some stunts on the show ||| judges on a tv show watching swimmers do an act ||| judges sit and watch a talent competition ||| judges watch four people jump into a tank of water ||| simon cowel is watching people jump into water on stage ||| simon cowell judging his show ||| syncronized swimmers perform in tanks ||| the me were holding umbrellas ||| women show off their swimming bodies ||| women stand above vats of water as judges watch on
swimming,14,video4075,video4075.mp4,https://www.youtube.com/watch?v=7_CisAnZJiM,160.09,171.61,18,a boy is singing at a pool ||| a boy lip syncs to a song while his friends dance around at a pool ||| a group of people dance to a song by a poolside while one person lip-synchs ||| a group of people near a swimming pool are singing and dancing ||| a guy at a pool sings to the camera while people dance behind him ||| a man is singing ||| a man is singing a song and dancing ||| a man is singing in front of a pool in a music video ||| a man is singing into the camera with women dancing behind him ||| a man is singing while moving towards the pool ||| a man is talking ||| a man lip syncing with people dancing behind him ||| a man lip syncing ||| a man singing a song at a swimming pool with people dancing behind him ||| a music video that was shot near a pool ||| a weirdo sings in front of a pool ||| guy records him singing at the pool ||| the made made several faces ||| a boy lip syncs to a song while his friends dance around at a pool ||| a man is singing into the camera with women dancing behind him
swimming,14,video4736,video4736.mp4,https://www.youtube.com/watch?v=-j0dlcfekqw,92.77,105.57,0,a girl is dancing in a swimming pool ||| a girl is dancing in the pool ||| a girl is dancing in water pool ||| a music video in which women in bikinis frolick in water ||| a sexy woman in a bathing suit dancing ||| a woman dances around in the pool ||| a woman in a bikini plays in a pool ||| a woman is dancing ||| a woman is dancing in a bikini in the pool ||| a woman is in a swimming pool with music playing ||| girl jumping in water ||| girls wearing swimming suit ||| music is playing while a girl is having fun in a pool ||| women are dancing in a large pool ||| women are wearing bikinis in a pool ||| women dance in a swimming pool ||| women dance in water ||| women enjoying in swimming pool with dance and song ||| a sexy woman in a bathing suit dancing ||| a girl is dancing in the pool
swimming,14,video4176,video4176.mp4,https://www.youtube.com/watch?v=tZhFfsKURPE,155.24,179.19,3,a group of people jumping into a tub of ice ||| a woman in black is crying in a pool ||| there are some people jumping into the ice tank ||| two women and two men at a park jump into a large square container filled with a thick white and lumpy substance ||| participants in a tough mudder swim through a very thick substance ||| some girls jump in to a pool of possibly oatmeal and try to make it across ||| people jumping into a large container of ice ||| a group of girls were jumping in the ice and playing ||| many men and women are jumping into a pool of ice and working their way out of it ||| people jumping into a big tub of ice burgs and crawling out from it ||| men and women appear to be competing in an obstacle course ||| people are participating in an obstacle course and dive into a vat of ice ||| people jump into a bin filled with ice and crawl across it ||| a many girls and boys jumping into ice tank speaking laughing persons beside watching displaying on screen ||| girls and boy jumping in ice tub few person outside standing laughing displaying on screen ||| teenagers jumping into a big pool of gelatin ||| people jump into a swimming pool filled with ice and fight their way to the other side ||| female jumps into what appears to be ice then two females followed by a male also jump into the ice ||| people jumping into a large bin of white gunk and crawling across it ||| a woman is stuck in a pit of ice
swimming,14,video6791,video6791.mp4,https://www.youtube.com/watch?v=34ZTxQaNfis,226.28,236.84,3,a scene from a tv show ||| a video is shown of different people on a talent show swimming ||| four women are performing in the water ||| four women are performing under water while judges are clapping their hands ||| four women hop out of tanks of water ||| four women perform an act in water and are watched by a panel of judges ||| four women performing in water tanks ||| four women swiming in small boxes in front of simon cowell video has no audio ||| judges and a crowd look on while four swimmers sing ||| judges are clapping for a performance ||| people are swimming in little tanks ||| people preform for judges in a competition ||| simmon from american idol watch some games ||| some woman s are in water and other s are clapping his hand s ||| synchronized swimmers dancing in water ||| synchronized swimmers emerge from water tanks ||| syncronized swimmers perform in tanks ||| women perform in water for judges ||| women surface above the water ||| four women are performing in the water
swimming,14,video4239,video4239.mp4,https://www.youtube.com/watch?v=8QYVh_FLq90,17.06,31.33,3,a young woman an a girl and boy swimming underwater ||| different people swim underwater ||| girl swimming in pool ||| girls are shown swimming underwater ||| girls swim in the pool ||| kids are swimming in the pool ||| people swimming in the pool ||| people swimming under water ||| swimming beauties in the water ||| two girls are swimming in a pool ||| two girls swimming in a pool ||| two women are swimming to the bottom of a pool ||| two women are swimming underwater in a swimming pool ||| two young girls are playing and swimming in the pool ||| young girls swim underwater in a pool and are delighted with themselves ||| swimming beauties in the water ||| two girls are swimming in a pool ||| two women are swimming underwater in a swimming pool ||| two women are swimming to the bottom of a pool ||| swimming beauties in the water
swimming,14,video3991,video3991.mp4,https://www.youtube.com/watch?v=O8Gmile37qM,165.75,183.26,8,a advertisement about a building ||| a close-up of several pools is shown ||| a commercial about a new housing ||| a high quality view of a pool a court and apartments ||| a panning of a model of pools and the outside of an apartment building or condo ||| a slideshow is showing different landscapes while music is playing ||| a tour of some kind of nice property ||| a view of a pool at a complex ||| a woman is walking by a pool ||| a woman walks near a pool ||| animated architectural scenes are shown ||| it is showing some buildings and water pool ||| nice pools and nice real estate is shown ||| people walking in front of the pool ||| there are at least three swimming pools at the resort ||| there are fancy buildings in a video game ||| there are many buildings ||| this is a video of a 3d animation ||| virtual tour of a city ||| a close-up of several pools is shown
swimming,14,video4481,video4481.mp4,https://www.youtube.com/watch?v=KU-LRUc8TSE,33.7,46.67,3,a baby is swimming under water ||| a baby is swimming ||| a man teaching a child how to swim ||| a person is teaching a baby how to swim in the pool ||| a woman is learning his kids about swimming ||| a woman swimming with a baby underwater ||| adults and babies in a swimming pool ||| adults holding babies while they swim ||| babies are held underwater to learn how to swim ||| babies are swimming in a pool ||| babies learn how to swim with adults pulling them through the water ||| babies learning to swim ||| men and women holding babies under the water and allowing them to swim ||| moms teaching their babies to swim ||| parents submerge their babies in a pool and then bring them back up to the surface ||| parents teach their babies to swim ||| people go for a swim ||| people teaching young children to swim ||| unerwater shots of people putting babies underwater ||| parents submerge their babies in a pool and then bring them back up to the surface
swimming,14,video3613,video3613.mp4,https://www.youtube.com/watch?v=UDbBXS-XlUI,523.8,535.92,18,there are some hit girls singing and dancing in different styles ||| there is a hot woman is dancing on the floor ||| women dancing is bikini overhead view of the same women singing on a platform with a pink cape in the center of a pool ||| a lady in pink dress is singing and standing in the midst of a swimming pool with fishes revolving around ||| a lady stands in water around her fishes move and a sexy girl sings ||| several scenes of brittney spears music videos play ||| a lady standing in the center of the water and singign ||| britney spears has become more successful despite her difficulties ||| brittney spears is standing on a stand in the middle of the water with sharks swimming around ||| women are dancing beside the dancer singer lead performer in video clip segment ||| in the fashion show ramb the girls are walked gently their frock is like as butterfly ||| britney spears in skimpy clothes singing her song ||| a girl is dancing on a small stage in water where sharks are ||| watch mojo talks about how brittany spears makes a comeback in music ||| britney spears is dancing for a song and it is showing in a reality show ||| news commentators discuss britney spears in a music video ||| a woman is singing while wearing exotic clothing ||| an entertainment news show reports on britney spears ||| a video shows britney spears dancing in lingerie ||| a woman with blonde hair is singing a song
swimming,14,video5820,video5820.mp4,https://www.youtube.com/watch?v=T_sO62OKq4w,35.62,46.73,3,a half naked man is swimming in a lake ||| a man swims to his surfboard in a chick beneath a bridge ||| a man is trying to swim on a blue surfboard in a lake there are other people laughing at him ||| a man is swimming and catching the boat ||| a man is swimming through a pool of shallow water to recover his surf board ||| a boy swimming in the pond and climbing the surfer and moves with it ||| a man jumps into the water trying to grab his surf board ||| the swimming pool full water and a man swimming ||| guy slips and falls into water catches boat and gets into it ||| a man is swimming onto a surfboard in the middle of a river ||| a young man paddling on a surfboard in a creek or river ||| a man swims out to a surfboard while laughter is heard ||| a man trying to get on his surfboard and swim push himself along with the surfboard ||| man is swimming in the water on sunny day ||| person is swimming in the water on a sunny day ||| the man is swimming in the pool and relaxing on a sunny day ||| someone swimming in water and lie on blue boat then all so swim ||| a man is swimming to his surfboard in a canal ||| shirtless guy getting ready to surf in the river ||| a waterfall is crashing down into a river
swimming,14,video4558,video4558.mp4,https://www.youtube.com/watch?v=7Q2MlQ2X5_4,232.98,244.19,16,a describes his experiences with his new pool ||| a guy talks to the camera and shows his backyard ||| a man fixing the tube in the swimming pool ||| a man is adjusting the settings of the pool ||| a man is by a pool ||| a man is discussing pool maintenance ||| a man is fixing a pool ||| a man is standing by the pool ||| a man is talking about his pool outdoors ||| a man is talking about his pool ||| a man is walking in a camp ||| a man pumps the water out of a pool ||| guy talking about swimming pool ||| man is cleaning a pool ||| man takes down volleyball net around pool ||| man talking about volley ball ||| video of someone trying to show off their pool ||| a man fixing the tube in the swimming pool ||| man is cleaning a pool ||| a man is standing by the pool
swimming,14,video6829,video6829.mp4,https://www.youtube.com/watch?v=4UIAc9irBLs,26.71,36.88,3,a woman and a girl are swimming in a swimming pool together ||| a woman and a girl swimming under water in a pool ||| a woman and girl are swimming ||| a woman and girl are swimming ||| a woman is swimming ||| a young girl swims underwater with an older girl ||| an adult woman and female girl swimming underneath the water in a swimming pool ||| girls are swimming in a pool ||| girls are swimming under water in a swimming pool ||| two females are swimming together under the water ||| two girls are swimming in a pool ||| two girls are swimming in a pool ||| two girls are swimming underwater ||| two girls swimming underwater in a large pool ||| two women are swimming inside the water in a swimming pool ||| two women swim underwater in a pool ||| two young girls are swimming underwater in a pool ||| two young girls swim in a pool together ||| woman and girl swimming under water ||| young girls swimming at the bottom of a pool
swimming,14,video6185,video6185.mp4,https://www.youtube.com/watch?v=43OYh_ATO4Q,449.81,462.65,3,a couple of judges are shown on a jumbo screen at a synchronized swimming event ||| a judge is giving her explanation ||| a man speaks to a person on stage ||| a swim team is shown standing on television ||| a swim team is standing on stage ||| a team awaits scores from the judges ||| a woman talks to a woman sitting in the audience ||| gymnasts are waiting for their scores ||| judges at a swimming competition ||| judges give scores at a competition ||| ladies speaking at swimming event ||| many people talk together at a sporting event ||| many women are posing together ||| professional swim dancers aer being judged ||| several people are having a conversation at a sporting event ||| some people are talking ||| synchronized swimmers await their scores ||| women dressed up standing on a stage ||| judges give scores at a competition ||| several people are having a conversation at a sporting event
swimming,14,video5411,video5411.mp4,https://www.youtube.com/watch?v=txH2pVgNDww,145.4,159.12,7,two people are enjoying playing in pool here ||| there is a dolphin playing with some kids ||| there is some one swimming with dolphins ||| two people are swimming with the dolphins in the tank ||| a boy and girl is their in the swimming pool ||| the director shoots a movie with the actress along with a dolphin animal in the swimming pool ||| a man and a woman are diving in a pool with a dolphin while it whistles ||| filming a woman swimming with a dolphin at a water park ||| women doing shooting in swimming pool with dolphin ||| there is a camera crew filiming a blond woman in a pool interacting with a dolpin ||| a man and woman swaimming around in the water ||| a woman in a red bathing suit swimswith a dolphin ||| a woman screams happily as she swims with a dolphin ||| a woman is training the dolphins in the water ||| the women in the swimming pool playing with dolphin ||| girl in red and boy in blue dress swimming in pool of water ||| bunch of people swimming with the dolphins at an aquarium ||| in a swimming pool a women and man swim in front of video ||| the woman swims in the tank with the dolphin ||| some people are swimming around in a pool with a dolphin
swimming,14,video5216,video5216.mp4,https://www.youtube.com/watch?v=WRybJRrp24k,29.73,47.45,11,country music playing and showing luxurious houses on the beach ||| there is a beautiful resort with lights all around ||| there is a beautiful resort with lights all around ||| a nice resort with a beach in front of the buildings ||| a beautiful resort is shown on a ocean front from various views ||| picturesque views of various travel destinations show off various amenities offered ||| it is showing different scences that look like vacations places such as places with pools or an ocean view ||| a hotel near the lake and with big swimming pool on the evening time ||| in tropical location surrounded by water and piers ||| there is a display of fancy luxury houses next to the beach and ocean during the early night ||| a video of a really nice vacation spot somewhere in the world ||| scenes of various lit houses are displayed and set to music ||| pop rock music plays over images of vacation spots ||| scenes of a tropical location are shown in sequence probably advertising a vacation spot ||| different luxury homes with large pools are shown in a slide show ||| still photos of a vacation resort with music playing ||| a adventures scene displaying on the scene beautiful to look historical ||| homes are shown next to bright blue water ||| an island resort is being filmed out side ||| some people in a place are at a pier
swimming,14,video5197,video5197.mp4,https://www.youtube.com/watch?v=2EZ_zGACOdo,0.0,17.53,8,a character is using a black board ||| a minecraft character is teaching a class of monsters ||| a minecraft video showcasing the monsters in a classroom ||| a person is playing a video game ||| a person is playing a video game ||| a teacher is teaching students in minecraft ||| a virtual school is shown in minecraft ||| animated characters are in a classroom ||| gameplay footage of minecraft ||| in an animation a teacher is giving instruction to his students ||| minecraft characters at a school ||| minecraft video and music ||| someone is playing a game ||| someone is showing video graphics game ||| the camera moves in on the video game schoolhouse ||| the swimming pool was very large ||| video game characters sitting in class ||| animated characters are in a classroom ||| animated characters are in a classroom ||| someone is playing a game
swimming,14,video6551,video6551.mp4,https://www.youtube.com/watch?v=34ZTxQaNfis,142.44,153.8,3,a clip is shown from a talent show ||| a clip taken from a talent show ||| a group of judges is watching an act ||| a man with an umbrella is talking about something in outdoor ||| a man is talking ||| a man is watching a game show in the rain ||| a man wearing a black shirt ||| a person using an umbrella and swimmers stretching ||| four women are preparing to perform in the water ||| judges are reacting to a swimming act on a talent show ||| judges watch as people perch above large water tanks begin to enter them on a television show ||| people are watching performers on top of a tank of water ||| people judge a performance ||| simon cowell and others are watching a competition ||| simon cowell judging his show ||| simon cowell sits in judgement of a talent show ||| swimmers performing in front of judges at a talent contest ||| television program hosts are talking about contestants ||| a clip is shown from a talent show ||| a man is watching a game show in the rain
swimming,14,video4950,video4950.mp4,https://www.youtube.com/watch?v=WRybJRrp24k,0.0,23.45,11,a walkway extends to the beach in a pleasant island environment ||| view of a beautiful resort illuminated in the night in the middle of swimming pool ||| music is playing while different still shots of beautiful beach front properties are displayed ||| country song playing while nice hotel resort with amazing pools is shown during day and night ||| a wooden deck that stretches out into the blue ocean water ||| country pop plays while pictures of a resort on a beach are shown ||| computer generated view of a clear pool and dock overlooking the ocean switching to the completed project ||| peaceful picture of a resort area with the clear sky and water ||| scenes of a tropical location are shown at morning and evening ||| a birdseye view of a hotel resorts from various angles and at different times of the day ||| instrumental music playing over images of a tropical destination ||| a t shaped walkway separating pools and a pavilion surrounded by pools of water with lights ||| person is recording the amazing water under the sky ||| infinity pool in tropical setting with the ocean in the background ||| a adventures scene displaying on the scene beautiful to look historical ||| a adventures scene displaying on the scene beautiful to look historical ||| a adventures scene historical place trees inside forest still image displaying on screen ||| beautiful and smart models are walking in the ramp with beautiful dresses ||| a wooden dock goes through the water and buildings are beside it ||| there are beautiful blue waters on a dock near small buildings
swimming,14,video5862,video5862.mp4,https://www.youtube.com/watch?v=SlGUF9npZAM,257.59,268.21,3,people swimming around in a pool and playing ||| a music video with a pool/hot spring setting ||| several men and women swim in a steamy pool and dive from diving boards ||| a group of people are wading in a swimming pool and a man is diving off a diving board ||| there are many young people in a large hot springs and a young man takes a dive off of the top of a bridge ||| lot of men are enjoying bath in water pool and one jumps into it ||| a pool party is going on with loud music in the background ||| music plays while people swim in a heated pool ||| a group of men and women were swimming in the water ||| a people are swimming in the pool waetr ||| a people are swimming in the pool waetr ||| many people are swimming and smiling in water ||| people in a steamy pool in the winter ||| people are enjoying in a swimming pool ||| people are swimming in a pool and a man is jumping off the diving board ||| a group of people swim in a lake outside while music plays ||| people at a ski resort in a steamy pool ||| a group of people swim in a pool with steam coming off it ||| a macklemore song is playing over shots of people in a pool ||| a person is about to jump in a lake outside
swimming,14,video2622,video2622.mp4,https://www.youtube.com/watch?v=6JludperQ68,7.86,35.62,0,a group of people dance in a gym ||| a group of women are dancing ||| a group of women dancing to music ||| a woman is dancing ||| all womens are dancing ||| dancing practice is going on ||| few women are dancing with a background music ||| four girls dancing behind theswimming pool ||| four girls dancing in a floor to a song habibi i need your love ||| girls are dancing and singing ||| people dancing to song ||| several women are dancing ||| three woman dance in a gym ||| three woman dancing to shaggy s music ||| three women are dancing in front of a pool ||| two girls do a dance work out ||| women are shown dancing outside ||| women dance in sync to a song ||| women exercise and dance ||| a woman is dancing
swimming,14,video1649,video1649.mp4,https://www.youtube.com/watch?v=RnpyRe_7jZA,142.61,153.45,0,a man and a woman are kissing and singing ||| a man and a woman are singing in a music video ||| a man and a woman singing by a pool ||| a man is rapping and a woman is singing ||| a music video of a woman and a man ||| a music video scene is shown with nicki minaj and lil wayne ||| a musical song is going on ||| a rap music video ||| a scantily dressed girl is singing ||| a singer is singing while shown in skimpy clothes ||| a woman is singing a song and dancing near swimming pool ||| guy standing next to girl ||| highlights from a movie ||| lil kim doing her music video ||| lil wayne and nikki minaj singing ||| nicki minaj is singing in a music video ||| nikki minaj music video ||| two men are talking in a living room ||| woman posing for photos ||| a musical song is going on
swimming,14,video2028,video2028.mp4,https://www.youtube.com/watch?v=OMciyWyugKY,102.15,113.91,6,a countryesque song is playing while we see: a woman dancing by a pool and palm trees a man dancing on stage with a banjo ||| a female walking with a horse to music ||| a girl and a guy singing ||| a person is doing jumping jacks outdoors ||| a photo montage of people laughing or training a horse ||| a white horse is frollicking ||| a woman faces a white stallion as a country song plays ||| a woman sings to a white horse ||| a women making a music video ||| an inspirational musical video ||| country music video song ||| highlights from a man a woman s life are being shown ||| horse dancing according to the music ||| multiple people are dancing ||| people are doing various kinds of exercises ||| scenes from a music video involving among other things dancing next to a swimming pool flying in an airplane ||| shania twain music plays ||| various scenes are shown while a song is played ||| woman singing a song in front of a white horse ||| people are doing various kinds of exercises
swimming,14,video8271,video8271.mp4,https://www.youtube.com/watch?v=sXd2WxoOP5g,109.16,119.46,0,a women in black dress singing on the stage show ||| there is a brown hair woman is singing a song ||| terrific song being sung by a woman with brown hair and sexy eyes ||| a punk artist in a rock and roll music video sings her lyrics ||| song by a girl while all people inside the water playing and dancing ||| a woman is singing a song as some other people are swimming and dancing ||| avril lavigne sings and swims in a a pool in a music video ||| people are swimming in a pool with their clothes on a woman is singing in a band with heavy makeup on ||| people are swimming in a pool with their clothes on a woman with heavy makeup is singing ||| women singing song and playing guitar ||| video flips between frames under water and a setting in a room the singer is singing we dont give a fuk and is showing her middle finger ||| a female rock band performs in a studio while people frolic underwater in an indoor swimming pool ||| singer avril lavigne sings a song while different people swim under water ||| singer avril lavigne sings while people swim under water ||| music video where kids transition from school room to in a pool underwater ||| there are people dressed in clothes underwater swimming around ||| blonde woman is singing with the other members of the group ||| girl with blind hair going through various scenes playing guitar and singing ||| womens are singing and dancing in the room and in the swimming pool also many of them are swimmiing in the pool in their bikini ||| a women is singing on a different stages and her friends are playing in a pool
swimming,14,video7951,video7951.mp4,https://www.youtube.com/watch?v=ur8DZnjlhPw,292.47,319.37,12,ellen degeneres and three men gather around a black five gallon drum pouring into a children s wading pool ||| ellen degeneres and three men gather around a black five gallon drum pouring into a children s wading pool ||| guests on the ellen degeneres show are demonstrating a cooking application ||| a man adjusts a black metal drum placed behind a child s plastic pool by two green buckets on a stage with slat flooring and a blue-screen background ||| among four men one of them is trying to prepare in the big vessel ||| some men on the ellen show conduct an experiment with some water ||| a scientist does an experiment on a day time talk show ||| a chef cooking something in a big can with two people watching him ||| chef cooking something in a big drum in-front of two guys in formal wear ||| a kids tub is on stage of the ellen show and a man opens up large metal drum for chemistry experiment ||| a group of three people standing on a stae next to a kids swimming pool ||| group of people are doing something in the studio ||| there are four people on stage one of these people is ellen two men are doing a science experiment ||| a boiler boiling water machine drum persons beside opening with glooves and explayning hitting with rod displaying on screen ||| guests watch professor tweak barrel in science experiment on ellen ||| two men on the ellen show demonstrate a science experiment dealing with steam a metal barrel and a swimming pool ||| men heating up a small pool of water on the ellen show ||| a young man on a tv show prepares for a science demonstration ||| four people are at a talk show with a kiddie swimming pool and a steel 55 gallon drum ||| persons doing the experiment for something in a show
swimming,14,video835,video835.mp4,https://www.youtube.com/watch?v=xfPvtIOs5IA,30.14,52.57,4,a man in blue shirt is swimming and struggling to save himself while rescuers come in time ||| a beach with someone swimming in the water ||| a person is giving commentary about surfing in the sea ||| a man describes a scene of another man being attacked by a shark ||| a men is swiming in a deep sea ||| surfer swims away from shark attack after shark bites through his surfboard leash ||| a man described about the rescue process in the sea ||| a man explaining an incident where a shrk attacked a man but luckily he was fine ||| one swimming man is swimm in sea and some other peoples are riding the boats ||| a person is swimming in the sea and someone is rescuing him by boat ||| young turks cnn man swims in a sea then boats came ||| a swimmer tries to swim away from an attacking shark ||| a person with blue shirt swimming in the sea and climbs on surfing boat ||| a person with blue dress is swimming and enjoying in the sea ||| a man is swimming the sea very fast ||| in the ocean the man swims very quickly away from the shark ||| a person is surfing the waves of an ocean ||| some waves on a beach are rolling in ||| someone is swimming around in the ocean outside ||| the man is swimming to get away from a sharkwhen people on jet skis rescue him
swimming,14,video1397,video1397.mp4,https://www.youtube.com/watch?v=Bh44DyW1KEc,108.22,118.23,3,a dog is playing in a swimming pool with another dog ||| a dog is standing up in the water ||| a dog is swimming in a pool ||| a dog is swimming ||| a man and dogs are swimming ||| a woman talking on talkshow ||| dog swimming in a pool with a man ||| dogs are swimming in a pool with a man ||| dogs fighting in the swimming pool ||| dogs play in the pool ||| dogs playing in a pool ||| dogs playing in a swimming pool ||| dogs swimming in a pool ||| some dogs play around in the water ||| two dogs and a man are swimming in a pool ||| two dogs are playing in the pool ||| two dogs playing in a swimming pool with a male while a female s voice laughs in the background ||| a dog is swimming ||| two dogs and a man are swimming in a pool ||| some dogs play around in the water
swimming,14,video1437,video1437.mp4,https://www.youtube.com/watch?v=Bh44DyW1KEc,107.02,118.23,3,a dog is playing in a pool ||| a dog is playing in the water with family ||| a dog is swimming a pool with another dog ||| a dog is swimming while another dog jumps on top ||| a dog is swimming ||| a dog swims in a pool ||| a dog swims in the family pool then another dog jumps in to play ||| a man cooking food ||| a woman laughs while filming swimming dogs ||| dog jumps in and tackles another dog in the pool ||| dogs are swimming in the swimming pool ||| dogs jump into a pool as a woman laughs ||| dogs playing in a pool ||| dogs playing in water ||| dogs swimming in pool ||| two dogs and man swimming in the pool ||| two dogs are playing in the water ||| two dogs play in the pool ||| two dogs playing in and around a pool ||| two dogs are playing in the water
swimming,14,video2714,video2714.mp4,https://www.youtube.com/watch?v=z8Xb6IL9E40,233.78,250.75,11,a man is riding on a floating device in the water ||| there is a man is enjoying in the water ||| there is a man is enjoying in the water ||| there is a man with cooling glass is moving on the water ||| a man riding on a yellow float in the water advertises a travel site while other swimmers enjoy the water ||| a person sitting on a yellow flotation ring is floating in crystal clear waters ||| a man floats on the water in a yellow intertube and promotes costa rica ||| the man wearing no shirt floats in the yellow tube ||| a man in a yellow tube floating in a big body of water ||| a boy sitting in the yellow tube in the clear water some people climbs on the stone in the shore ||| a person in the transparent water floats on a tube and few others climbing the shore ||| a young man floats on a clear and calm stream filled with fish while sitting in a yellow inner tube passing over flat rocks and by angled gray rocks ||| man in yellow ring floating down water with goggles on ||| a man sitting on a floater in a lake ||| a man floats in a yellow tube down a river then people swims near shore ||| a man sitting in a yellow tube floats down a river then crowds of people wades near the shore ||| a shirtless guy rides a tube in the calm waters ||| boy and girl swimming ||| travelers are enjoying the water activities that costa rica has to offer ||| a man in a bathing suit floating in a shallow area of fish with others swimming
golf,16,video2120,video2120.mp4,https://www.youtube.com/watch?v=IyN_P1Ts6v0,117.55,130.95,3,a golfer drives a ball ||| a man is standing ||| a man lands a long distance basketball shot ||| a montage of humorous moments in sports ||| a old man playing on ground ||| a short montage of people playing different sports ||| different clips of sporting events ||| golf swing and basketball shot ||| basket ball and rugby are being played ||| people are doing golf tricks ||| people dancing on a basketball court ||| people dancing to music ||| people enjoying in a different way ||| some weird sports clips ||| sports clips are shown of golf and football ||| sports clips of people playing golf and people playing basketball ||| the man swung a golf club ||| this is a vine compilation ||| people dancing on a basketball court ||| basket ball and rugby are being played
golf,15,video4501,video4501.mp4,https://www.youtube.com/watch?v=BveC1HuQL14,193.84,206.99,3,a golfer drives in a video game ||| a golfer in a video game is discussed by narrators ||| a golfer is teeing off ||| a golfer makes a play in a video game ||| a golfer takes a long drive towards the green ||| a man discusses a gold drive in a video game ||| a man is playing golf ||| a man is playing golf ||| a man plays golf in a video game and shoots the ball very far ||| a person is playing a video game ||| a person is recording a golf game ||| a person playing an gold video game while commentators talk in the background ||| a video game character is playing golf ||| a video game of a man playing golf ||| a video golf game ||| a video that shows off how pretty a golf video game looks ||| a virtual golf game is described by two narrators ||| the golfer tees off ||| there is a man teeing off on a golf course ||| a man plays golf in a video game and shoots the ball very far
golf,14,video8168,video8168.mp4,https://www.youtube.com/watch?v=Cwf4HlJ_QFc,189.71,205.71,3,a guy is playing golf ||| a man is assembling a small putting lane for golfing ||| a man is describing a golf tee ||| a man is discussing the golf tee he installed ||| a man is explaining using a golf tee ||| a man is fixing a hole ||| a man is playing golf and talking ||| a man is showing his golfing tee and talking about fixing it ||| a man shows off his indoor golf setup ||| a man talking about a golf tee ||| a man talks about golf tees ||| a person shows a golf course ||| guy talking about gold tees ||| man laying down golf grass ||| man talking about using a golf tee with his small golf course ||| sneakers are on the floor ||| someone is walking through garden ||| man talking about using a golf tee with his small golf course ||| a man is fixing a hole ||| a man is playing golf and talking
golf,14,video1112,video1112.mp4,https://www.youtube.com/watch?v=U-1P36K7yrk,88.97,100.48,13,a man putting a gummy worm as bate on his fishing hook ||| a man is going towards the river with a material for fishing ||| a man is walking and talking about fishing how delicious the set-up is and how the bass are going to love it ||| there is a man on a golf course talking about the fishing lure he just hooked up ||| a person is carrying a pole with a fishing line while walking through a field ||| a man goes fishing in the watertrap at a golf course ||| guy holding a fish net and walking ||| a man preparing to fish for bass in a golf course pond ||| a guy walking on a golf course with a fishing pole while talking ||| man is putting some bait on his fishing strike on the grass ||| person is putting some baits on the fishing strike and preparing to catch something ||| a man is walking with a gummy worm on a fishing pole at a golf course ||| a water scene grass beside and holding in hand long stick speaking displaying on screen ||| a man holding a fishing pole with a lure on the end talks about the lure as he walk to a pond to fish ||| a man prepares to fish on a golf course lake with a gummy worm as bait ||| man walking around a golf course with a fishing rod ||| first person footage of a man carrying a fishing pole across a golf course ||| a person showing the fishing tricks in the camera ||| the man uses a gummy worm as bait on the fishing line ||| a person is carrying a gummy worm on a golf course
golf,11,video4564,video4564.mp4,https://www.youtube.com/watch?v=WyNSJU02ywo,84.0,94.04,10,man in black red and white demonstrates a golf shot ||| a man doing an instructional video on how to use a golf club ||| a man taking a stick in his hand and hitting ||| the man in the white pants swing the red stick near the fence ||| a man explains the game with movements in a ground ||| a wman is telling about a golf game ||| a baseball coaches works with a training device to improve his hitting ||| guy holding a long stick demonstrating baseball shots with it ||| a middle-aged man with grey hair is demonstrating the use of the speed hitter ||| a man stands in front of net on field and holds a practice rod with baseball attached ||| a man is showing the first swing for golf ||| a guy speaking about how to properly kick a ball with a baseball bat ||| a old man in black color dress wearing cloth standing inside ground holding a bat in hand position how to play discusing displaying on screen ||| a man discusses the proper way to hold and swing a baseball bat ||| a man in a black shirt shows how to play baseball ||| a man in a jacket talks about ways to practice for baseball ||| a man is giving instructions and demonstrating speed hitting of baseballs ||| a man is demonstrating the proper technique of a baseball swing ||| a coacher explains about the players how to play and how to take positions in the game ||| a guy in a batting cage is practicing his swing
golf,10,video4107,video4107.mp4,https://www.youtube.com/watch?v=T9fQAXrLpx8,125.77,136.65,6,a guy is stroking a girls hair then he carries a boy off in the park ||| a man strokes the hair of a red haired woman before picking up his child and walking away ||| a girl with red hair watches a boy walk away longingly ||| there is a girl is crying and man picked the boy ||| there is a man in check shirt is playing with a kid ||| there is a woman is dating with a young man ||| the sweet heart is caressed and the man goes away with the kid ||| a lady is crying and a man is going ||| a woman cries as a man walks away carrying a child ||| a man and a woman are looking at each other a man is carrying a small boy at a park ||| a young couple have a conversation outside before the male walks away ||| a woman singing a song while her lover carrying a kid ||| man and woman are having conversation in the room ||| a tall young man in a button-down long sleeved shirt smiles while touching the red hair of a girl in a denim jacket ||| husband wife and kid ||| a man and a women on a golf course ||| the women weeping because she those days with the husband and the child she feels for it now ||| a young woman looking longingly at a young man playing with his child ||| sexy blonde talking to the guy in shirt ||| a women looks very happy for a man to pickup a little boy and walk away with him over his shoulder
golf,10,video7198,video7198.mp4,https://www.youtube.com/watch?v=Cwf4HlJ_QFc,132.55,142.55,3,a man discusses a soft mat ||| a man is doing construction ||| a man is doing home improvement ||| a man is explaining how to make repairs ||| a man is filming a diy craft video ||| a man is fixing a floor problem ||| a man is repairing fake grass ||| a man is showing a cushion for a pad ||| a man is showing what lies underneath a layer of turf ||| a man is shown repairing a floor ||| a man presses down on some material ||| a man pushes down on some foam ||| a man showing how to add cushion to a mat ||| a person is working ||| man installing golf course mat ||| man showing how to lay a mat ||| the cushion was soft ||| the man talks about a cushion for a spring pad ||| the person is fitting cusion ||| there is a man describing a mat
golf,10,video6423,video6423.mp4,https://www.youtube.com/watch?v=Yo5w01kKOiE,184.73,202.35,4,a man in a gray suit coat talks to four other people about preparing for a golf tournament ||| a suit man is talking in a program ||| there is a young suit man talking in a program ||| a man is talking in the chair ||| three man talking with one lady in the screen ||| the man in the suit sits at the desk and talks ||| professional golfer rickie fowler is speaking on the cnbc channel ||| the men and women are talking while sitting on the chairs near the table in the studio ||| few people sitting on the round table with laptop and discussing about the golf ||| some persons sitting on the round table and discussing about the news ||| a golfer talking about his profession and playing ||| a news reader is asking question to few people in cnbc channel ||| news anchors and journalists sit around a table in a news room while a professional male golfer discusses his efforts in the pga ||| a group of men and one woman sit around a table talking about golf ||| a man wearing brown coat and white shirt is giving answer of the quarry raised in a tv interview by cnbc ||| four men are sitting in the studio and discussing ||| person in black suit is in the studio with other people ||| a boy in white color dress shirt wearing cloth sitting with other persons beside table and lady sitting speaking on topic displaying on screen ||| cnbc interview with a pro golfer ||| a group of people sit at a table as a man talks about sports
golf,10,video1967,video1967.mp4,https://www.youtube.com/watch?v=Yo5w01kKOiE,209.39,233.95,4,a man with spiky hair talks with a news reporter about golf ||| a suit man is speaking in a studio ||| there is a black suit man talking from a office room ||| a professional golfer discusses a person he visits with ||| a man talking with a lady both are wearing black color dress ||| pro golfer ricker fowler is speaking about golf on cnbc ||| a pro golfer discusses a friend of his with a blonde woman ||| a man in formal wear talking to a cnbc news reporter ||| a professional golfer talks to the lady who is interviewing him a show on television ||| a man in a black jacket and white shirt being interviewed on cnbc by a female anchor ||| rick fower talk about oil prices on cnbc ||| a golfer talks about a fellow golfer and what they like to do ||| a young man sitting down in a room dressed in a buisness suit and speaking to another person ||| a boy in white shirt color dress wearing cloth sitting with red color dress lady speaking on topic discusing explayning displaying on screen ||| cnbc is interview a man in a black suit who happens to be a pro golfer ||| a man in a suit sits at a table and talks about sports ||| a man in a suit talks to people on tv about sports ||| rickie fowler a prd golfer is being interviewed by the tv personaity ||| an interview with rickie fowler ||| a young guy in a suit is talking to people on tv
golf,9,video7001,video7001.mp4,https://www.youtube.com/watch?v=2IDZsVRwc6g,229.34,240.85,3,a game of video golfing ||| a man is having golf bat ||| a man is narrating a golf game ||| a man is playing a golf video game ||| a man is playing golf ||| a man is putting a golfball ||| a man playing golf ||| a person is explaining something ||| a person is playing a video game ||| a person playing a video game ||| an animated man kissing his golf bat ||| man reviews a golf videogame ||| men are playing sports ||| someone is commentating golf ||| someone is playing a video game ||| a man is putting a golfball ||| a person is playing a video game ||| a man is playing golf ||| a man is having golf bat ||| a game of video golfing
golf,5,video3673,video3673.mp4,https://www.youtube.com/watch?v=Yo5w01kKOiE,15.1,25.94,4,four news reporters sit around a desk in front of computer screens ||| three men and a woman sit around a plexiglas table and discuss golf ||| a woman in red talking with someone ||| talk show host fowler and two other on air personalities discuss golf on the program ||| the woman and the men in suits sit at the desk and talks to each other ||| a man speaks on the cnbc channel regarding how some people must wait in line for connections ||| in a white shirt and tie speaks to a panel of people seated at a round table backlit with blue frames ||| three men and a woman sit at a round table connected to a long counter in a tv studio with lit walls and a large screen of lawn and trees ||| reporters sitting around a table discussing teeing up with fowler ||| group of people on cnbc discussing issues of the day ||| four people talking in a news debate ||| news anchors sit and talk on cnbc ||| in a newsroom three men and one female are having a conversation ||| group of four people are having conversation for tv ||| a discussion going on with person on a studio table and laptops on it ||| a news team sits around a desk and talks about travel of some kind ||| on the set of a news show four news anchors are conversing ||| several reporters sitting around a glass table having a discussion ||| a group of people on a tv show are talking ||| some people on a tv show are talking about golf
golf,5,video3610,video3610.mp4,https://www.youtube.com/watch?v=YIRiv1iFlW8,10.25,26.65,9,a small squarish gray car is rotated with its windows open to display its insides ||| there is a new stylish car on the floor ||| an advertisement for a small gray car with a female narrator ||| a car with its specifications ||| a compact gray car is slightly elevated and spins around above a circle then the four doors and trunk are opened and the car spins around again ||| an unseen woman reviews the volkswagen golf hatchback plus as it turns on a giant turn table ||| a woman is telling about a car feature ||| a woman is talking about the vw golf while the car is spinning in 360 degree rotation with all the doors opening and closing ||| a grey colored volkswagen hatchback car and a woman talks about the car ||| a woman talking about the difference of costs between volkswagen cars ||| a lady speaking about a practical volkswagen car-golf plus ||| presentation of the new car volkswagen golf plus ||| a vw golf hatchback is being advertised ||| a women is saying about the vw car and its built in structures and its a powerful car tne name of the car is golf plus ||| grey car is being shown it s versatility ||| a female voice is speaking about the reasons to upgrade to a vw golf plus ||| advertise about the car being shown on the screeen ||| a woman explains the benefits of a golf car and the benefits of paying extra ||| a gray van is being filmed by someone ||| a small gray car is being filmed for a tv commercial
golf,5,video2809,video2809.mp4,https://www.youtube.com/watch?v=SwXr0ScjD9o,163.33,182.33,9,the man explaining about the car for buyer and the door of the car is very strong and also the performance of the car to be explained by him ||| a man in a gray sweater is test driving a car an explaining how well it drives ||| there is a tshirt man driving a smooth car ||| a man in a striped sweater is talking about the difference between a jetta and a gulf ||| a man speaks about his car s functions as he drives ||| a man wearing a stripped sweater is driving a car and comparing the differences between the details of two cars ||| in the driving men is telling the new car feature and their specialities ||| a male driver wears a gray seatbelt across a striped sweater knocks on the window trim steers with one hand ||| a man driving a jetta and discussing how it s not as nice a golf ||| a man is driving a car and talking ||| a man with an english accent is driving a car while speaking about the cars features ||| guy wearing seat belt and driving car ||| man in seat belt driving car and talking ||| a guy talks as he drives a car down the road ||| a man rides down the road in a car talking ||| a man with a british accent wearing a grey striped shirt talks as he drives a car ||| person is driving his car carefully on the street ||| a car moving on road and boy in white and black strip dress sitting speaking inside moving on road displaying on screen ||| a cars moving on road and boy in strip white and black color dress inside a car driving displaying on screen ||| a young man is driving a car and explains the good qualities of the car
golf,5,video2315,video2315.mp4,https://www.youtube.com/watch?v=uPfqmFUdZr8,102.05,124.1,9,a dark gray car drives down an asphalt street while a narrator talks about fuel efficiency ||| a gray sedan drives down a curvy street while a narrator discusses fuel efficiency ||| there is a car is moving on the road without speed ||| here the man is explains about the fuel efficiency of car which could travel a long distance with low fuel consumption ||| a grey volkswagen golf drives down a rainy road while getting good gas mileage ||| a dark volkswagen drives down a curvy road in a forest area ||| grey four door car driving on black paved two-way road with headlights illuminated ||| a dark-gray car drives past a wooden fence wooded area utility pole tree stump and vines on a country road ||| clip of the vw golf driving around while the narrator reviews the specs ||| a new car model is being described by a man who endorses the gas milage but really likes the driving dynamics of the car ||| a volkswagen drives along curved highways and captions display gas mileage details for the car ||| a car is driving on a windy road text appears beneath the car ||| a car advertisement showing a grey car and explaining where the car was made and how many miles per gallon it gets ||| a volkswagen gulf drives down the road while a man describes the improvements in the new model ||| the grey car is being driven carefully for first time ||| the grey volkswagen car is driven carefully on a street ||| power efficiency is an important factor of the car and this car is having high power efficiency ||| a new model car riding in the highways for making advertisement ||| a man in the background is describing how this grey car is different than other cars ||| a gray car is driving outside on a gray road
golf,5,video6731,video6731.mp4,https://www.youtube.com/watch?v=2IDZsVRwc6g,85.67,100.08,3,a animated man playing golf ||| a lot of people are watching golf ||| a man commenting on a video golf game ||| a man is playing a golf game ||| a man narrates gameplay on a golf game ||| a man p[laying golf ||| a man playing golf carefully ||| a man talking about his golf video game ||| a person hits a golf ball onto the green in a video game ||| a person is playing a golf video game ||| a person playing a golf game ||| a white boat on the thames river in london ||| an animated man is playing golf ||| man playing golf ||| person is playing golf ||| prson playing a golf video game ||| someone is playing a video game ||| someone is playing game ||| someone is playing golf in video game ||| an animated man is playing golf
golf,5,video1031,video1031.mp4,https://www.youtube.com/watch?v=t9FnRvUoA9w,162.84,177.68,9,there is a blue car is moving on the road ||| there is a man moving a car with control ||| a man in a 2015 volkswagen golf races on a track in real life but looks like a videogame ||| a blue car is seen cruising alone on a practice track in different angles ||| the car driver drives the luxury car in high speed on the race track ||| a first person pov of a man driving a race car and images of the road and tires of the car ||| a man is explaining how to drive a fast racing vehicle ||| a person driving the car on tracks to win the race ||| a man driving the car very fast in the car race ||| a man is driving a car fast in the road ||| a test car driver races a car around sharp turns on a race course ||| a driver rides the car at a very fast speed and made a drift to his left ||| a race car driver wears a helmet while driving on a track surrounded by sandy soldiers ||| man in black uniform is driving his blue car ||| man in blue uniform is driving his car very fast ||| person is driving his car crazy on the street ||| the racing car is gaining speed and the stearring is well adjusted for the direction of the car ||| a man drives a race car on a closed course while whipping around tight corners ||| the driver of a race car is driving the car fast on a track as his speed and the lap time for the track is displayed ||| a race car driver on a track driving fast in a blue car
golf,5,video9056,video9056.mp4,https://www.youtube.com/watch?v=x6nMQJTg2Fw,103.77,114.45,9,the inside of a maroon car is being demonstrated by a man in drivers seat ||| a man is driving a red color volkswagen car and he gets off from it ||| a man sits inside the car and shows its features and then gets off ||| the red sedan is driven by a man and he gets out of it ||| a british man driving a red car parks and upon switching the gear into reverse a rear camera pops out of the back of the car ||| tv show host showcases the premiere benefits of a car in which he is sitting in ||| the man in the tshirt drives the red car really fast ||| the driver of the car is telling the feature of the vehiciles ||| the men is telling the new wolks wagon car and their features ||| a man with grey t-shirt stopped his red car and explain about something ||| a men in a red car is explaining about the reverse camera ||| a man in a car is giving a review on a volkswagen car the car is red with what seems to be a leather interior ||| red car is parked from car man goes out after removng seat belt ||| a man pulls up in a red shirt and shows a camera hidden in his fuel door ||| this small red volkswagen is really easy to park especially with its rear view camera ||| person is talking and driving his new car volkswagen golf ||| a red color car moving on road inside person sitting with ash dress speaking on topic displaying on screen ||| a man saying a car is easy to park with an optional rear camera which hides under the vw logo ||| a man on the wheels talking about the easyness of parking and the camera coming out of the logo when reverse gear is on for volswegan polo ||| a person is sitting in to the car and speaking about something
golf,5,video9876,video9876.mp4,https://www.youtube.com/watch?v=Cy0thWiV-eA,264.48,277.07,3,a baseball player falls down and the other teammates laugh at him ||| a baseball player plays in the field ||| a few men joke about a hazing ritual ||| a group of guys playing around in a baseball field ||| a group of men are playing on the field ||| a group of people playing on a baseball field ||| a group of young men is having fun at a baseball stadium ||| a guy falling on the field ||| a man falls over and gets helped up by another man ||| a man is playing in th sand ||| a man on the ground laughing with friends on a baseball field laughing ||| baseball players are describing an event that took place during a game ||| guys having fun at baseball ground ||| guys talk about a sports experiment ||| men are lauging while playing golf ||| men are playing on a baseball field ||| men playing out on a baseball diamond ||| several men play around on a baseball field ||| the man laid out on the baseball field ||| two guys seems to be enjoying in sports field
