{
  "R@1": 0.22935779816513763,
  "R@5": 0.7155963302752294,
  "R@10": 0.8165137614678899,
  "MRR": 0.4306722689669618
}